residue_id,A:897,A:898,A:899,A:900,A:901,A:902,A:903,A:904,A:905,A:906,A:907,A:908,A:909,A:910,A:911,A:912,A:913,A:914,A:915,A:916,A:917,A:918,A:919,A:920,A:921,A:922,A:923,A:924,A:925,A:926,A:927,A:928,A:929,A:930,A:931,A:932,A:933,A:934,A:935,A:936,A:937,A:938,A:939,A:940,A:941,A:942,A:943,A:944,A:945,A:946,A:947,A:948,A:949,A:950,A:951,A:952,A:953,A:954,A:955,A:956,A:957,A:958,A:959,A:960,A:961,A:962,A:963,A:964,A:965,A:966,A:967,A:968,A:969,A:970,A:971,A:972,A:973,A:974,A:975,A:976,A:977,A:978,A:979,A:980,A:981,A:982,A:983,A:984,B:202,B:203,B:204,B:205,B:206,B:207,B:208,B:209,B:210,B:211,B:212,B:213,B:214,B:215,B:216,B:217,B:218,B:219,B:220,B:221,B:222,B:223,B:224,B:225,B:226,B:227,B:228,B:229,B:230,B:231,B:232,B:233,B:234,B:235,B:236,B:237,B:238,B:239,B:240,B:241,B:242,B:243,B:244,B:245,B:246,B:247,B:248,B:249,B:250,B:251,B:252,B:253,B:254,B:255,B:256,B:257,B:258,B:259,B:260,B:261,B:262,B:263,B:264,B:265,B:266,B:267,B:268,B:269,B:270,B:271,B:272,B:273,B:274,B:275,B:276,B:277,B:278,B:279,B:280,B:281,B:282,B:283,B:284
A:897,0,0.0400866565,0.02260863069,0.01465750735,0.01219159421,0.01935882774,0.009548613332,0.007012175669,0.006721767207,0.006695177352,0.004888034474,0.004685519224,0.003795336296,0.002689541257,0.002642128737,0.002127283433,0.001504642846,0.001115724794,0.00092967752,0.0006611729044,0.0003496055865,0.000334273076,0.0002334411599,8.058965218e-05,4.982142893e-05,5.048422261e-05,2.62298928e-05,7.101422338e-06,6.445103858e-06,4.536380794e-06,2.556825757e-06,7.927692105e-07,4.79118717e-07,1.393542136e-07,4.742265349e-07,2.796007199e-07,5.562014314e-08,8.503890719e-08,1.172199883e-06,4.416373376e-08,1.642416967e-07,9.297950946e-08,1.005807166e-06,7.083469091e-08,9.665492052e-08,9.865942513e-07,8.253640009e-08,5.885882451e-08,7.153192123e-08,3.876505554e-07,2.842220028e-08,1.929287992e-08,3.895224693e-08,1.323964742e-08,6.054912837e-09,2.719326666e-09,3.60035551e-09,5.642644414e-10,4.517181311e-10,2.735675892e-10,1.547034773e-10,4.253879529e-11,2.69924866e-11,3.090264672e-11,1.099225189e-11,3.007326601e-12,1.700575932e-12,1.138064034e-12,3.185422185e-13,1.396696367e-13,1.136611698e-13,3.763357326e-14,1.238073886e-14,6.005910553e-15,5.723937662e-15,9.993492806e-16,4.360582463e-16,3.188017545e-16,7.060613158e-17,2.889856153e-17,1.160736623e-17,5.07961828e-18,1.208106811e-18,6.095429946e-19,2.178690193e-19,9.008395479e-20,1.189696914e-20,6.431504746e-21,1.37901256e-14,2.729813187e-14,6.418736237e-14,1.802112102e-13,2.692929998e-13,5.367624001e-13,1.45245312e-12,4.784411006e-12,4.249437148e-12,1.079538122e-11,2.64644713e-11,1.098051719e-10,1.178507093e-10,1.603152354e-10,2.619796046e-10,2.608521467e-09,1.078298608e-08,2.698338882e-09,3.107118708e-09,1.99813403e-08,3.803639271e-08,6.729568499e-09,9.397000884e-09,5.075115594e-08,6.031508085e-09,6.78014015e-09,9.119451748e-09,5.981070382e-08,3.040006905e-09,2.468996627e-09,6.619928952e-09,3.865708915e-09,1.261259509e-09,6.504812481e-09,1.497544978e-08,2.355651621e-07,3.243646763e-07,8.454505918e-07,1.318119723e-05,1.219849643e-06,5.13070045e-07,5.995482374e-06,3.034786763e-06,9.019602418e-07,8.675637145e-07,2.030060832e-06,2.850582384e-07,2.458150008e-07,2.554125377e-07,1.82516807e-07,5.439475477e-08,2.915005331e-08,1.328187373e-08,6.303870442e-09,4.006299884e-09,1.124623346e-09,6.276342635e-10,3.157176635e-10,1.334465425e-10,5.097647579e-11,2.627798165e-11,1.077573396e-11,3.505591929e-12,1.900451627e-12,8.234573537e-13,2.906632113e-13,1.165582231e-13,5.418260685e-14,1.952005392e-14,9.996371734e-15,3.215604287e-15,1.312743251e-15,4.281251749e-16,1.864527978e-16,6.875421784e-17,2.337145227e-17,1.521922847e-17,3.592098925e-18,1.456064748e-18,3.998366166e-19,1.627968492e-19,8.895011867e-21,4.219746172e-21
A:898,0.0400866565,0,0.02477537271,0.01504284072,0.01075651003,0.01130418652,0.01563103717,0.006219474916,0.003757519428,0.00336075749,0.005233367539,0.002953048927,0.003017132467,0.002604129826,0.001885430629,0.001930942763,0.001681008102,0.001174813371,0.0008795219547,0.0008144384406,0.0004400649653,0.0004132611411,0.0003032422104,0.0001137428057,6.921046677e-05,7.364237648e-05,4.011173202e-05,1.088837329e-05,1.021497539e-05,7.470595417e-06,4.388240338e-06,1.359178981e-06,8.815271181e-07,2.651480643e-07,8.177887889e-07,4.970991505e-07,9.97219529e-08,1.548115337e-07,1.887447474e-06,7.813640704e-08,2.82230917e-07,1.601262857e-07,1.58852792e-06,1.201599335e-07,1.67197893e-07,1.508876056e-06,1.397651649e-07,1.042166567e-07,1.260201686e-07,6.470260835e-07,5.208332445e-08,3.579744728e-08,7.151830389e-08,2.402275565e-08,1.202139707e-08,5.361441611e-09,7.120191068e-09,1.150315064e-09,9.511106697e-10,5.745924034e-10,3.271477966e-10,9.390525518e-11,5.981980738e-11,6.672657455e-11,2.465988688e-11,6.938244084e-12,3.915294494e-12,2.609768866e-12,7.535281912e-13,3.352889136e-13,2.66340384e-13,9.063110501e-14,3.049877931e-14,1.485306695e-14,1.375007724e-14,2.515027611e-15,1.107282782e-15,7.958842436e-16,1.789591365e-16,7.514992509e-17,3.024649211e-17,1.324199302e-17,3.216983144e-18,1.638367799e-18,5.882283532e-19,2.457556023e-19,3.277845907e-20,1.766280104e-20,3.142721074e-14,6.129834463e-14,1.415936944e-13,3.923175152e-13,5.751590071e-13,1.114237328e-12,2.978481538e-12,9.81081869e-12,8.108310636e-12,2.023407621e-11,4.984718685e-11,2.114804572e-10,2.005095654e-10,2.692658757e-10,4.607019598e-10,4.750899047e-09,1.788197064e-08,5.149579297e-09,5.971508983e-09,3.72638875e-08,6.833524652e-08,1.306808103e-08,1.845322903e-08,9.01554677e-08,1.037303768e-08,1.298784316e-08,1.77269758e-08,1.104316745e-07,5.920317536e-09,4.695480479e-09,1.117863652e-08,7.463713833e-09,2.413662565e-09,1.21560694e-08,2.673799888e-08,4.227990901e-07,5.08344808e-07,1.396692752e-06,1.935586638e-05,2.039448965e-06,8.245475177e-07,9.350345042e-06,4.814172881e-06,1.583546371e-06,1.465650366e-06,3.39714233e-06,5.139238008e-07,4.532797209e-07,4.636322434e-07,3.314563051e-07,1.062774029e-07,5.653354522e-08,2.552243282e-08,1.239846576e-08,8.2245887e-09,2.270771e-09,1.292765219e-09,6.671742833e-10,2.838804579e-10,1.093085694e-10,5.752760081e-11,2.382911174e-11,7.751527848e-12,4.305295708e-12,1.887847213e-12,6.676365479e-13,2.719120151e-13,1.283652471e-13,4.652511376e-14,2.395526172e-14,7.857934759e-15,3.237424929e-15,1.059253117e-15,4.674751119e-16,1.748240675e-16,5.973290352e-17,3.913984435e-17,9.406456483e-18,3.851733316e-18,1.055457459e-18,4.342844794e-19,2.445352386e-20,1.153739014e-20
A:899,0.02260863069,0.02477537271,0,0.0191542932,0.01150474485,0.009887645427,0.01450972171,0.01664598758,0.00546888588,0.002272040623,0.001995500055,0.005445705306,0.00192672164,0.002005099146,0.002001354472,0.001448378575,0.001490090248,0.001342728677,0.0009430534118,0.0007503449348,0.0005364402087,0.000539250651,0.0003738259058,0.0001407060328,9.849476241e-05,0.000107422354,5.795782394e-05,1.618585396e-05,1.629041063e-05,1.203552603e-05,7.27168631e-06,2.317160949e-06,1.58022404e-06,4.978573635e-07,1.408829735e-06,8.717343997e-07,1.782534184e-07,2.805263006e-07,3.090806936e-06,1.35434006e-07,4.893982277e-07,2.693683733e-07,2.539253979e-06,2.01881521e-07,2.841046237e-07,2.346652782e-06,2.350664988e-07,1.798659288e-07,2.185450195e-07,1.075494309e-06,9.276227505e-08,6.465899203e-08,1.286772315e-07,4.2156341e-08,2.30018525e-08,1.025209097e-08,1.366967751e-08,2.252617986e-09,1.935679506e-09,1.175084004e-09,6.666209461e-10,2.021644794e-10,1.295905149e-10,1.377499193e-10,5.360114694e-11,1.566078987e-11,8.837130509e-12,5.871463404e-12,1.75253376e-12,7.987409441e-13,6.172570275e-13,2.178033313e-13,7.52698705e-14,3.706070112e-14,3.327527897e-14,6.422491917e-15,2.865644049e-15,2.031023479e-15,4.648382949e-16,2.017797549e-16,8.163679599e-17,3.595948029e-17,8.922824615e-18,4.615432993e-18,1.671793205e-18,7.097377288e-19,9.69152079e-20,5.217695794e-20,6.797581634e-14,1.309824377e-13,2.974042177e-13,8.102196342e-13,1.17538491e-12,2.224845849e-12,5.894034508e-12,1.933911877e-11,1.51605273e-11,3.720554412e-11,9.28678267e-11,3.98929604e-10,3.370162755e-10,4.551307245e-10,8.110472238e-10,8.573277416e-09,3.009067853e-08,9.12361067e-09,1.068132028e-08,6.6210626e-08,1.086464745e-07,2.296529732e-08,3.30934238e-08,1.463673159e-07,1.568747077e-08,2.247676471e-08,3.159981606e-08,1.81450938e-07,1.056161627e-08,8.253429302e-09,1.720700363e-08,1.3069673e-08,4.412462297e-09,2.104183914e-08,4.506921113e-08,6.901062538e-07,7.406310665e-07,2.11445918e-06,2.631014697e-05,3.064761413e-06,1.182052375e-06,1.338120246e-05,6.57428107e-06,2.482270909e-06,2.246122051e-06,5.205594684e-06,8.363575216e-07,7.571916723e-07,7.807553387e-07,5.658557181e-07,1.924293842e-07,1.019558905e-07,4.623828463e-08,2.322189684e-08,1.599387174e-08,4.328118663e-09,2.571773303e-09,1.364499241e-09,5.820350629e-10,2.282467197e-10,1.242210084e-10,5.19414313e-11,1.687229152e-11,9.756780417e-12,4.354036582e-12,1.533654911e-12,6.420829613e-13,3.107610097e-13,1.135404384e-13,5.839030887e-14,1.988275908e-14,8.301054937e-15,2.724516429e-15,1.22163898e-15,4.685676168e-16,1.611978706e-16,1.05746492e-16,2.617869468e-17,1.08815166e-17,2.976079081e-18,1.237321799e-18,7.218132795e-20,3.396848774e-20
A:900,0.01465750735,0.01504284072,0.0191542932,0,0.01586972551,0.01067060658,0.01018933518,0.01726784567,0.0183287645,0.005966158947,0.001952487363,0.001481053833,0.00609091767,0.001489497127,0.001482391079,0.00165638406,0.001214908315,0.001142647344,0.001086078511,0.0008121616237,0.0004477388085,0.0006527018259,0.0004796810592,0.0001562125072,0.0001177114868,0.0001519046412,8.073503555e-05,2.15264206e-05,2.408779153e-05,1.871077161e-05,1.145700826e-05,3.641659544e-06,2.713955215e-06,8.826473735e-07,2.293157376e-06,1.461141465e-06,3.045610079e-07,4.787499366e-07,4.830527193e-06,2.198459273e-07,7.330302101e-07,3.832317773e-07,3.304658495e-06,2.823745588e-07,4.069972538e-07,3.072622645e-06,3.39590609e-07,2.782213983e-07,3.386615417e-07,1.56508257e-06,1.462501731e-07,1.049427645e-07,2.083698468e-07,7.099481041e-08,4.065627168e-08,1.808605333e-08,2.588262631e-08,4.238820573e-09,3.742520349e-09,2.359080085e-09,1.367038319e-09,4.233238442e-10,2.753240275e-10,2.911627217e-10,1.194138262e-10,3.532136389e-11,2.018212671e-11,1.364835885e-11,4.156804355e-12,1.929781345e-12,1.48705838e-12,5.421107226e-13,1.899789078e-13,9.477467906e-14,8.425801865e-14,1.687711345e-14,7.610155165e-15,5.373711163e-15,1.246476751e-15,5.549364686e-16,2.254183966e-16,9.969181014e-17,2.519619415e-17,1.316644948e-17,4.792105027e-18,2.057624699e-18,2.850097549e-19,1.529300851e-19,1.468104233e-13,2.769551365e-13,6.099270834e-13,1.605140521e-12,2.286498379e-12,4.168308761e-12,1.087077059e-11,3.502572211e-11,2.550424814e-11,6.093010894e-11,1.572795424e-10,6.687761872e-10,4.527432807e-10,6.815438564e-10,1.352824955e-09,1.346933192e-08,4.110684006e-08,1.446184905e-08,1.733628757e-08,1.029444213e-07,1.470885924e-07,3.703805495e-08,5.381770411e-08,2.0771507e-07,2.097532694e-08,3.77445704e-08,5.315446915e-08,2.892393484e-07,1.88597373e-08,1.456802591e-08,2.428037657e-08,2.276667165e-08,7.947485655e-09,3.479452607e-08,6.976753467e-08,1.036887801e-06,8.713835394e-07,2.740991623e-06,2.686634886e-05,4.058571478e-06,1.430815213e-06,1.641430437e-05,7.872192896e-06,3.640123988e-06,3.144944308e-06,7.580278147e-06,1.287498948e-06,1.251966597e-06,1.28436326e-06,9.570729949e-07,3.507075721e-07,1.869253908e-07,8.469784643e-08,4.468002705e-08,3.208353136e-08,8.534128736e-09,5.295929517e-09,2.910726017e-09,1.246239218e-09,4.968268154e-10,2.80239144e-10,1.185928531e-10,3.848783931e-11,2.305543089e-11,1.048108784e-11,3.695348654e-12,1.57844318e-12,7.806920814e-13,2.877166776e-13,1.481461124e-13,5.184399402e-14,2.190056093e-14,7.214630083e-15,3.2664352e-15,1.278538836e-15,4.424759577e-16,2.915134552e-16,7.328172441e-17,3.084108092e-17,8.449728085e-18,3.530389429e-18,2.117081812e-19,9.898355827e-20
A:901,0.01219159421,0.01075651003,0.01150474485,0.01586972551,0,0.01351493904,0.009347728995,0.01010518963,0.01891645011,0.01777377432,0.005816269357,0.001777671717,0.001120704429,0.006120569676,0.001174091694,0.001069590031,0.001348280624,0.0009777406871,0.000833460645,0.0009022161606,0.0004552607687,0.0005397585369,0.0005618546539,0.0001844009943,0.0001232886717,0.0001792702236,0.000109993192,2.676609816e-05,3.166071711e-05,2.671116855e-05,1.746720184e-05,5.325403204e-06,4.464684222e-06,1.485105471e-06,3.374184181e-06,2.257596295e-06,4.721248073e-07,7.543533145e-07,6.451758123e-06,3.341131188e-07,1.032295073e-06,5.496434599e-07,4.211534689e-06,3.905289236e-07,5.85271101e-07,3.623954484e-06,4.705806196e-07,4.205628103e-07,5.019628323e-07,2.137514708e-06,2.277353832e-07,1.67818483e-07,3.28345823e-07,1.135657171e-07,7.161766201e-08,3.145834462e-08,4.659406684e-08,7.886075232e-09,7.14308868e-09,4.545267172e-09,2.694760746e-09,8.616362949e-10,5.633441042e-10,5.933797656e-10,2.536350371e-10,7.636595659e-11,4.373537982e-11,2.972557308e-11,9.319345436e-12,4.374115763e-12,3.319942033e-12,1.243557558e-12,4.439869709e-13,2.22258291e-13,1.931220819e-13,4.03871326e-14,1.834846605e-14,1.275972615e-14,3.008355964e-15,1.368271362e-15,5.564238511e-16,2.457383128e-16,6.353633848e-17,3.338080516e-17,1.217600947e-17,5.271279501e-18,7.322102067e-19,3.907972727e-19,3.15115485e-13,5.826417085e-13,1.251156766e-12,3.217195978e-12,4.449860893e-12,7.786066033e-12,1.992645529e-11,6.393858526e-11,4.149522392e-11,9.647410401e-11,2.534653113e-10,1.109788799e-09,6.148961248e-10,9.169825852e-10,2.094644877e-09,2.072805075e-08,5.596243451e-08,2.493649859e-08,3.035215655e-08,1.673295568e-07,2.409322627e-07,6.601187894e-08,9.621977811e-08,3.182640076e-07,3.197550152e-08,6.647494957e-08,9.368483167e-08,4.904861687e-07,3.40433396e-08,2.5305173e-08,3.574286499e-08,4.072114027e-08,1.416899658e-08,5.97331909e-08,1.137965442e-07,1.698353322e-06,1.150999072e-06,3.946682226e-06,3.359438141e-05,6.007379747e-06,1.959474035e-06,2.138859392e-05,1.092397739e-05,5.759734369e-06,4.599586846e-06,1.133990145e-05,2.104325087e-06,2.122286272e-06,2.119652702e-06,1.586780902e-06,6.396812453e-07,3.378850702e-07,1.504125609e-07,8.200747224e-08,6.211801264e-08,1.61874976e-08,1.024783028e-08,5.815791814e-09,2.510926584e-09,1.007617323e-09,5.808025096e-10,2.486831988e-10,8.07381105e-11,4.947853389e-11,2.275994458e-11,8.064955775e-12,3.490295327e-12,1.748939067e-12,6.484935509e-13,3.3686046e-13,1.195742637e-13,5.091162727e-14,1.683417022e-14,7.714727761e-15,3.051726587e-15,1.060878046e-15,7.05685551e-16,1.794103106e-16,7.615585265e-17,2.083814414e-17,8.789273856e-18,5.421194682e-19,2.512114533e-19
A:902,0.01935882774,0.01130418652,0.009887645427,0.01067060658,0.01351493904,0,0.01569494569,0.009503032877,0.009316042979,0.01712134178,0.01642320314,0.004892862487,0.001696018384,0.001280121102,0.005246178604,0.001189087237,0.001342631418,0.001434448356,0.0009692479774,0.001072537961,0.0007463216435,0.0008227040003,0.0006572220721,0.000290924845,0.0002009419697,0.0002688665096,0.0001636578919,4.476966349e-05,5.229389566e-05,4.355527771e-05,2.976961694e-05,9.4442919e-06,8.204372135e-06,2.87600538e-06,5.857094784e-06,4.028978893e-06,8.748543768e-07,1.415519751e-06,1.065394972e-05,6.05985898e-07,1.938447307e-06,1.028199259e-06,7.438179121e-06,7.20794722e-07,1.108963824e-06,6.336062832e-06,8.549030323e-07,7.847075935e-07,9.494608433e-07,3.80909371e-06,4.332117327e-07,3.270061119e-07,6.231002828e-07,2.032116766e-07,1.424841985e-07,6.299031549e-08,8.862323913e-08,1.598673897e-08,1.485106401e-08,9.26142891e-09,5.417319293e-09,1.868566377e-09,1.21552308e-09,1.209754772e-09,5.369565742e-10,1.702856122e-10,9.666937633e-11,6.462158764e-11,2.10871386e-11,1.011105817e-11,7.37103933e-12,2.852484636e-12,1.052112095e-12,5.293253311e-13,4.407629211e-13,9.788472681e-14,4.501961109e-14,3.055736051e-14,7.389212705e-15,3.453941096e-15,1.410932998e-15,6.261504595e-16,1.660302369e-16,8.823040877e-17,3.246307371e-17,1.428107628e-17,2.018949865e-18,1.076524165e-18,6.899179939e-13,1.267753987e-12,2.684093841e-12,6.763924281e-12,9.326754297e-12,1.61353408e-11,4.062579236e-11,1.289139167e-10,8.242614027e-11,1.864617166e-10,4.86080905e-10,2.151547286e-09,1.113804118e-09,1.610686702e-09,3.814188885e-09,3.899366466e-08,1.001080935e-07,4.726224589e-08,5.807795367e-08,3.123773304e-07,4.294124821e-07,1.255645923e-07,1.86967091e-07,5.744036177e-07,6.070802607e-08,1.215800489e-07,1.768358588e-07,8.387544328e-07,6.311287762e-08,4.571071053e-08,6.476277556e-08,7.475544629e-08,2.688261259e-08,1.060780511e-07,2.070105168e-07,2.932016331e-06,1.998684292e-06,6.768360958e-06,5.501565841e-05,1.02359621e-05,3.397557966e-06,3.543929749e-05,1.82702201e-05,9.86393376e-06,7.757119175e-06,1.815421801e-05,3.82150784e-06,3.684920316e-06,3.64836401e-06,2.734443133e-06,1.177320098e-06,6.085453606e-07,2.720013578e-07,1.523081441e-07,1.18687232e-07,3.020138478e-08,1.992205414e-08,1.151470343e-08,4.953976739e-09,2.034340492e-09,1.199779656e-09,5.155426015e-10,1.671948947e-10,1.065131783e-10,4.949972642e-11,1.743146549e-11,7.77409447e-12,3.970904369e-12,1.479163295e-12,7.693569137e-13,2.827025554e-13,1.215524922e-13,4.028550094e-14,1.884086038e-14,7.600543253e-15,2.656381539e-15,1.771822093e-15,4.655057807e-16,2.000435009e-16,5.436975136e-17,2.329976922e-17,1.491558827e-18,6.892144668e-19
A:903,0.009548613332,0.01563103717,0.01450972171,0.01018933518,0.009347728995,0.01569494569,0,0.01775793551,0.009562106637,0.008746160346,0.01695396209,0.01526482351,0.004464369579,0.001950801457,0.00150251067,0.004681453723,0.001332857414,0.001497786308,0.00143437668,0.001037455094,0.0008399685284,0.001258944528,0.0009157587373,0.0002938631093,0.0002974884055,0.0004070164116,0.0002263320318,6.304391198e-05,8.333931324e-05,6.80286496e-05,4.669235035e-05,1.54283073e-05,1.415504695e-05,5.240397312e-06,9.750206788e-06,6.864361885e-06,1.586195773e-06,2.541914399e-06,1.750068682e-05,1.034015539e-06,3.24963561e-06,1.632346432e-06,1.097348211e-05,1.128496394e-06,1.80234448e-06,9.702096453e-06,1.380323884e-06,1.287958806e-06,1.58232348e-06,5.837539252e-06,7.139320759e-07,5.607236287e-07,1.027913207e-06,3.429120361e-07,2.530670898e-07,1.129745979e-07,1.646981754e-07,3.005225951e-08,2.855950777e-08,1.837645291e-08,1.073573812e-08,3.906368927e-09,2.564100566e-09,2.447389186e-09,1.152441838e-09,3.789688049e-10,2.172226572e-10,1.466040686e-10,4.904654638e-11,2.422084156e-11,1.739729403e-11,7.007783189e-12,2.641866003e-12,1.354143147e-12,1.107917636e-12,2.577909959e-13,1.203725121e-13,8.124410966e-14,2.007453856e-14,9.651724274e-15,3.973029615e-15,1.783009432e-15,4.820165158e-16,2.598264118e-16,9.658103794e-17,4.327602904e-17,6.285595072e-18,3.352694004e-18,1.415926765e-12,2.573828213e-12,5.336927126e-12,1.290646976e-11,1.781240325e-11,3.05030868e-11,7.630312025e-11,2.330286876e-10,1.501438831e-10,3.330756276e-10,9.07275732e-10,3.77147281e-09,1.565317932e-09,2.927765525e-09,7.489407086e-09,6.675398303e-08,1.502943334e-07,7.710287033e-08,9.798407229e-08,4.960718178e-07,5.717483559e-07,1.993104423e-07,3.009344107e-07,7.765811167e-07,8.453834041e-08,1.935003309e-07,2.846041141e-07,1.185044644e-06,1.079104723e-07,7.793691206e-08,9.847916273e-08,1.227075111e-07,5.193403697e-08,1.811117464e-07,3.634543633e-07,4.479310962e-06,2.967481512e-06,9.469978079e-06,6.554455931e-05,1.377256744e-05,4.231155812e-06,4.211242086e-05,1.950578708e-05,1.3452531e-05,1.006706098e-05,2.410904193e-05,5.612201648e-06,5.572115326e-06,5.568732877e-06,4.388616952e-06,2.000738335e-06,1.034593252e-06,4.731499028e-07,2.823300835e-07,2.24698901e-07,5.580709582e-08,3.989190408e-08,2.372453466e-08,1.012078263e-08,4.312716022e-09,2.660861035e-09,1.149425637e-09,3.718947575e-10,2.504607826e-10,1.187225651e-10,4.140354753e-11,1.918447227e-11,1.008535865e-11,3.78793957e-12,1.955581213e-12,7.542918547e-13,3.287449049e-13,1.09246562e-13,5.186318092e-14,2.155309255e-14,7.582531617e-15,5.045126147e-15,1.368403189e-15,5.973217476e-16,1.62096456e-16,7.002404737e-17,4.633257805e-18,2.136457393e-18
A:904,0.007012175669,0.006219474916,0.01664598758,0.01726784567,0.01010518963,0.009503032877,0.01775793551,0,0.01840098281,0.009419820135,0.008588332821,0.01684804377,0.0145233609,0.004292392376,0.002141018412,0.001611842825,0.00435589232,0.001401546799,0.001529532133,0.001576915174,0.0007420125359,0.001414295446,0.001335987406,0.0003690225874,0.0002920509759,0.000556911036,0.0003257620308,7.97106141e-05,0.0001112727268,0.0001027957931,7.176056481e-05,2.225205816e-05,2.377682058e-05,8.935620743e-06,1.453971058e-05,1.104791432e-05,2.658488559e-06,4.168069789e-06,2.529301548e-05,1.661856663e-06,4.187671278e-06,2.07446952e-06,1.131052042e-05,1.327577219e-06,2.29105092e-06,1.017011626e-05,1.715883398e-06,1.866293478e-06,2.252380939e-06,7.217948198e-06,1.017227596e-06,8.580654737e-07,1.503970582e-06,5.708096354e-07,4.260668672e-07,1.898225558e-07,3.083041604e-07,5.678825728e-08,5.367609884e-08,3.642679066e-08,2.226534556e-08,8.065813407e-09,5.358476753e-09,5.309727585e-09,2.595314521e-09,8.496503678e-10,4.94768333e-10,3.423623043e-10,1.161209779e-10,5.778798672e-11,4.186616106e-11,1.727387404e-11,6.554621119e-12,3.385352342e-12,2.765828705e-12,6.608323568e-13,3.10362422e-13,2.084640067e-13,5.241260203e-14,2.54877817e-14,1.05085736e-14,4.71651694e-15,1.302305275e-15,7.025274071e-16,2.611975768e-16,1.178767511e-16,1.71103896e-17,9.071896601e-18,3.292775831e-12,5.83350669e-12,1.165293551e-11,2.673172921e-11,3.584574741e-11,5.852252628e-11,1.433805915e-10,4.190530998e-10,2.460901259e-10,5.228262371e-10,1.528598939e-09,5.943962928e-09,1.573484304e-09,4.329368948e-09,1.366077848e-08,9.481256383e-08,1.639187892e-07,1.227299151e-07,1.624808039e-07,7.093135807e-07,7.841675349e-07,3.348536115e-07,4.92152704e-07,1.034652143e-06,1.20651834e-07,3.51928126e-07,4.888763902e-07,2.054499151e-06,2.107062872e-07,1.51180736e-07,1.549056989e-07,2.358993614e-07,1.050824373e-07,3.318126844e-07,6.150034083e-07,7.355661021e-06,3.433599404e-06,1.232411241e-05,6.440790584e-05,1.890073536e-05,5.023025269e-06,4.955744548e-05,2.613914546e-05,2.129487861e-05,1.426770238e-05,3.61768193e-05,9.288303735e-06,9.964592227e-06,9.381195495e-06,7.632732546e-06,3.844148009e-06,1.988646725e-06,8.961406077e-07,5.664969702e-07,4.656144074e-07,1.140200832e-07,8.432523716e-08,5.167217835e-08,2.201300807e-08,9.543912505e-09,6.024979527e-09,2.620969467e-09,8.491167471e-10,5.856387848e-10,2.805063962e-10,9.833251719e-11,4.615415483e-11,2.451321071e-11,9.258542643e-12,4.81849724e-12,1.880586479e-12,8.246413583e-13,2.751456965e-13,1.317121663e-13,5.521135324e-14,1.949676488e-14,1.310561866e-14,3.569734265e-15,1.569898887e-15,4.261852501e-16,1.85212241e-16,1.255526111e-17,5.724418687e-18
A:905,0.006721767207,0.003757519428,0.00546888588,0.0183287645,0.01891645011,0.009316042979,0.009562106637,0.01840098281,0,0.01785980954,0.009403487827,0.008384362141,0.01664818507,0.01428858377,0.00429098813,0.002130391271,0.001675741352,0.004370753705,0.001380456248,0.001688230057,0.001079918344,0.001246459854,0.001532217476,0.0005475996703,0.0003655507617,0.0006098668341,0.0004720215856,0.0001102345889,0.0001488256123,0.0001426105857,0.0001132955413,3.364717423e-05,3.973286723e-05,1.542589168e-05,2.087667421e-05,1.674289387e-05,4.121974885e-06,6.639907319e-06,3.18690092e-05,2.574873234e-06,6.640123706e-06,3.5299952e-06,1.780224732e-05,2.15526295e-06,3.930944152e-06,1.390910765e-05,2.624670633e-06,3.066621917e-06,3.65793256e-06,1.074855324e-05,1.708540358e-06,1.498345459e-06,2.536150191e-06,8.984277752e-07,7.737773048e-07,3.456322031e-07,5.248660026e-07,1.069886455e-07,1.026734075e-07,6.742381959e-08,4.12463594e-08,1.608162601e-08,1.057191942e-08,1.0104471e-08,5.088655908e-09,1.746101083e-09,1.004115393e-09,6.818100181e-10,2.422781381e-10,1.219451022e-10,8.490062038e-11,3.600364874e-11,1.412183898e-11,7.272647481e-12,5.680334708e-12,1.44264219e-12,6.836056778e-13,4.453266962e-13,1.152816993e-13,5.720694826e-14,2.363179492e-14,1.059870738e-14,3.016345292e-15,1.635157707e-15,6.106742599e-16,2.788098015e-16,4.059767645e-17,2.142761928e-17,6.902689769e-12,1.211459092e-11,2.379330968e-11,5.33866538e-11,7.03063287e-11,1.125823113e-10,2.677070214e-10,7.766831557e-10,4.26637941e-10,8.732743315e-10,2.483276375e-09,1.01459102e-08,2.761418888e-09,6.005013314e-09,2.144052395e-08,1.539252269e-07,2.688221818e-07,2.24781729e-07,3.000236447e-07,1.224757529e-06,1.455040591e-06,6.283573781e-07,9.403687736e-07,1.778581503e-06,2.387735962e-07,6.060208239e-07,8.714780292e-07,3.261021602e-06,3.592737574e-07,2.422048405e-07,2.546957734e-07,4.010070764e-07,1.759374929e-07,5.283988291e-07,1.024479291e-06,1.174817152e-05,5.805052823e-06,1.99452773e-05,0.0001017149205,3.113292823e-05,8.749189111e-06,7.568590323e-05,4.410954753e-05,3.444939512e-05,2.200027963e-05,5.590388884e-05,1.616145103e-05,1.622953054e-05,1.52135348e-05,1.22954301e-05,6.64366704e-06,3.345002944e-06,1.50281042e-06,9.632320177e-07,8.236302269e-07,1.973670965e-07,1.492871612e-07,9.300601029e-08,3.974433685e-08,1.75450148e-08,1.118176939e-08,4.887805219e-09,1.590166255e-09,1.125278032e-09,5.414381833e-10,1.900265523e-10,9.13343893e-11,4.894592017e-11,1.855097422e-11,9.768864103e-12,3.885681498e-12,1.71369739e-12,5.739617879e-13,2.808139129e-13,1.186952855e-13,4.208776632e-14,2.8604921e-14,7.975784026e-15,3.536954068e-15,9.521450962e-16,4.217731747e-16,2.967700694e-17,1.3420219e-17
A:906,0.006695177352,0.00336075749,0.002272040623,0.005966158947,0.01777377432,0.01712134178,0.008746160346,0.009419820135,0.01785980954,0,0.01736000127,0.009380290844,0.008342563625,0.01655559526,0.01471753386,0.0044124639,0.002031725439,0.001549510456,0.004561674856,0.001441565069,0.001129454126,0.00179271867,0.001316951982,0.0006014670517,0.0005436627396,0.000829276663,0.0005076785258,0.0001582027264,0.0002256965812,0.000199253597,0.0001589718479,5.400867144e-05,6.347285258e-05,2.693515796e-05,3.28332462e-05,2.652154689e-05,6.95288237e-06,1.125240878e-05,4.967436715e-05,3.998383904e-06,1.138167648e-05,5.558066514e-06,2.669533506e-05,3.406935902e-06,6.417284836e-06,2.33010158e-05,4.200891558e-06,4.917704688e-06,6.242028376e-06,1.755544404e-05,2.850212973e-06,2.583003209e-06,4.273211963e-06,1.358177526e-06,1.340497279e-06,6.116111366e-07,8.740096002e-07,1.885208687e-07,1.894239415e-07,1.228701902e-07,7.246864508e-08,3.16706303e-08,2.082287894e-08,1.80669617e-08,9.68636045e-09,3.589826279e-09,2.055340778e-09,1.372783922e-09,5.107575232e-10,2.674349811e-10,1.775460307e-10,7.898372449e-11,3.229560458e-11,1.691776126e-11,1.259901202e-11,3.443083643e-12,1.664845918e-12,1.062077187e-12,2.834001915e-13,1.46056475e-13,6.091839734e-14,2.770673937e-14,8.071745138e-15,4.464232975e-15,1.693371137e-15,7.918340622e-16,1.195618192e-16,6.327574646e-17,1.276543052e-11,2.228830819e-11,4.293760195e-11,9.238337181e-11,1.232119073e-10,1.979009688e-10,4.616856136e-10,1.286008819e-09,7.543727469e-10,1.47964176e-09,4.181597507e-09,1.643068548e-08,3.690893525e-09,9.612766463e-09,3.386028613e-08,2.462998827e-07,3.964842817e-07,3.243330778e-07,4.459234351e-07,1.814955453e-06,1.695713775e-06,9.056648729e-07,1.420143736e-06,2.449578962e-06,3.654004401e-07,8.453580514e-07,1.303183864e-06,3.957109796e-06,5.293769995e-07,3.506649147e-07,3.701292488e-07,5.691147892e-07,2.772324911e-07,7.086457896e-07,1.456399835e-06,1.436973041e-05,7.721232233e-06,2.426731491e-05,0.0001039556852,3.677253477e-05,1.116439927e-05,9.147696328e-05,4.925871157e-05,4.214230598e-05,2.774939437e-05,6.378959814e-05,2.267819113e-05,2.132557548e-05,2.037641684e-05,1.68229028e-05,9.933348624e-06,4.86647973e-06,2.245109777e-06,1.520463298e-06,1.35193511e-06,3.094751667e-07,2.578115428e-07,1.651340232e-07,6.987738012e-08,3.229258521e-08,2.158099088e-08,9.470467823e-09,3.065463033e-09,2.33223424e-09,1.144400257e-09,3.94324581e-10,2.000575796e-10,1.110697179e-10,4.239704935e-11,2.207943407e-11,9.378281375e-12,4.201796903e-12,1.408791169e-12,7.065855291e-13,3.097664774e-13,1.106324436e-13,7.471321838e-14,2.191597759e-14,9.898635276e-15,2.645762984e-15,1.190160462e-15,8.728206397e-17,3.953525885e-17
A:907,0.004888034474,0.005233367539,0.001995500055,0.001952487363,0.005816269357,0.01642320314,0.01695396209,0.008588332821,0.009403487827,0.01736000127,0,0.01755010786,0.009477475434,0.008320906632,0.01626227575,0.01504791289,0.004378749097,0.001966921254,0.001525044739,0.004653157327,0.001079746506,0.001933207269,0.00194914036,0.0004884784464,0.0005765933622,0.001061141218,0.000619772517,0.0001600051391,0.0002928298903,0.0002686301546,0.0002122559571,6.951331043e-05,9.520392716e-05,4.206781365e-05,4.509450008e-05,3.843624902e-05,1.094351993e-05,1.718236668e-05,6.77472016e-05,5.802768021e-06,1.418379005e-05,6.555262117e-06,2.625376191e-05,3.796314073e-06,7.906105512e-06,2.48400994e-05,5.24053034e-06,6.353151689e-06,7.941919258e-06,1.89187116e-05,3.648675607e-06,3.55421511e-06,5.285164651e-06,2.030003789e-06,2.00966767e-06,9.068713915e-07,1.540519751e-06,3.186732777e-07,3.244478882e-07,2.301826508e-07,1.411592942e-07,6.188135907e-08,4.166992312e-08,3.684470686e-08,2.110782224e-08,7.813874655e-09,4.607093195e-09,3.20778141e-09,1.197210112e-09,6.425634507e-10,4.349424397e-10,2.00586235e-10,8.229517134e-11,4.411513065e-11,3.323191432e-11,9.290466014e-12,4.545406726e-12,2.922821542e-12,7.933626561e-13,4.160849141e-13,1.746043422e-13,8.01739216e-14,2.373297521e-14,1.322636258e-14,5.045265451e-15,2.392933282e-15,3.675869722e-16,1.940984997e-16,2.40367172e-11,4.094155709e-11,7.639432572e-11,1.518372686e-10,1.993259795e-10,3.160240294e-10,7.468881722e-10,1.883753417e-09,1.151444041e-09,2.248540579e-09,7.27093255e-09,2.276553227e-08,2.810631663e-09,1.826498701e-08,7.167712257e-08,3.364877156e-07,3.856986545e-07,4.654205663e-07,6.940902798e-07,2.323500078e-06,1.929500778e-06,1.292603902e-06,1.98190022e-06,2.294072264e-06,3.73601741e-07,1.299337474e-06,1.857039015e-06,5.544796322e-06,9.1844091e-07,6.047727673e-07,4.926666886e-07,9.164494872e-07,5.906039455e-07,1.341626204e-06,2.734063751e-06,2.326407745e-05,1.026103384e-05,2.972715431e-05,0.000108877251,4.374857608e-05,1.016258778e-05,7.653685873e-05,3.626224642e-05,5.133400147e-05,2.736647462e-05,7.058531449e-05,2.752505592e-05,3.115256216e-05,2.794013951e-05,2.535873231e-05,1.662794186e-05,8.315604451e-06,3.834870416e-06,2.896211561e-06,2.643673196e-06,5.88274798e-07,5.372982234e-07,3.581347859e-07,1.497937654e-07,7.186354926e-08,5.048800327e-08,2.228276156e-08,7.187568973e-09,5.755715522e-09,2.880677594e-09,9.87841214e-10,5.161795101e-10,2.93417904e-10,1.129107618e-10,5.847386983e-11,2.577243393e-11,1.166990855e-11,3.92474553e-12,1.982635919e-12,8.902570854e-13,3.195692502e-13,2.160117814e-13,6.43544039e-14,2.943408526e-14,7.88704194e-15,3.554436877e-15,2.672690919e-16,1.201904187e-16
A:908,0.004685519224,0.002953048927,0.005445705306,0.001481053833,0.001777671717,0.004892862487,0.01526482351,0.01684804377,0.008384362141,0.009380290844,0.01755010786,0,0.01778169032,0.009545086411,0.008290596474,0.01629418841,0.01526871913,0.004414647563,0.001990622554,0.001718930786,0.003755700222,0.001757513398,0.002086377571,0.000745371782,0.0004733525509,0.001142229401,0.000848386922,0.0001908121958,0.0002899846276,0.0003591497141,0.0003038135077,8.483594507e-05,0.0001478345708,6.493922082e-05,5.451736832e-05,5.446237607e-05,1.581337421e-05,2.474526699e-05,8.099685038e-05,8.782961775e-06,1.447976769e-05,7.689853728e-06,3.258913217e-05,3.966890028e-06,8.89177741e-06,1.84718488e-05,5.108981224e-06,8.518810324e-06,9.575409638e-06,1.928467435e-05,4.591694272e-06,5.04142134e-06,7.079046161e-06,3.071538897e-06,3.233516439e-06,1.436927181e-06,2.58019817e-06,5.874090409e-07,5.794444001e-07,4.175645255e-07,2.722084982e-07,1.193470025e-07,8.008759152e-08,7.439317477e-08,4.347372553e-08,1.610372945e-08,9.489206992e-09,6.64474149e-09,2.56702182e-09,1.368105568e-09,9.157110235e-10,4.3049861e-10,1.795056028e-10,9.538598754e-11,7.024909824e-11,2.049544522e-11,1.004250869e-11,6.299996582e-12,1.756498401e-12,9.278317841e-13,3.882425035e-13,1.765878965e-13,5.403888256e-14,2.993778452e-14,1.136471226e-14,5.404165009e-15,8.139565425e-16,4.248386013e-16,6.305492141e-11,1.04736091e-10,1.891728552e-10,3.627513717e-10,4.509967888e-10,6.587581859e-10,1.515112822e-09,3.767589101e-09,1.78900854e-09,3.257452202e-09,1.172505435e-08,3.666165334e-08,1.08959242e-08,2.45645822e-08,1.250720037e-07,4.491890403e-07,7.727231843e-07,8.173696262e-07,1.223539268e-06,3.551930329e-06,3.995630589e-06,2.452590697e-06,3.539443854e-06,3.657429687e-06,5.922297524e-07,2.558952713e-06,3.34764423e-06,1.120226864e-05,1.821332279e-06,1.193867389e-06,8.471853955e-07,1.887079599e-06,1.194747116e-06,2.619052526e-06,4.651440137e-06,4.425943171e-05,1.163459349e-05,4.533612653e-05,0.0002945417015,7.135522676e-05,1.399384039e-05,0.000130215171,8.533732353e-05,9.887720255e-05,4.652303408e-05,0.0001195769562,5.278819007e-05,5.987742048e-05,4.74653198e-05,4.220615966e-05,3.167286875e-05,1.537269272e-05,6.758225042e-06,5.286428591e-06,5.012423843e-06,1.099907357e-06,1.00179815e-06,6.818503193e-07,2.847884136e-07,1.38365519e-07,9.703545631e-08,4.294714721e-08,1.393863569e-08,1.125172516e-08,5.626851738e-09,1.954356324e-09,1.027316502e-09,5.82107192e-10,2.244594263e-10,1.191797856e-10,5.209324101e-11,2.36149877e-11,7.983624303e-12,4.096219687e-12,1.82807351e-12,6.577199391e-13,4.551379281e-13,1.352125856e-13,6.205462426e-14,1.655028757e-14,7.57079982e-15,5.877975504e-16,2.591969478e-16
A:909,0.003795336296,0.003017132467,0.00192672164,0.00609091767,0.001120704429,0.001696018384,0.004464369579,0.0145233609,0.01664818507,0.008342563625,0.009477475434,0.01778169032,0,0.01773448825,0.009503008232,0.00825572951,0.01573866238,0.01545817432,0.004641460009,0.002110615554,0.00128016008,0.004691667031,0.001898000713,0.0008407475336,0.0007633346228,0.00127175524,0.001049616842,0.000265312941,0.0004350327975,0.000421105179,0.0004409913243,0.0001334682801,0.0002256192506,0.0001077723996,7.811050681e-05,7.303913712e-05,2.248261466e-05,3.725643732e-05,0.0001114091134,1.149950474e-05,2.933839702e-05,1.406362954e-05,5.083943717e-05,7.150770123e-06,1.738218791e-05,3.719759145e-05,8.468637314e-06,1.347845181e-05,1.69606678e-05,3.519519391e-05,7.863640646e-06,8.911967235e-06,1.260979445e-05,3.90837653e-06,5.354763866e-06,2.526712861e-06,3.537628803e-06,9.607554691e-07,9.943192479e-07,6.568533644e-07,3.996379151e-07,2.116223095e-07,1.38919373e-07,1.118925067e-07,6.875211624e-08,2.882811696e-08,1.650435194e-08,1.09327464e-08,4.595219585e-09,2.54053424e-09,1.559856883e-09,7.696829877e-10,3.437863487e-10,1.833985139e-10,1.236886134e-10,4.022158058e-11,2.015283381e-11,1.205189306e-11,3.521057588e-12,1.937907889e-12,8.186643446e-13,3.763834934e-13,1.193904225e-13,6.748081752e-14,2.606817067e-14,1.271834623e-14,1.977425656e-15,1.033782716e-15,1.055354079e-10,1.761491025e-10,3.125603175e-10,5.763954165e-10,7.343685113e-10,1.105712823e-09,2.361370976e-09,5.688179485e-09,3.074040378e-09,5.221038764e-09,1.533444124e-08,5.327544899e-08,1.241749497e-08,2.989086249e-08,1.368442021e-07,6.551638155e-07,1.062257342e-06,1.035909252e-06,1.607684957e-06,4.636158649e-06,3.499441774e-06,3.182237733e-06,5.098754684e-06,4.861073466e-06,1.233182629e-06,2.715992871e-06,4.334260362e-06,8.213353101e-06,1.954905415e-06,1.146724839e-06,9.415458266e-07,1.934819523e-06,1.155838725e-06,2.005145189e-06,4.590678798e-06,3.187368902e-05,1.893423119e-05,4.196929318e-05,0.0001098039936,6.807074911e-05,2.172360826e-05,0.0001257741,8.190634634e-05,8.700367558e-05,4.697150464e-05,0.0001283189807,6.601479476e-05,5.909778109e-05,5.648135572e-05,5.175934227e-05,3.796069676e-05,1.780678126e-05,8.547516887e-06,6.641612738e-06,6.509524888e-06,1.381063247e-06,1.376665527e-06,9.42178071e-07,3.924072145e-07,2.024366294e-07,1.456248566e-07,6.450009978e-08,2.108845992e-08,1.82668093e-08,9.228722283e-09,3.146943298e-09,1.770470414e-09,1.031526621e-09,3.996123458e-10,2.122350895e-10,9.915509234e-11,4.553163898e-11,1.542636682e-11,8.24624876e-12,3.792517645e-12,1.373631907e-12,9.506332739e-13,3.012815981e-13,1.406616081e-13,3.687922395e-14,1.739337359e-14,1.425383124e-15,6.290388392e-16
A:910,0.002689541257,0.002604129826,0.002005099146,0.001489497127,0.006120569676,0.001280121102,0.001950801457,0.004292392376,0.01428858377,0.01655559526,0.008320906632,0.009545086411,0.01773448825,0,0.01761196215,0.009438898163,0.008117333626,0.01589257646,0.01530393647,0.004635065941,0.001917500398,0.002014217019,0.004892071602,0.0008227672208,0.0008598021437,0.001617896147,0.001005828066,0.00032674491,0.0006061791584,0.0005582536658,0.0005052524341,0.0001888840063,0.0003133942938,0.0001655948511,0.0001071227871,0.0001042860659,3.526406068e-05,5.462910472e-05,0.0001411432588,1.503085024e-05,3.59015591e-05,1.569795774e-05,3.92491166e-05,7.740523784e-06,2.071889096e-05,5.136078212e-05,1.066559907e-05,1.654573654e-05,2.410546938e-05,4.453313345e-05,1.057061586e-05,1.254562734e-05,1.628579936e-05,5.334903689e-06,7.582498309e-06,3.680243071e-06,5.759069958e-06,1.458135408e-06,1.599088779e-06,1.138731677e-06,6.770717701e-07,3.87692509e-07,2.614757858e-07,1.987164017e-07,1.332329963e-07,5.847943766e-08,3.449628631e-08,2.355046062e-08,9.954024043e-09,5.797663543e-09,3.560496133e-09,1.848306599e-09,8.387950184e-10,4.645932449e-10,3.133516348e-10,1.055541823e-10,5.403581163e-11,3.262527729e-11,9.734592612e-12,5.513718765e-12,2.358283013e-12,1.108504989e-12,3.549319313e-13,2.043536449e-13,8.017109951e-14,4.007564235e-14,6.498400971e-15,3.413500036e-15,1.622768438e-10,2.652875268e-10,4.531724128e-10,7.471734654e-10,9.740271054e-10,1.518066462e-09,3.266335534e-09,6.608877563e-09,4.982415169e-09,8.337938755e-09,2.529142025e-08,5.974585904e-08,1.252289762e-08,5.619623225e-08,2.197409378e-07,7.432282572e-07,6.872794086e-07,1.012609281e-06,1.756372876e-06,4.429234283e-06,2.039804042e-06,3.286904126e-06,5.433025561e-06,4.551509076e-06,1.48040132e-06,3.162264012e-06,5.118188088e-06,8.234550834e-06,2.734574658e-06,1.701126603e-06,1.239267465e-06,2.435284197e-06,2.039646342e-06,2.688730275e-06,6.282475722e-06,3.270233809e-05,2.084877358e-05,3.778954286e-05,0.0001097514123,5.550629955e-05,2.300898628e-05,0.0001168527832,7.290305932e-05,7.81986184e-05,4.728743413e-05,0.0001094930602,7.242289899e-05,6.654128032e-05,6.175692429e-05,6.106353895e-05,5.37812138e-05,2.467121403e-05,1.203290413e-05,1.071652773e-05,1.122628871e-05,2.179178962e-06,2.565340124e-06,1.851168581e-06,7.594703225e-07,4.131111846e-07,3.214450395e-07,1.434822551e-07,4.623747732e-08,4.380572543e-08,2.27985738e-08,7.593940861e-09,4.519259969e-09,2.746709617e-09,1.074723179e-09,5.555470428e-10,2.798068457e-10,1.30663871e-10,4.427692393e-11,2.391847248e-11,1.148842729e-11,4.189926858e-12,2.856409545e-12,9.42371969e-13,4.481352556e-13,1.175975067e-13,5.554227718e-14,4.674670012e-15,2.067809385e-15
A:911,0.002642128737,0.001885430629,0.002001354472,0.001482391079,0.001174091694,0.005246178604,0.00150251067,0.002141018412,0.00429098813,0.01471753386,0.01626227575,0.008290596474,0.009503008232,0.01761196215,0,0.01733236797,0.009700651074,0.008287900879,0.01698942396,0.01611020935,0.003795546528,0.002235907988,0.002333390816,0.002295001685,0.0007690343269,0.001446485491,0.001150302753,0.0002630176938,0.0005412011225,0.0006177165819,0.0006070375343,0.0001631255009,0.000414384221,0.0002177164946,0.0001081847054,0.0001206205541,4.559398344e-05,6.817341413e-05,0.0001350422788,1.997825429e-05,2.94102516e-05,1.543249927e-05,4.205881273e-05,6.657597391e-06,2.083330307e-05,3.579335483e-05,1.067196066e-05,1.815756706e-05,2.094923062e-05,2.982664898e-05,1.028348685e-05,1.400748799e-05,1.377996999e-05,7.456691348e-06,1.024177589e-05,4.461434256e-06,9.77307793e-06,2.409829486e-06,2.547893516e-06,2.048711961e-06,1.380068857e-06,7.206811613e-07,4.986984746e-07,4.296824122e-07,3.007231431e-07,1.242457007e-07,7.580743432e-08,5.493519013e-08,2.305506849e-08,1.337386696e-08,8.569779988e-09,4.541100116e-09,2.031003099e-09,1.13438292e-09,7.869328237e-10,2.662363177e-10,1.363999816e-10,8.278749562e-11,2.515237813e-11,1.423626851e-11,6.08182593e-12,2.850539448e-12,9.342488898e-13,5.341608984e-13,2.083631714e-13,1.046402314e-13,1.678359978e-14,8.730748048e-15,2.970223875e-10,4.613056536e-10,7.591663759e-10,1.10176237e-09,1.307710881e-09,2.003290528e-09,4.693945451e-09,7.516754714e-09,7.227193832e-09,1.30350507e-08,4.888382486e-08,5.969327922e-08,7.418220805e-08,1.451222814e-07,6.341778422e-07,7.847287148e-07,1.017827742e-06,2.078806523e-06,3.938487141e-06,7.038578241e-06,1.044883081e-05,7.022614092e-06,1.027027487e-05,6.651198749e-06,1.475871934e-06,7.445283127e-06,9.117814554e-06,2.898498695e-05,6.403151577e-06,3.592484229e-06,1.95634585e-06,5.393649239e-06,5.841698906e-06,8.87060896e-06,1.905048812e-05,0.0001185070874,3.765541558e-05,9.046023877e-05,0.0004100167167,0.0001624892687,3.445082023e-05,0.0002691998234,0.0001933095214,0.0002072496543,7.894468915e-05,0.0001895932113,0.0001076925469,0.0001503249139,9.789710229e-05,0.0001000337696,0.0001093006106,5.09832274e-05,2.201677849e-05,2.244299357e-05,2.396157162e-05,4.589148324e-06,5.529992159e-06,4.140951799e-06,1.667426278e-06,9.284759104e-07,7.350816869e-07,3.280069269e-07,1.058763292e-07,1.019366705e-07,5.334049867e-08,1.799261423e-08,1.074887263e-08,6.535987454e-09,2.568430658e-09,1.348774977e-09,6.772620622e-10,3.169203314e-10,1.079996827e-10,5.853141907e-11,2.817063681e-11,1.030039003e-11,7.148338319e-12,2.330838813e-12,1.11476882e-12,2.935334119e-13,1.389674806e-13,1.197666044e-14,5.192749723e-15
A:912,0.002127283433,0.001930942763,0.001448378575,0.00165638406,0.001069590031,0.001189087237,0.004681453723,0.001611842825,0.002130391271,0.0044124639,0.01504791289,0.01629418841,0.00825572951,0.009438898163,0.01733236797,0,0.01866663925,0.009609302339,0.008372648759,0.01588982983,0.01209096783,0.005155252753,0.002400751372,0.00110170565,0.002123640841,0.001783730072,0.001310516305,0.0003951663042,0.000541321388,0.0007648562893,0.0008207346478,0.0002255476017,0.0006106771156,0.0003256751488,0.0001290310188,0.0001650678845,6.026311639e-05,9.856910957e-05,0.0002255714822,3.318369907e-05,5.286557116e-05,2.829532509e-05,0.0002189563723,1.618050331e-05,3.551440351e-05,8.405837198e-05,1.591485376e-05,2.970376832e-05,2.861952123e-05,5.841124391e-05,1.495749003e-05,2.25789374e-05,2.633636681e-05,9.107219342e-06,1.697501634e-05,7.704592247e-06,1.181315267e-05,4.292263252e-06,4.306668905e-06,3.016241742e-06,2.053955953e-06,1.238292729e-06,8.125456984e-07,6.619692148e-07,4.686442922e-07,2.129892595e-07,1.233951584e-07,8.342063053e-08,3.936092248e-08,2.26361469e-08,1.314942444e-08,7.202548848e-09,3.466818537e-09,1.872595504e-09,1.166126768e-09,4.466329517e-10,2.304085149e-10,1.292637679e-10,4.156017814e-11,2.415194289e-11,1.027942865e-11,4.731679612e-12,1.646823434e-12,9.41979805e-13,3.671667709e-13,1.854856787e-13,2.898655137e-14,1.483120721e-14,9.604184569e-10,1.510719103e-09,2.492079942e-09,3.822211099e-09,4.476500078e-09,6.077732199e-09,1.32119557e-08,2.562136355e-08,1.266807749e-08,1.998576676e-08,7.897282753e-08,1.878341709e-07,2.656430611e-07,1.766850419e-07,9.040789758e-07,2.124979274e-06,9.012057798e-06,3.95553044e-06,6.621760858e-06,1.594090853e-05,1.710968172e-05,1.250649452e-05,1.765139603e-05,1.050060185e-05,2.954583916e-06,1.161118916e-05,1.395881921e-05,3.003855504e-05,9.427862477e-06,5.879070913e-06,3.65767142e-06,9.157165405e-06,9.414926594e-06,1.353330507e-05,2.523190624e-05,0.0001716474211,4.346284051e-05,0.000136808607,0.001289871346,0.0001813748231,3.588629677e-05,0.0003242292843,0.0002336812786,0.0002685993699,9.866008053e-05,0.0002260295941,0.0002085740815,0.0002031447052,0.0001284390263,0.0001235559272,0.0001502541009,6.397976911e-05,2.798486362e-05,2.758277974e-05,3.056196086e-05,5.793594411e-06,6.928353525e-06,5.176471745e-06,2.066320161e-06,1.207757732e-06,9.289700633e-07,4.122573223e-07,1.355843431e-07,1.335583984e-07,6.907009136e-08,2.347272025e-08,1.450671503e-08,8.780471903e-09,3.441381719e-09,1.893205842e-09,9.508233325e-10,4.458393193e-10,1.526122466e-10,8.690515431e-11,4.136438826e-11,1.516080732e-11,1.093073325e-11,3.658791132e-12,1.759712413e-12,4.523655855e-13,2.237439243e-13,2.054374853e-14,8.692502398e-15
A:913,0.001504642846,0.001681008102,0.001490090248,0.001214908315,0.001348280624,0.001342631418,0.001332857414,0.00435589232,0.001675741352,0.002031725439,0.004378749097,0.01526871913,0.01573866238,0.008117333626,0.009700651074,0.01866663925,0,0.01813139509,0.00990967929,0.009022101135,0.01526083194,0.01478125007,0.004691845397,0.001340158532,0.001130777983,0.003764261604,0.001339397598,0.000398850706,0.0009763391788,0.0007893476544,0.0009403880723,0.0003342758308,0.0007655134817,0.0004873613068,0.0002128208564,0.0001862284725,8.202361171e-05,0.0001323951043,0.0004210609382,2.796588148e-05,8.308986633e-05,3.341596799e-05,3.583959714e-05,1.256777684e-05,5.112625785e-05,9.344702163e-05,1.423923858e-05,2.795062207e-05,4.776721843e-05,7.294248693e-05,2.109651788e-05,3.258734062e-05,3.39175888e-05,8.727281506e-06,2.015640473e-05,1.133941955e-05,1.418555728e-05,5.158673544e-06,5.937672706e-06,4.156981324e-06,2.331116585e-06,1.942674297e-06,1.295835704e-06,8.174293531e-07,6.481346689e-07,3.612367918e-07,2.110513241e-07,1.37869745e-07,6.930720665e-08,4.420422499e-08,2.399824476e-08,1.420887234e-08,7.374436871e-09,4.209855122e-09,2.461579487e-09,1.042089557e-09,5.62679869e-10,3.126830695e-10,1.050425156e-10,6.459367038e-11,2.824213715e-11,1.360510787e-11,4.777350974e-12,2.84551973e-12,1.151422269e-12,6.089548604e-13,1.038964483e-13,5.410442878e-14,1.153285606e-09,1.834986637e-09,2.826296705e-09,3.680135423e-09,5.00047621e-09,8.008396469e-09,1.408256673e-08,2.084403863e-08,2.398677383e-08,3.336474828e-08,6.686647589e-08,1.268328572e-07,7.161195781e-08,1.519168591e-07,3.649216951e-07,1.151949299e-06,1.500167014e-06,1.685520282e-06,3.067851156e-06,4.431101882e-06,1.41212638e-05,5.406941112e-06,9.869279573e-06,6.870254392e-06,4.396555895e-06,3.628667643e-06,8.066177565e-06,1.495776015e-05,4.142078667e-06,2.64010963e-06,1.174578864e-06,3.105793911e-06,3.197693363e-06,1.903996993e-06,4.720844496e-06,3.971749092e-05,0.000101256788,0.0001038607838,0.001599708572,0.0001758887989,7.057517365e-05,0.000224728595,0.0002988902931,0.0001017234894,8.482035566e-05,0.0001689471819,0.0001062832251,6.640817801e-05,8.735079747e-05,0.000112290853,9.310857304e-05,4.276610972e-05,2.838107935e-05,2.879524587e-05,3.104636591e-05,5.519496978e-06,9.470230885e-06,7.045923689e-06,2.732051024e-06,1.868900666e-06,1.611627062e-06,7.094145439e-07,2.327270643e-07,2.722592157e-07,1.461487699e-07,4.650708598e-08,3.302799609e-08,2.147177584e-08,8.50211457e-09,4.413828403e-09,2.598664939e-09,1.248015908e-09,4.258575028e-10,2.509265784e-10,1.289828014e-10,4.769519432e-11,3.300949482e-11,1.224066453e-11,6.053799637e-12,1.541838377e-12,7.731359622e-13,7.376136594e-14,3.1882897e-14
A:914,0.001115724794,0.001174813371,0.001342728677,0.001142647344,0.0009777406871,0.001434448356,0.001497786308,0.001401546799,0.004370753705,0.001549510456,0.001966921254,0.004414647563,0.01545817432,0.01589257646,0.008287900879,0.009609302339,0.01813139509,0,0.01708623932,0.01048064278,0.007849192982,0.01541904675,0.01747083816,0.002645010602,0.001320994254,0.001575985675,0.003524075953,0.0004709034184,0.0008052086449,0.0009666792006,0.001194857655,0.0003348062734,0.000951140756,0.0005927238805,0.0001457868537,0.0001938898951,9.692025011e-05,0.0001176038639,0.0001088114777,3.198090508e-05,3.127722498e-05,2.349145603e-05,5.340654329e-05,1.25951648e-05,3.288844511e-05,9.403481003e-05,1.51322112e-05,2.360678877e-05,4.371996456e-05,5.747350666e-05,2.14979802e-05,3.16862445e-05,2.34222142e-05,1.341170428e-05,2.1551367e-05,1.137265487e-05,2.593198097e-05,6.967916621e-06,8.051543492e-06,7.143953834e-06,4.621160873e-06,3.226562781e-06,2.2928832e-06,1.720887445e-06,1.446577369e-06,7.157505095e-07,4.501866549e-07,3.27397098e-07,1.536250076e-07,9.908963366e-08,5.869086885e-08,3.550534014e-08,1.75490993e-08,1.033231098e-08,6.531194635e-09,2.653140695e-09,1.434574073e-09,8.246266356e-10,2.799045007e-10,1.704210106e-10,7.46907062e-11,3.632090862e-11,1.284991489e-11,7.618538149e-12,3.07529481e-12,1.644097648e-12,2.831798333e-13,1.471526224e-13,1.391181364e-09,2.004248579e-09,2.878839015e-09,2.900687506e-09,3.610374074e-09,6.452572945e-09,1.376715522e-08,1.421299939e-08,3.714271593e-08,6.064618203e-08,1.445219321e-07,1.032820034e-07,4.388708897e-07,4.190026295e-07,1.214084419e-06,8.284143657e-07,2.981686926e-06,2.195525413e-06,4.480518205e-06,7.650290912e-06,1.914527643e-05,8.644889928e-06,1.21580257e-05,1.5911224e-05,4.964922902e-06,1.041238923e-05,1.314908191e-05,3.334059312e-05,1.233423876e-05,7.653220747e-06,3.146151035e-06,8.543693548e-06,1.496591043e-05,1.145332812e-05,2.980416797e-05,0.0001068348901,5.697740917e-05,9.631378215e-05,0.0004748069632,0.0001658062332,7.34055342e-05,0.0005037902269,0.0003128534573,0.0002051471971,0.0001373973125,0.0004183240837,0.0001809072253,0.0001995037294,0.0001579684099,0.0001777973811,0.0002481971928,0.00010337807,4.699445584e-05,5.946105102e-05,7.791624836e-05,1.196080446e-05,2.057732345e-05,1.695168341e-05,6.678418008e-06,4.371612179e-06,3.904371428e-06,1.761815448e-06,5.700219871e-07,6.71547416e-07,3.671890409e-07,1.189891821e-07,8.380025274e-08,5.478168899e-08,2.196101907e-08,1.136769017e-08,6.731935309e-09,3.254734084e-09,1.118694037e-09,6.516015078e-10,3.395965669e-10,1.263609263e-10,8.774710764e-11,3.22162453e-11,1.609368683e-11,4.137491424e-12,2.057009617e-12,1.994244876e-13,8.514644786e-14
A:915,0.00092967752,0.0008795219547,0.0009430534118,0.001086078511,0.000833460645,0.0009692479774,0.00143437668,0.001529532133,0.001380456248,0.004561674856,0.001525044739,0.001990622554,0.004641460009,0.01530393647,0.01698942396,0.008372648759,0.00990967929,0.01708623932,0,0.02038675369,0.008171410175,0.008061890167,0.0123129196,0.007323157144,0.002607864959,0.002895150808,0.001558907475,0.0008267701404,0.001020967703,0.001097724974,0.001351745356,0.0004165079341,0.001272546107,0.0007973768688,0.0003060399648,0.0002580918021,0.0001192077576,0.0001825824477,0.0003431652591,5.556287159e-05,9.925457056e-05,4.864493067e-05,0.0002577707324,2.484564313e-05,7.098644374e-05,0.0001597462581,2.760983792e-05,5.415878742e-05,5.296439796e-05,0.0001436495384,2.873516144e-05,4.966809316e-05,6.158786794e-05,1.578606282e-05,4.087883451e-05,1.560303843e-05,3.20017148e-05,1.335615381e-05,1.386320992e-05,1.10372672e-05,8.50040311e-06,5.669894943e-06,3.882382852e-06,3.252123367e-06,2.783948219e-06,1.334512602e-06,8.197807742e-07,5.982542984e-07,3.006459914e-07,1.856584493e-07,1.083871363e-07,6.688191398e-08,3.355069524e-08,1.912624904e-08,1.184216891e-08,5.064825276e-09,2.715634276e-09,1.502577021e-09,5.308819333e-10,3.222579063e-10,1.396307035e-10,6.613927934e-11,2.472380338e-11,1.438358276e-11,5.696867766e-12,3.028379012e-12,4.948089557e-13,2.507787796e-13,2.29403726e-09,3.093013857e-09,4.437896065e-09,4.061788418e-09,4.16603272e-09,7.657561119e-09,2.033617826e-08,2.292875661e-08,7.185189641e-08,1.188429722e-07,3.633191143e-07,2.485309239e-07,1.247759598e-06,1.17874211e-06,4.693707301e-06,1.720417724e-06,1.009060156e-05,8.72884158e-06,2.051093041e-05,3.124332731e-05,6.771224235e-05,3.554893243e-05,5.101889205e-05,4.276586662e-05,8.55240607e-06,3.507758685e-05,3.771702497e-05,0.0001253043597,3.147183915e-05,1.454771068e-05,6.067084073e-06,2.086917916e-05,4.128091224e-05,4.606226164e-05,0.0001108071801,0.0004874510477,0.000190255482,0.0002846692753,0.001381390327,0.0006463853712,0.0001519511903,0.00106642152,0.0008720541589,0.0007819410288,0.000326726261,0.0005424038999,0.0004187633092,0.0005548309804,0.0002376415973,0.0002060940793,0.000466767964,0.0001838459993,6.746150254e-05,9.927151309e-05,0.0001261880334,1.990650797e-05,3.293720048e-05,2.743766225e-05,1.017471059e-05,7.167092658e-06,6.168601589e-06,2.725837609e-06,9.000349344e-07,1.060030321e-06,5.695304035e-07,1.896208886e-07,1.33708677e-07,8.534028754e-08,3.41192149e-08,1.875377811e-08,1.063917275e-08,5.114798287e-09,1.775030384e-09,1.057428196e-09,5.364888132e-10,1.997185548e-10,1.462973638e-10,5.209655168e-11,2.603509125e-11,6.650994402e-12,3.376810783e-12,3.435230902e-13,1.402624602e-13
A:916,0.0006611729044,0.0008144384406,0.0007503449348,0.0008121616237,0.0009022161606,0.001072537961,0.001037455094,0.001576915174,0.001688230057,0.001441565069,0.004653157327,0.001718930786,0.002110615554,0.004635065941,0.01611020935,0.01588982983,0.009022101135,0.01048064278,0.02038675369,0,0.01440694951,0.01199257758,0.009747697348,0.01099152722,0.006395046473,0.004284030805,0.001647509232,0.0006266521334,0.001691392099,0.001162761658,0.001216161024,0.000612180573,0.001454667707,0.001031559594,0.0003959857285,0.0003482907696,0.0001600985313,0.0002787769222,0.0007758079222,9.113594425e-05,0.0002517327845,8.034096023e-05,0.0007582217476,5.765850745e-05,0.0001257257121,0.0003608836876,8.315949507e-05,6.761550343e-05,6.712150042e-05,0.0002060271834,3.889387699e-05,6.756752591e-05,8.531500505e-05,1.577868631e-05,5.185350695e-05,2.672370305e-05,1.945008503e-05,1.82371942e-05,1.862028128e-05,1.075230188e-05,6.602890367e-06,8.160527285e-06,4.971892299e-06,2.82786292e-06,2.534239895e-06,1.822559316e-06,9.946224742e-07,5.837471127e-07,3.911139848e-07,2.590518119e-07,1.138873385e-07,7.775003137e-08,4.885171443e-08,2.727660563e-08,1.241018864e-08,7.346728452e-09,4.155141932e-09,1.972263195e-09,7.732626958e-10,5.227668447e-10,2.314724858e-10,1.114997249e-10,4.431172117e-11,2.722761334e-11,1.131406307e-11,6.26937447e-12,1.092817825e-12,5.576553647e-13,1.149106109e-08,1.768551871e-08,2.706126588e-08,3.19293998e-08,3.985744079e-08,5.696712214e-08,1.11792013e-07,1.415548751e-07,1.311361895e-07,1.778576938e-07,5.222610583e-07,1.057198319e-06,2.080146017e-06,1.01973872e-06,3.603819518e-06,1.351880159e-05,5.432507031e-05,9.335861185e-06,1.701526282e-05,5.388189653e-05,2.516113458e-05,2.736531507e-05,3.600150968e-05,1.320094358e-05,1.741155385e-05,2.326563436e-05,2.103272304e-05,2.602954826e-05,1.911920858e-05,1.720486425e-05,1.105388733e-05,2.446251559e-05,3.992332585e-05,3.28583425e-05,7.318974571e-05,0.0002447255474,0.0001735343485,0.0002635261201,0.002464276623,0.0002616452555,0.0001672282531,0.0002639918985,0.000885764227,0.0002040227514,0.0001701927838,0.0003854815192,0.0003886604897,0.0002222514985,0.0001221856414,0.0001197968011,0.0002072001724,7.462740946e-05,4.432377605e-05,4.846265202e-05,6.349539297e-05,1.070552308e-05,2.058795508e-05,1.643275769e-05,5.814190743e-06,5.209211644e-06,4.70533424e-06,2.028925488e-06,6.728842206e-07,1.006611565e-06,5.498230991e-07,1.632341137e-07,1.434107714e-07,1.004617128e-07,3.966929217e-08,2.132061176e-08,1.471424815e-08,7.286420764e-09,2.4702992e-09,1.656941716e-09,9.025137595e-10,3.36540759e-10,2.410365222e-10,1.025176175e-10,5.264466633e-11,1.270380067e-11,6.948869225e-12,7.664730688e-13,3.20059856e-13
A:917,0.0003496055865,0.0004400649653,0.0005364402087,0.0004477388085,0.0004552607687,0.0007463216435,0.0008399685284,0.0007420125359,0.001079918344,0.001129454126,0.001079746506,0.003755700222,0.00128016008,0.001917500398,0.003795546528,0.01209096783,0.01526083194,0.007849192982,0.008171410175,0.01440694951,0,0.01414891117,0.009790203926,0.006119741689,0.01109137199,0.008185215658,0.002562486553,0.0006153609824,0.001526625839,0.001985396351,0.001013393082,0.0003135147147,0.001271671013,0.001122038295,0.0003951635204,0.0003687029978,0.0001846036556,0.0002214053112,0.000958560184,5.950455853e-05,9.661252094e-05,0.0001075765781,0.0009008708458,8.816384695e-05,0.0001775720122,0.001087431662,5.405500114e-05,2.11638238e-05,5.425504969e-05,0.0003153013617,6.978770115e-05,5.043832008e-05,2.868118662e-05,2.371151507e-05,3.230010316e-05,2.622979597e-05,6.347213269e-05,1.48300268e-05,1.927270311e-05,2.190329013e-05,1.325184552e-05,1.313085987e-05,9.879011272e-06,6.614396714e-06,6.548100366e-06,4.181473362e-06,2.770205507e-06,2.02908681e-06,1.075685074e-06,7.988182305e-07,4.421496244e-07,3.052160654e-07,1.711692111e-07,1.075924145e-07,6.168356979e-08,3.051013529e-08,1.763741147e-08,9.560739204e-09,3.689076871e-09,2.418315673e-09,1.094288044e-09,5.55990016e-10,2.135152478e-10,1.316500271e-10,5.528656777e-11,3.161512407e-11,5.8465119e-12,3.029401858e-12,1.775273576e-08,2.606661199e-08,3.220113084e-08,2.438418098e-08,4.006530611e-08,8.26880495e-08,1.11092882e-07,1.115702941e-07,4.334339175e-07,5.326212941e-07,4.733476564e-07,6.440753083e-07,4.557799894e-06,8.908399938e-07,3.114149991e-06,5.233979417e-06,3.912843674e-05,3.39307986e-05,2.845568694e-05,0.00011250783,0.0004386964418,3.385839096e-05,4.341470188e-05,9.355525782e-05,8.289270437e-06,4.477389767e-05,3.184429103e-05,0.0005559857048,3.676122794e-05,4.050327084e-05,6.355943238e-05,3.767854722e-05,0.0001099958344,0.0001305367105,0.000152517236,0.001877500447,0.0006811198344,0.001575644174,0.02318406553,0.00242758117,0.000349865868,0.003753822238,0.00366101948,0.002404196276,0.0009033734338,0.001731349003,0.0004999399346,0.0009044387095,0.0003209470365,0.0003577605254,0.0005066946053,0.0002308201727,0.0001384797203,0.0002101293479,0.0002280028383,3.350052182e-05,9.784709485e-05,7.663920792e-05,2.643964016e-05,2.449569909e-05,2.440506444e-05,1.038339778e-05,3.501961985e-06,5.241965445e-06,2.928629738e-06,8.880324827e-07,7.784147244e-07,5.420759296e-07,2.193058355e-07,1.118742052e-07,8.00383346e-08,3.961144431e-08,1.371877771e-08,8.725403073e-09,4.912394937e-09,1.851087551e-09,1.289977867e-09,5.406385895e-10,2.813336972e-10,7.000232739e-11,3.697915779e-11,4.054332571e-12,1.696621145e-12
A:918,0.000334273076,0.0004132611411,0.000539250651,0.0006527018259,0.0005397585369,0.0008227040003,0.001258944528,0.001414295446,0.001246459854,0.00179271867,0.001933207269,0.001757513398,0.004691667031,0.002014217019,0.002235907988,0.005155252753,0.01478125007,0.01541904675,0.008061890167,0.01199257758,0.01414891117,0,0.02617399367,0.006594744463,0.006191440874,0.01394235816,0.01242722924,0.001376752493,0.001414595741,0.001189934175,0.004268504154,0.0005209763069,0.002399822856,0.001321736058,0.0005714557313,0.0002472524579,0.0001609677905,0.0001317118112,0.001258362992,8.234554175e-05,0.0002956977971,8.543319259e-05,0.0004476394851,5.952352652e-05,8.524087951e-05,0.0003843676887,5.736782285e-05,5.627958916e-05,7.480573525e-05,0.0003126724492,6.175444545e-05,5.307306079e-05,7.478073975e-05,2.463198278e-05,3.482058944e-05,1.882132258e-05,5.181926987e-05,2.051354151e-05,2.068613907e-05,2.189050057e-05,1.792195744e-05,1.385919027e-05,1.023943485e-05,8.588030835e-06,8.976598346e-06,4.760227116e-06,3.181382322e-06,2.438732411e-06,1.339684334e-06,9.169348521e-07,5.206514404e-07,3.728290774e-07,2.003486119e-07,1.226260228e-07,7.351603582e-08,3.653903753e-08,2.067858303e-08,1.103418369e-08,4.473822212e-09,2.853949937e-09,1.272528677e-09,6.336862996e-10,2.56414288e-10,1.537748313e-10,6.282721826e-11,3.596595467e-11,6.418267786e-12,3.268741443e-12,4.921477473e-09,5.09468188e-09,6.098918083e-09,9.549250204e-09,1.87953751e-08,3.118401817e-08,4.5415949e-08,2.447668226e-07,3.819145794e-07,4.720974339e-07,8.38284761e-07,2.664885516e-06,3.27557419e-06,2.225941433e-06,6.852880469e-06,1.148105068e-05,2.289515696e-05,1.390928649e-05,2.162764273e-05,6.754282477e-05,0.0001086877368,4.089993068e-05,4.957158299e-05,9.17614819e-05,3.289462181e-05,5.147896597e-05,3.610128473e-05,5.134629908e-05,5.105653818e-05,4.287666935e-05,2.094574245e-05,3.40088871e-05,0.0001066660612,8.804879471e-05,0.0002094204735,0.0006557916376,0.000413016816,0.0003982559162,0.004286948927,0.0006256630233,0.000220821703,0.001307474001,0.0004563646757,0.0005363971555,0.0003777932583,0.001140666533,0.0006593550194,0.000598819931,0.0004612229414,0.0005150492508,0.0007617170119,0.000244416819,8.178792898e-05,0.0001353619209,0.0002802023944,3.106242267e-05,6.995357847e-05,6.9971373e-05,2.660386125e-05,2.182058528e-05,2.099159518e-05,9.67617867e-06,3.279055186e-06,4.69817733e-06,2.666265301e-06,8.693431972e-07,7.392341654e-07,5.022359852e-07,2.085646957e-07,1.128940135e-07,7.653470178e-08,3.817269317e-08,1.354397198e-08,8.630874566e-09,4.783574759e-09,1.828659899e-09,1.337777879e-09,5.370981715e-10,2.828908401e-10,7.074924569e-11,3.762361204e-11,4.354851932e-12,1.741698034e-12
A:919,0.0002334411599,0.0003032422104,0.0003738259058,0.0004796810592,0.0005618546539,0.0006572220721,0.0009157587373,0.001335987406,0.001532217476,0.001316951982,0.00194914036,0.002086377571,0.001898000713,0.004892071602,0.002333390816,0.002400751372,0.004691845397,0.01747083816,0.0123129196,0.009747697348,0.009790203926,0.02617399367,0,0.009626207339,0.007275431993,0.009691934034,0.01370604492,0.003027138326,0.004131193725,0.003191661961,0.002592368107,0.00260100089,0.003236093671,0.002778708911,0.001583960289,0.0009542348369,0.0003939415638,0.0006701498319,0.001182572462,0.0001914495913,0.0005935248212,0.0001593119832,0.0005259746216,7.636576138e-05,0.0003732853375,0.000771013264,9.0547035e-05,0.0001619603225,0.0002861122634,0.0007147348569,0.0001379432856,0.0002431315537,0.0004963705222,2.799035111e-05,0.0001748667325,6.442678779e-05,3.446225952e-05,5.22443324e-05,5.565175978e-05,2.463303344e-05,2.129577648e-05,2.709534125e-05,1.597589328e-05,1.057972464e-05,1.121322702e-05,7.836428761e-06,4.316302962e-06,2.722782628e-06,2.07761201e-06,1.354808259e-06,6.025532058e-07,4.577520289e-07,2.949392178e-07,1.621131772e-07,7.588493745e-08,4.96751452e-08,2.822298338e-08,1.263845359e-08,5.659063827e-09,3.83485008e-09,1.677833711e-09,7.803663123e-10,3.586502988e-10,2.145719582e-10,8.639187051e-11,4.871305315e-11,7.827805754e-12,3.761601986e-12,5.678360527e-09,6.20690141e-09,8.299469262e-09,1.148758304e-08,3.038181498e-08,5.411008346e-08,1.030756085e-07,3.15854663e-07,6.292798734e-07,7.361024543e-07,2.033221136e-06,2.961274215e-06,4.203270109e-06,4.240101842e-06,1.95911766e-05,8.674584798e-06,1.69692636e-05,2.507532689e-05,7.039967139e-05,9.717338779e-05,0.0001955247848,0.0001046542047,0.0001538171887,0.0001159459853,4.862913801e-05,8.883430562e-05,9.064580264e-05,0.0001712987266,6.919965428e-05,4.298158858e-05,2.392782613e-05,3.507563717e-05,0.0001579076139,0.0001517560339,0.00036260432,0.001125382384,0.0006906513756,0.0005910114898,0.003334579467,0.00152839034,0.0004617251949,0.001478191056,0.001690597228,0.001161497607,0.0006269056486,0.0007775005348,0.0008857818466,0.0008841564724,0.0003649489216,0.0001692108406,0.0006152639599,0.0001738626098,7.788815936e-05,0.0001211984675,0.0001765066556,2.798067533e-05,5.717388514e-05,5.121823749e-05,1.463536077e-05,1.820371209e-05,1.558947853e-05,6.428547355e-06,2.347533617e-06,3.705565943e-06,1.973912709e-06,6.323954074e-07,5.95007213e-07,3.990789334e-07,1.584779102e-07,9.97204995e-08,6.557518041e-08,3.251047777e-08,1.136102026e-08,8.275776667e-09,4.3642589e-09,1.641644196e-09,1.354202644e-09,5.568617559e-10,2.929208354e-10,6.849913804e-11,4.018189204e-11,5.258397098e-12,1.941715411e-12
A:920,8.058965218e-05,0.0001137428057,0.0001407060328,0.0001562125072,0.0001844009943,0.000290924845,0.0002938631093,0.0003690225874,0.0005475996703,0.0006014670517,0.0004884784464,0.000745371782,0.0008407475336,0.0008227672208,0.002295001685,0.00110170565,0.001340158532,0.002645010602,0.007323157144,0.01099152722,0.006119741689,0.006594744463,0.009626207339,0,0.01027762529,0.008016977183,0.007118264416,0.006689691664,0.006507085321,0.00194554749,0.001824129061,0.00128939823,0.001321158114,0.001129160862,0.00136696207,0.0004891455492,0.0002647451862,0.0003497529167,0.0007268470382,0.0001334514483,0.000430434411,8.850295756e-05,0.000823479503,5.92371314e-05,0.0001553461019,0.001108208396,0.000471554183,6.028871553e-05,9.475987184e-05,0.0003216390596,5.306812144e-05,4.701498906e-05,0.000112674885,0.000134550904,8.20968258e-05,3.121790448e-05,0.0001278382644,2.766701347e-05,3.626877183e-05,2.830832046e-05,1.372743876e-05,3.651812875e-05,2.278656579e-05,9.879849975e-06,1.181344075e-05,1.463866113e-05,8.928497895e-06,5.735905993e-06,4.200853261e-06,3.698546685e-06,1.557999452e-06,1.300451735e-06,9.671423493e-07,6.345059452e-07,2.723100434e-07,1.95954692e-07,1.246163933e-07,5.860933544e-08,2.679389833e-08,1.98832215e-08,9.406886159e-09,5.068178476e-09,2.104859028e-09,1.390088856e-09,6.252637466e-10,3.858239206e-10,7.868921736e-11,4.09505336e-11,1.589484572e-07,2.528547959e-07,3.581319347e-07,3.876955247e-07,5.746938945e-07,8.991715447e-07,1.281471433e-06,1.235390924e-06,2.217294881e-06,2.361265718e-06,4.097226405e-06,5.934625079e-06,8.838905625e-06,6.251159142e-06,1.51985905e-05,6.159411174e-05,0.0001761907188,3.579607443e-05,4.853193467e-05,0.0001911556803,0.0004697097336,4.298009648e-05,6.911996586e-05,0.0006157542005,0.0001763912074,6.996423143e-05,0.0001045895317,0.001540401196,5.540414492e-05,8.726932086e-05,0.0001548914396,0.0001814925508,0.000313511978,0.0002309095758,0.0005545509446,0.001740920544,0.001207321982,0.001446622833,0.01269348771,0.004095761472,0.003589169154,0.01018663849,0.01313700258,0.003771170031,0.003949195818,0.00996643381,0.0007956184863,0.001760780723,0.001450240553,0.0004546925388,0.000726128874,0.0004365575185,0.0001605485218,0.0002597420929,0.0003157790993,4.598962038e-05,0.0001742225049,0.0001455737999,4.200574916e-05,5.862104865e-05,7.129473385e-05,2.859840141e-05,9.227968048e-06,2.123627898e-05,1.240706598e-05,3.113812012e-06,3.869688934e-06,3.075559632e-06,1.237807269e-06,5.821457902e-07,5.692240154e-07,2.928706286e-07,9.917529374e-08,7.18912185e-08,4.531918828e-08,1.718585906e-08,1.157675579e-08,6.014412043e-09,3.275082373e-09,7.666870774e-10,4.400682191e-10,5.44112634e-11,2.282568293e-11
A:921,4.982142893e-05,6.921046677e-05,9.849476241e-05,0.0001177114868,0.0001232886717,0.0002009419697,0.0002974884055,0.0002920509759,0.0003655507617,0.0005436627396,0.0005765933622,0.0004733525509,0.0007633346228,0.0008598021437,0.0007690343269,0.002123640841,0.001130777983,0.001320994254,0.002607864959,0.006395046473,0.01109137199,0.006191440874,0.007275431993,0.01027762529,0,0.009262763677,0.006750251229,0.005142495088,0.01407780345,0.006346189659,0.002828866216,0.001522223892,0.002242408435,0.001885471515,0.0003525130416,0.001578045172,0.0004787681128,0.0004785035592,0.001766606628,0.0005815518274,0.001337415805,0.001176714214,0.01434980996,0.001293258031,0.001989245341,0.01739161729,0.001925499714,0.0005525477874,0.0003279570763,0.00849952153,0.001617912862,0.0001704158667,0.0008645416437,8.836678299e-05,0.0003468433984,7.64318572e-05,5.503025669e-05,4.36341782e-05,3.890399491e-05,3.117749523e-05,3.646706226e-05,2.627516456e-05,2.023871383e-05,2.027921859e-05,2.603148353e-05,1.529451917e-05,1.076463445e-05,8.102187325e-06,6.074761356e-06,4.307548595e-06,2.278461475e-06,2.008450382e-06,1.202082683e-06,7.462608836e-07,4.412649459e-07,2.729965785e-07,1.611670942e-07,7.78221923e-08,4.012387911e-08,2.6426856e-08,1.185002267e-08,5.937396013e-09,2.915202038e-09,1.735071615e-09,6.96728549e-10,4.300940195e-10,7.751939432e-11,3.832892634e-11,6.700083025e-07,8.311828776e-07,1.117419133e-06,1.050709427e-06,1.022636221e-06,1.066143404e-06,1.923256008e-06,6.514826902e-06,1.86577322e-06,2.114991574e-06,2.980584937e-06,7.3052929e-05,4.523906005e-05,7.291616071e-06,3.451324795e-05,0.0004971611728,0.0009681439299,0.0002864809401,0.0002154909794,0.001841732514,0.00124328881,0.000211797671,0.0007044761377,0.001139628041,0.0001633734616,9.584164171e-05,0.0001471446363,0.0003195214686,7.491015058e-05,9.52607656e-05,5.811221634e-05,6.927841684e-05,0.0001133321203,4.940640105e-05,0.0001076703978,0.0001678151824,0.0005377874594,0.0005377162637,0.0050950674,0.0004204808444,0.0002688170377,0.02052595214,0.00517973416,0.0003671738154,0.00121751834,0.003189183342,0.001152803001,0.0003146712622,0.0007689556333,0.0005733472196,0.000643245298,0.000176007438,9.510461221e-05,0.0001118019013,0.0002381172032,3.478090615e-05,8.122250764e-05,8.166771906e-05,2.746740117e-05,4.225732348e-05,3.702556384e-05,1.628221411e-05,7.736070224e-06,1.209532689e-05,6.807477912e-06,2.530117992e-06,2.788167759e-06,1.781391624e-06,8.013330615e-07,5.040809898e-07,3.721249059e-07,1.890432911e-07,7.390014328e-08,5.20564751e-08,2.980207608e-08,1.198541543e-08,9.879232863e-09,4.145664004e-09,2.336193442e-09,5.718571582e-10,3.30898884e-10,4.905264528e-11,1.741964274e-11
A:922,5.048422261e-05,7.364237648e-05,0.000107422354,0.0001519046412,0.0001792702236,0.0002688665096,0.0004070164116,0.000556911036,0.0006098668341,0.000829276663,0.001061141218,0.001142229401,0.00127175524,0.001617896147,0.001446485491,0.001783730072,0.003764261604,0.001575985675,0.002895150808,0.004284030805,0.008185215658,0.01394235816,0.009691934034,0.008016977183,0.009262763677,0,0.01835257143,0.004826824708,0.008060779996,0.0127139655,0.009705173418,0.002939402988,0.005787873234,0.003630007353,0.007305989319,0.003818522538,0.001015693541,0.002234596699,0.02025963569,0.000450167824,0.002880244067,0.0008798497885,0.0008649569555,0.0002704544576,0.001144451037,0.002150576454,0.0001892166151,0.0002140460304,0.0004304299433,0.0007555638346,0.0001793694673,0.0001847400015,0.0005981415692,9.98213006e-05,0.0001117069015,5.023107463e-05,5.589156426e-05,4.383322928e-05,4.53382948e-05,3.446142063e-05,3.2499405e-05,3.167213864e-05,2.301545562e-05,1.838274332e-05,2.430707071e-05,1.442854219e-05,9.787765973e-06,7.383640168e-06,5.054509704e-06,3.599544227e-06,1.842766616e-06,1.571182613e-06,9.413721192e-07,5.837667903e-07,3.258219625e-07,2.013533351e-07,1.187239286e-07,5.731467848e-08,2.82603758e-08,1.880611859e-08,8.494803091e-09,4.309784113e-09,2.01389157e-09,1.22348557e-09,5.012542815e-10,3.068325902e-10,5.638687257e-11,2.819180357e-11,9.686941724e-08,1.383415907e-07,1.969430758e-07,2.367452583e-07,2.881888542e-07,4.069295227e-07,8.313383474e-07,8.317973285e-07,1.191355505e-06,1.397200443e-06,4.330995484e-06,2.067472066e-06,6.429310833e-06,5.845039007e-06,2.085650412e-05,2.343075666e-05,7.239073825e-05,4.27036554e-05,6.619440476e-05,8.548074745e-05,0.0001236194613,0.0001154376279,7.911463538e-05,3.899479765e-05,4.138746358e-05,8.930588476e-05,7.327738207e-05,0.000148764525,5.73549806e-05,3.510304239e-05,3.748830521e-05,2.302599549e-05,0.0001353556476,0.0001143439902,0.000260410327,0.000471560421,0.0007287204223,0.0003890098805,0.001893276906,0.0005825027151,0.0002570759732,0.002306497028,0.0007270789177,0.0008527830265,0.0003368510944,0.003028664905,0.001673740257,0.001211311749,0.001258620898,0.00150275495,0.001505613966,0.0003656506042,0.0001320090109,0.0001325720228,0.0005141580747,3.801622137e-05,9.26843116e-05,0.0001202530787,4.23041625e-05,4.223256086e-05,4.333513913e-05,2.025530677e-05,7.168179608e-06,1.231181323e-05,7.258598165e-06,2.353945121e-06,2.447602927e-06,1.707382395e-06,7.378601903e-07,4.210740187e-07,3.227401543e-07,1.663209045e-07,6.13825309e-08,4.307303766e-08,2.500189167e-08,9.878016423e-09,7.69815563e-09,3.372775612e-09,1.87579564e-09,4.503567634e-10,2.600422883e-10,3.655727955e-11,1.356300448e-11
A:923,2.62298928e-05,4.011173202e-05,5.795782394e-05,8.073503555e-05,0.000109993192,0.0001636578919,0.0002263320318,0.0003257620308,0.0004720215856,0.0005076785258,0.000619772517,0.000848386922,0.001049616842,0.001005828066,0.001150302753,0.001310516305,0.001339397598,0.003524075953,0.001558907475,0.001647509232,0.002562486553,0.01242722924,0.01370604492,0.007118264416,0.006750251229,0.01835257143,0,0.006628378441,0.008317059588,0.009452534194,0.014268136,0.00787251306,0.005319925618,0.006507772229,0.001732378974,0.002557151014,0.001719044763,0.00216490873,0.00494706917,0.0006334984089,0.001196016023,0.0002891899791,0.0004969790044,0.000144909837,0.0008725830823,0.002573142208,0.0003106719405,0.0002417534022,0.001070859453,0.001580655929,0.0008158688769,0.0006838097544,0.001430029456,0.0002466118174,0.000645056383,0.000165492469,0.0004823308011,0.0001144166432,0.0001613642055,3.907577171e-05,4.11611475e-05,8.678741229e-05,3.944826603e-05,1.391756025e-05,1.414946526e-05,3.113493528e-05,1.388083586e-05,5.79842549e-06,9.370933999e-06,7.87364937e-06,1.987539357e-06,2.051841804e-06,2.325796239e-06,1.354171966e-06,3.325041763e-07,4.656965654e-07,3.139287674e-07,1.095671472e-07,6.345749727e-08,5.437942999e-08,2.605044756e-08,1.366777563e-08,6.738951785e-09,4.648392142e-09,2.158445839e-09,1.384163532e-09,2.852446871e-10,1.443077827e-10,7.030079922e-08,1.041293042e-07,1.381037442e-07,1.751569382e-07,2.786239967e-07,4.284986417e-07,6.906232065e-07,9.571240858e-07,2.151239532e-06,2.201379685e-06,5.036318916e-06,3.638879006e-06,1.106424504e-05,8.154004693e-06,3.542595355e-05,1.3586292e-05,4.877145195e-05,5.958399908e-05,0.0001347819099,0.0002058478414,0.0004110237377,0.0001388512546,0.0003688279189,0.0003096512802,0.0001791269125,5.878628549e-05,0.0001448883032,0.0002698805857,4.654005619e-05,4.542269776e-05,0.0001596633952,8.630673519e-05,0.0001712629203,0.0001198347442,0.0003769832132,0.0004661658303,0.001059783448,0.0005290898006,0.001657964669,0.001402465314,0.001399055834,0.006693958137,0.002408011061,0.0008374747397,0.002402234171,0.01180272283,0.001257571368,0.000859807464,0.002048025497,0.003367408477,0.0009019700374,0.000338785105,0.0004489761108,0.0001407490864,0.0004359211877,7.834303117e-05,6.036357062e-05,9.013223391e-05,4.116951227e-05,3.498099937e-05,5.091159593e-05,2.307869194e-05,4.881288387e-06,2.266229955e-05,1.375814858e-05,2.418973984e-06,4.653669832e-06,4.590350652e-06,1.738707428e-06,7.487265552e-07,1.040244782e-06,5.629335354e-07,1.757644155e-07,1.553926426e-07,1.080678708e-07,4.049426614e-08,2.720807724e-08,1.767065479e-08,1.002802209e-08,2.115211072e-09,1.365556875e-09,1.964802198e-10,7.96420346e-11
A:924,7.101422338e-06,1.088837329e-05,1.618585396e-05,2.15264206e-05,2.676609816e-05,4.476966349e-05,6.304391198e-05,7.97106141e-05,0.0001102345889,0.0001582027264,0.0001600051391,0.0001908121958,0.000265312941,0.00032674491,0.0002630176938,0.0003951663042,0.000398850706,0.0004709034184,0.0008267701404,0.0006266521334,0.0006153609824,0.001376752493,0.003027138326,0.006689691664,0.005142495088,0.004826824708,0.006628378441,0,0.009215633531,0.005033706409,0.004831059387,0.008293606964,0.001965291012,0.001436547774,0.002269833647,0.0007173276053,0.0006977799338,0.0004973484341,0.001415062968,0.0003854057729,0.0005152087327,0.0002053504336,0.0006510536546,0.0002333473806,0.0003996273986,0.01341835419,0.0007776706354,0.0009082010007,0.002570876664,0.0117442183,0.001015309022,0.0003502854435,0.000848064456,0.0001371217651,0.0002822440232,7.605881163e-05,5.252421732e-05,4.978191396e-05,5.229339263e-05,2.710357603e-05,3.535527707e-05,2.215749385e-05,1.889940258e-05,2.895830892e-05,3.175473668e-05,2.068939613e-05,1.836170683e-05,1.482749676e-05,1.151038447e-05,9.879829517e-06,5.464220026e-06,5.49638137e-06,3.707177434e-06,2.623533079e-06,1.539702646e-06,1.109849093e-06,7.206855863e-07,3.326208049e-07,2.090542463e-07,1.445590495e-07,6.873822993e-08,3.819346819e-08,2.002778936e-08,1.272870909e-08,5.432960415e-09,3.718150648e-09,7.755523799e-10,3.94223771e-10,5.531687892e-07,8.107449552e-07,9.033016263e-07,1.06340343e-06,1.454293473e-06,1.75882663e-06,1.91009778e-06,3.103787576e-06,3.4335731e-06,3.498632418e-06,8.788176744e-06,8.82321763e-06,1.775535045e-05,2.121915512e-05,3.966323059e-05,2.957913544e-05,0.0002898439469,7.46492844e-05,9.935264901e-05,0.0005235446928,0.0006667584364,5.280492987e-05,0.0002235078306,0.002417894594,0.0003049711682,8.781960509e-05,0.0001327607457,0.0001606019653,3.398919482e-05,4.196996656e-05,0.000396970088,9.222886275e-05,0.0001456706655,6.540029384e-05,0.000190538624,0.0002152890897,0.0005777930217,0.0002878956592,0.002212191101,0.00151581405,0.003631064159,0.00677512115,0.006454874314,0.003874381332,0.008892831471,0.007223472683,0.001251154892,0.0008378442686,0.001956427973,0.0005700879015,0.0007613557603,0.0002910551671,0.0002468534362,0.0002016458454,0.0002877177869,9.428936361e-05,0.0001639585565,0.0001285597265,5.239254257e-05,9.206607525e-05,8.143375388e-05,3.480948469e-05,2.068182413e-05,3.516864335e-05,2.064916936e-05,6.891130365e-06,1.030920582e-05,7.131109953e-06,3.333600536e-06,1.897741868e-06,1.875886807e-06,9.93813413e-07,3.959059388e-07,3.085087122e-07,1.961084514e-07,8.105274011e-08,6.319006506e-08,3.3412009e-08,1.984258116e-08,4.521562416e-09,2.873448451e-09,4.823026874e-10,1.7476186e-10
A:925,6.445103858e-06,1.021497539e-05,1.629041063e-05,2.408779153e-05,3.166071711e-05,5.229389566e-05,8.333931324e-05,0.0001112727268,0.0001488256123,0.0002256965812,0.0002928298903,0.0002899846276,0.0004350327975,0.0006061791584,0.0005412011225,0.000541321388,0.0009763391788,0.0008052086449,0.001020967703,0.001691392099,0.001526625839,0.001414595741,0.004131193725,0.006507085321,0.01407780345,0.008060779996,0.008317059588,0.009215633531,0,0.0110145889,0.006872144445,0.01087509242,0.006414004299,0.003799608413,0.0128435644,0.00676662662,0.001268014734,0.001568201031,0.01006373178,0.0007749067144,0.004994888972,0.0005713711895,0.00141471304,0.0003280849552,0.0032814569,0.01772857554,0.001541969219,0.001615293317,0.00595628213,0.01423691171,0.002045793556,0.0009709927548,0.002684252055,0.0006914102597,0.001081720282,0.0002414953223,5.956648201e-05,0.0002305618359,0.0001675923298,3.517736805e-05,6.850434435e-05,6.95460804e-05,2.876021688e-05,2.346839276e-05,4.553079638e-05,2.489666573e-05,1.452999307e-05,1.063020037e-05,1.213769198e-05,7.357469404e-06,3.395995214e-06,3.879082818e-06,2.432757342e-06,1.387324184e-06,9.409727814e-07,6.618927165e-07,3.866024202e-07,1.668137267e-07,1.144134228e-07,7.447624841e-08,3.253724755e-08,1.61665436e-08,1.012783922e-08,5.85489176e-09,2.177339773e-09,1.462679039e-09,2.700750455e-10,1.359521213e-10,6.382693354e-07,9.002676252e-07,1.061141712e-06,1.41823888e-06,1.713213115e-06,1.865277721e-06,2.830850949e-06,4.403745383e-06,3.134122717e-06,3.1512895e-06,1.293123949e-05,8.728317583e-06,2.173409421e-05,1.951542847e-05,4.990518152e-05,3.601481834e-05,0.0003786958904,6.924135525e-05,0.0001868040106,0.0008558153039,7.45428412e-05,4.232415008e-05,0.000480235854,0.0002640443999,9.244446883e-05,0.0001010507745,6.789392026e-05,0.0001789789996,4.962272498e-05,2.300846057e-05,1.73491228e-05,4.053308111e-05,5.891101199e-05,9.258207251e-05,0.0001543460448,0.0001801632217,0.0003560936113,0.0002114746968,0.001267587849,0.000435481612,0.0002386933343,0.002378668679,0.00124970958,0.0008669928242,0.0003534343902,0.003640270337,0.001562216798,0.0005611801998,0.0008872131795,0.0005646485977,0.0005446333534,0.0001784201217,0.0002468504191,5.286529183e-05,0.0001327799665,5.561751758e-05,3.969584178e-05,3.220356541e-05,1.692231953e-05,2.27168526e-05,1.68366027e-05,9.306507025e-06,7.582402058e-06,6.957559506e-06,4.732082529e-06,2.427314823e-06,2.834381751e-06,1.616539869e-06,9.557689199e-07,6.115370955e-07,4.490391844e-07,2.473399645e-07,1.218170681e-07,7.90664725e-08,4.767013384e-08,2.236164629e-08,1.920941891e-08,8.067213652e-09,5.104400357e-09,1.268233766e-09,7.767326914e-10,1.525929456e-10,5.042345045e-11
A:926,4.536380794e-06,7.470595417e-06,1.203552603e-05,1.871077161e-05,2.671116855e-05,4.355527771e-05,6.80286496e-05,0.0001027957931,0.0001426105857,0.000199253597,0.0002686301546,0.0003591497141,0.000421105179,0.0005582536658,0.0006177165819,0.0007648562893,0.0007893476544,0.0009666792006,0.001097724974,0.001162761658,0.001985396351,0.001189934175,0.003191661961,0.00194554749,0.006346189659,0.0127139655,0.009452534194,0.005033706409,0.0110145889,0,0.01264407936,0.01106997874,0.01736187639,0.01203582467,0.01263312302,0.01493951363,0.00327660883,0.001950425567,0.01742070587,0.001583424661,0.001010649389,0.00114349148,0.001256693937,0.0002855985433,0.001302004631,0.002211866365,0.0003258054855,0.0003189886642,0.00107016611,0.002679458927,0.0005730140062,0.0007696491188,0.001321984499,0.0004693580628,0.0003087122317,8.729109108e-05,7.853132669e-05,5.270110346e-05,9.257398198e-05,3.59670645e-05,3.116738616e-05,4.453516741e-05,3.689080216e-05,1.863966834e-05,2.897588965e-05,2.431894215e-05,1.550135559e-05,9.198759363e-06,9.591312115e-06,6.987693208e-06,2.747080462e-06,2.74088591e-06,2.044651492e-06,1.19028118e-06,5.293616479e-07,4.564327084e-07,2.777604304e-07,1.119460566e-07,6.591613251e-08,4.749341705e-08,2.133601707e-08,1.036599766e-08,5.740548476e-09,3.537715586e-09,1.432194224e-09,8.981733212e-10,1.555532057e-10,7.336456094e-11,1.898356832e-07,2.929942618e-07,4.44720178e-07,6.654555841e-07,8.435699117e-07,1.16293713e-06,2.26690623e-06,3.105681787e-06,2.607510641e-06,3.451230652e-06,1.086879626e-05,7.329607868e-06,6.668054822e-06,1.138816639e-05,3.682795595e-05,4.469455465e-05,0.0001431214304,6.257030212e-05,8.199369892e-05,7.167735414e-05,5.10954793e-05,0.0001662506893,5.502945283e-05,0.0001558746352,0.0001072410291,0.0001219018698,9.866695969e-05,0.0002871157185,6.948811371e-05,1.563888918e-05,1.76031217e-05,4.231315871e-05,6.378189074e-05,9.627853416e-05,0.0001683489942,0.0002310848659,0.0005689279851,0.0002085367012,0.0009716318686,0.0004731521356,0.0001445473934,0.002739458104,0.0003384202342,0.0009667506109,0.0006342169571,0.002777599836,0.001541299735,0.0007287173916,0.0008638502885,0.001742442747,0.0008622012424,0.0002408521284,0.0002059130718,5.642536451e-05,0.0003437533508,3.253961057e-05,3.920476072e-05,6.7168149e-05,2.204708791e-05,2.647290505e-05,2.815039135e-05,1.278917553e-05,4.904207629e-06,1.034238771e-05,6.117392737e-06,1.937702912e-06,2.574169596e-06,1.787873271e-06,7.696821041e-07,5.324025204e-07,4.243289997e-07,2.221064086e-07,8.353900373e-08,6.957378449e-08,3.9556224e-08,1.576354949e-08,1.443141658e-08,6.600692504e-09,3.800827454e-09,8.450963112e-10,5.509284741e-10,9.681089687e-11,3.148164908e-11
A:927,2.556825757e-06,4.388240338e-06,7.27168631e-06,1.145700826e-05,1.746720184e-05,2.976961694e-05,4.669235035e-05,7.176056481e-05,0.0001132955413,0.0001589718479,0.0002122559571,0.0003038135077,0.0004409913243,0.0005052524341,0.0006070375343,0.0008207346478,0.0009403880723,0.001194857655,0.001351745356,0.001216161024,0.001013393082,0.004268504154,0.002592368107,0.001824129061,0.002828866216,0.009705173418,0.014268136,0.004831059387,0.006872144445,0.01264407936,0,0.01002133182,0.01009512264,0.008747868495,0.008301559135,0.005848468165,0.003406692557,0.002135549175,0.004973086332,0.001359260696,0.0005088224695,0.0005356271798,0.0004297780805,0.0001086389037,0.0003970219572,0.001052712148,0.0003406743639,0.0004763653232,0.0008179243159,0.002926020781,0.001102806787,0.0005942584154,0.0005488840992,0.001531472631,0.0006526810381,0.0001421561852,0.002094146377,5.299178221e-05,0.0002376479845,0.0002228525423,0.0002282297741,0.0001130198531,6.521074906e-05,2.416582539e-05,2.603709617e-05,6.521558152e-05,3.179249906e-05,1.691354092e-05,2.558133273e-05,2.987525254e-05,7.645070367e-06,8.870930839e-06,1.258483122e-05,8.59466139e-06,2.230246311e-06,3.405984111e-06,2.604509248e-06,9.210491588e-07,6.373882513e-07,5.64953593e-07,2.934101206e-07,1.748097349e-07,8.904295875e-08,6.59022166e-08,3.287300767e-08,2.342146838e-08,5.656479782e-09,2.934415173e-09,1.655088137e-07,2.625691015e-07,3.710710799e-07,5.68770643e-07,7.98188413e-07,1.074387014e-06,1.742235523e-06,2.847508499e-06,2.935243986e-06,3.076622092e-06,8.707812605e-06,7.304541641e-06,1.07976573e-05,1.188014579e-05,3.765615097e-05,2.530663818e-05,0.0001804660115,6.663848205e-05,0.0001080170272,0.0002104066074,0.0001328676834,0.0001439960532,0.0001325154985,0.000153242768,0.0002645867619,0.0001308921025,9.202308968e-05,0.001397324474,0.0001204443321,3.030350907e-05,9.424622424e-05,0.0001857912754,7.37653295e-05,0.0001014366279,0.0003873827757,0.000330915811,0.001061543106,0.0008139947955,0.0009019007085,0.001192944229,0.0003384568094,0.001085482085,0.0009704748464,0.004513296685,0.001607318812,0.01394093549,0.006112966492,0.004967775502,0.01151068726,0.01786012384,0.004464327514,0.001742983991,0.0023888098,0.0006461031537,0.002712413722,0.0003384461789,0.0002227601441,0.00044702038,0.0002659946741,0.0001585465559,0.0002526248187,0.0001349731868,3.029900218e-05,0.0001405134624,9.215186001e-05,1.553783317e-05,3.730115567e-05,3.840437633e-05,1.538019037e-05,5.931360932e-06,1.076885599e-05,6.058973112e-06,1.935253575e-06,1.845370433e-06,1.418345833e-06,5.474041425e-07,3.520346197e-07,2.767784875e-07,1.671471567e-07,3.303096225e-08,2.311401424e-08,3.796529582e-09,1.534013931e-09
A:928,7.927692105e-07,1.359178981e-06,2.317160949e-06,3.641659544e-06,5.325403204e-06,9.4442919e-06,1.54283073e-05,2.225205816e-05,3.364717423e-05,5.400867144e-05,6.951331043e-05,8.483594507e-05,0.0001334682801,0.0001888840063,0.0001631255009,0.0002255476017,0.0003342758308,0.0003348062734,0.0004165079341,0.000612180573,0.0003135147147,0.0005209763069,0.00260100089,0.00128939823,0.001522223892,0.002939402988,0.00787251306,0.008293606964,0.01087509242,0.01106997874,0.01002133182,0,0.01042638035,0.009317609014,0.008759036035,0.006574444022,0.002628863691,0.001234788802,0.003151533562,0.001682998946,0.0008817905707,0.0006419981131,0.0009001166748,0.001108328914,0.0008108844044,0.0122164145,0.002601292673,0.003469982323,0.008909033672,0.01311232369,0.004401832409,0.004642108235,0.0195293946,0.001373091199,0.00170585759,0.0005265510773,0.001360642755,0.000820956207,0.000325519756,8.041282211e-05,0.0001863207581,0.0001544486245,7.811068292e-05,4.544666549e-05,9.341861703e-05,4.528131777e-05,3.723232051e-05,1.937277276e-05,2.976362312e-05,1.696775762e-05,7.327303882e-06,9.477305683e-06,6.187700359e-06,3.268857775e-06,2.496737198e-06,1.875240385e-06,1.076410501e-06,4.279010804e-07,3.547735483e-07,2.309526193e-07,9.650105975e-08,4.651883183e-08,3.592539268e-08,2.005168524e-08,6.58697709e-09,4.762008647e-09,9.984405728e-10,5.69184997e-10,1.191061574e-06,1.760375577e-06,2.425302935e-06,4.104328836e-06,4.918574751e-06,5.577824745e-06,1.105784908e-05,1.688355687e-05,8.315152884e-06,1.258543473e-05,5.996279733e-05,2.092300965e-05,5.736701504e-05,6.413781106e-05,0.0001814242569,0.0002666634204,0.001012288562,8.251430184e-05,0.0001955966089,0.0010607007,0.0002007108139,9.568822654e-05,0.0004205286113,0.0001876505056,0.0001333112354,0.0002083457344,0.001661433423,0.0001953409428,5.076054152e-05,8.109470579e-05,0.0001919434242,9.406906528e-05,1.038277726e-05,3.500762461e-05,5.571480005e-05,6.32867331e-05,6.727503487e-05,9.602196647e-05,9.091705546e-05,7.915683473e-05,0.0002369725875,0.0001701631353,0.0005528064901,0.0001633076783,0.0002729795242,0.0007760257942,0.0002754643089,0.00028864852,0.0006731783735,0.000492553533,0.0002980920029,0.0002449446537,0.0004371011911,3.155085704e-05,0.0001094092775,0.0001145069579,3.334741901e-05,2.348760601e-05,2.352134318e-05,1.910614024e-05,1.53712177e-05,1.349385375e-05,1.250615235e-05,1.007012179e-05,8.462219108e-06,4.360909581e-06,5.433212183e-06,3.858385752e-06,2.609819673e-06,1.138893348e-06,1.120171476e-06,6.882641633e-07,3.804723e-07,1.92932753e-07,1.54359675e-07,8.097741549e-08,4.941856921e-08,2.55163302e-08,1.766984761e-08,4.819630681e-09,2.762751704e-09,5.17664178e-10,2.204403721e-10
A:929,4.79118717e-07,8.815271181e-07,1.58022404e-06,2.713955215e-06,4.464684222e-06,8.204372135e-06,1.415504695e-05,2.377682058e-05,3.973286723e-05,6.347285258e-05,9.520392716e-05,0.0001478345708,0.0002256192506,0.0003133942938,0.000414384221,0.0006106771156,0.0007655134817,0.000951140756,0.001272546107,0.001454667707,0.001271671013,0.002399822856,0.003236093671,0.001321158114,0.002242408435,0.005787873234,0.005319925618,0.001965291012,0.006414004299,0.01736187639,0.01009512264,0.01042638035,0,0.04515878873,0.008037080482,0.01794284009,0.01094396932,0.00378903857,0.005722357586,0.003774355866,0.0007088977902,0.003912384851,0.001008655755,0.0009135818536,0.0007679168133,0.001032220023,0.0004336989209,0.001126795698,0.002584832217,0.001014899817,0.0006251733682,0.001767087722,0.0004438817141,0.0002776557634,0.0005587072104,0.0003410066318,0.0001150294579,0.0002110466931,0.0001901011268,7.281513246e-05,6.645530701e-05,9.138745211e-05,6.0041647e-05,2.131675444e-05,2.345306757e-05,2.683839032e-05,1.379314688e-05,5.156270436e-06,7.829432732e-06,5.453789726e-06,1.501681037e-06,1.508360364e-06,1.411720505e-06,7.389981487e-07,2.20384555e-07,2.713832231e-07,1.671499618e-07,5.518025704e-08,3.520127333e-08,2.758878336e-08,1.230425826e-08,5.66812079e-09,3.405022508e-09,2.144045169e-09,8.732995852e-10,5.414107505e-10,8.89210857e-11,4.012176972e-11,2.116706957e-07,3.417333966e-07,5.960957104e-07,1.072412154e-06,1.385274834e-06,2.089109045e-06,4.844340984e-06,7.683277446e-06,6.161153559e-06,1.137413528e-05,3.483865491e-05,2.620733345e-05,1.446736227e-05,5.194372853e-05,0.0001400399809,7.541324264e-05,0.0001848973504,0.0001921286468,0.0002397190991,0.0001359712145,6.945402318e-05,0.0001793282303,7.445238169e-05,8.679415038e-05,0.0001294511905,0.0001284428743,0.0001513385268,5.788479402e-05,9.729022138e-05,2.617883405e-05,2.16344713e-05,5.454352404e-05,2.478911472e-05,6.116667081e-05,0.0001137266985,0.0001531661895,0.000443322377,0.0002882725646,0.0007066052547,0.0003551941167,8.30388199e-05,0.0003773955935,0.0003278101665,0.0006678369939,0.0002081171572,0.0005829599976,0.0003943754376,0.000230790111,0.0003278736614,0.0006864833947,0.0001657545604,8.196002097e-05,9.015585304e-05,2.916874491e-05,0.0001126433202,1.825336284e-05,1.069495799e-05,2.144578906e-05,9.076574649e-06,5.863955736e-06,9.752634396e-06,4.453086878e-06,8.397556823e-07,3.90572126e-06,2.377661267e-06,4.381009544e-07,8.052204309e-07,7.428272202e-07,2.691905184e-07,1.913980658e-07,1.823977987e-07,9.778249791e-08,3.178299136e-08,3.282883391e-08,1.92130127e-08,7.246366084e-09,6.982634975e-09,3.577045826e-09,2.03918497e-09,4.199095192e-10,2.974196943e-10,5.573711988e-11,1.729412922e-11
A:930,1.393542136e-07,2.651480643e-07,4.978573635e-07,8.826473735e-07,1.485105471e-06,2.87600538e-06,5.240397312e-06,8.935620743e-06,1.542589168e-05,2.693515796e-05,4.206781365e-05,6.493922082e-05,0.0001077723996,0.0001655948511,0.0002177164946,0.0003256751488,0.0004873613068,0.0005927238805,0.0007973768688,0.001031559594,0.001122038295,0.001321736058,0.002778708911,0.001129160862,0.001885471515,0.003630007353,0.006507772229,0.001436547774,0.003799608413,0.01203582467,0.008747868495,0.009317609014,0.04515878873,0,0.00837178235,0.01431058341,0.01085376943,0.003678609911,0.003189433962,0.004851826906,0.0008822210164,0.001323968463,0.0005093248261,0.0004702043139,0.0005927336901,0.0004766928368,0.00030918565,0.000853862181,0.009627908617,0.001373416669,0.0004514061444,0.001001496994,0.00198351993,0.0007864627004,0.0006732164997,0.000517752579,0.0001875109579,0.0005988473601,0.0003347777886,0.000145663368,0.000185549582,0.0002087112054,0.0001346074694,6.200248813e-05,8.061048201e-05,5.932657075e-05,3.00331735e-05,1.254907285e-05,1.899639986e-05,1.024788571e-05,3.94249439e-06,3.770102146e-06,2.469045037e-06,1.101621435e-06,8.571974488e-07,5.020191131e-07,2.668033549e-07,1.110890721e-07,7.568378654e-08,4.385788139e-08,1.760425762e-08,7.58653529e-09,5.480020752e-09,2.782901515e-09,8.693783419e-10,5.51037698e-10,9.422726316e-11,5.269116909e-11,4.419827238e-07,6.679960257e-07,9.874371779e-07,1.646908884e-06,2.026668979e-06,2.694448007e-06,5.249926928e-06,8.186768001e-06,6.12644122e-06,8.627260134e-06,2.755438136e-05,1.503587168e-05,1.028637844e-05,2.757735117e-05,8.600998228e-05,4.822578683e-05,0.0001429716494,6.018518683e-05,0.000112847929,0.000161326062,2.308912712e-05,4.712164052e-05,9.662379189e-05,0.0001535085098,3.941115028e-05,5.463626422e-05,0.000346424332,0.0001374481421,4.95556663e-05,7.86571815e-05,1.474465676e-05,3.770242955e-05,2.980681883e-06,1.678851067e-05,5.845354352e-05,0.0001242816457,0.0002457478114,0.0001550569549,0.0005140450018,0.0003478052566,0.0001445057829,0.0002957563174,0.0003900430756,0.0007259739169,0.0002778883943,0.0008578659816,0.0008703344942,0.0005808342729,0.0004576211194,0.0002439656988,0.000447050603,0.0001337745915,5.546712714e-05,7.105132255e-05,0.0001415844242,5.161429276e-05,3.150996558e-05,4.796440416e-05,5.115688741e-05,2.019239652e-05,2.111499456e-05,1.801695503e-05,1.151298526e-05,6.391169608e-06,5.611869047e-06,2.803985588e-06,2.184252843e-06,1.407037193e-06,9.027354535e-07,3.829517144e-07,2.713886463e-07,1.578399763e-07,8.322027998e-08,3.40902216e-08,2.559964889e-08,1.296753032e-08,7.680554253e-09,3.097175277e-09,2.068648195e-09,6.034199668e-10,2.958714402e-10,4.926331372e-11,2.080302798e-11
A:931,4.742265349e-07,8.177887889e-07,1.408829735e-06,2.293157376e-06,3.374184181e-06,5.857094784e-06,9.750206788e-06,1.453971058e-05,2.087667421e-05,3.28332462e-05,4.509450008e-05,5.451736832e-05,7.811050681e-05,0.0001071227871,0.0001081847054,0.0001290310188,0.0002128208564,0.0001457868537,0.0003060399648,0.0003959857285,0.0003951635204,0.0005714557313,0.001583960289,0.00136696207,0.0003525130416,0.007305989319,0.001732378974,0.002269833647,0.0128435644,0.01263312302,0.008301559135,0.008759036035,0.008037080482,0.00837178235,0,0.0133753698,0.009409831809,0.008438209572,0.01108371888,0.004044437236,0.01639489994,0.0009384044531,0.00146509672,0.0010188366,0.001295614149,0.003764714905,0.001235450058,0.0006429879897,0.002147482099,0.003600015222,0.0006200655025,0.0003803169888,0.0007483230372,6.29330555e-05,0.0001403532917,5.568802669e-05,9.720681681e-05,2.960696422e-05,2.35357518e-05,2.630307166e-05,2.647804688e-05,1.389309831e-05,1.411530568e-05,8.488414231e-06,1.18441885e-05,6.34958411e-06,4.828491213e-06,3.064853537e-06,2.527034246e-06,1.646322396e-06,8.203750478e-07,7.826677429e-07,4.398576538e-07,2.659170378e-07,1.776528318e-07,1.058634237e-07,6.062394353e-08,2.930541121e-08,1.695734394e-08,1.037476332e-08,4.594904377e-09,2.3511956e-09,1.259849458e-09,7.233470115e-10,2.704291769e-10,1.758673674e-10,3.50640696e-11,1.864354725e-11,1.670536798e-07,2.359250227e-07,3.662181418e-07,5.000451617e-07,5.461830964e-07,7.333107515e-07,1.93848633e-06,1.646925545e-06,1.347843161e-06,2.158152198e-06,1.090834459e-05,3.297958231e-06,6.149947198e-06,9.777065303e-06,4.122923845e-05,0.000199087487,7.601569177e-05,4.980079723e-05,0.0001004154947,0.0006726210639,7.282407348e-05,5.607833576e-05,9.216742293e-05,4.947960182e-05,4.961236115e-05,6.206122379e-05,5.806583988e-05,0.0001108168569,3.355540368e-05,1.372764265e-05,1.282805825e-05,1.847337731e-05,1.265326133e-05,3.040563906e-05,3.385642121e-05,3.973644788e-05,7.310909804e-05,4.553469307e-05,0.0001839458046,7.490091378e-05,3.661816896e-05,0.0003863993318,8.215546892e-05,0.0001824120411,7.924556916e-05,0.002119895251,0.0005569709998,0.0003172277275,0.0009634716851,0.0009258040711,0.0002719421251,0.0001194866514,0.0001804381425,1.575520348e-05,9.78091005e-05,2.311406906e-05,6.057539683e-06,1.384066795e-05,6.82563292e-06,5.240748305e-06,5.260804466e-06,3.260393382e-06,1.549498294e-06,2.152653719e-06,1.457510597e-06,6.529986322e-07,7.04332834e-07,4.522596727e-07,2.399558598e-07,1.483203888e-07,1.091513958e-07,5.955855271e-08,2.637676125e-08,1.676334022e-08,1.033552976e-08,4.595300406e-09,3.526378467e-09,1.508149274e-09,9.135843102e-10,2.344376756e-10,1.331572112e-10,2.094416787e-11,8.044921944e-12
A:932,2.796007199e-07,4.970991505e-07,8.717343997e-07,1.461141465e-06,2.257596295e-06,4.028978893e-06,6.864361885e-06,1.104791432e-05,1.674289387e-05,2.652154689e-05,3.843624902e-05,5.446237607e-05,7.303913712e-05,0.0001042860659,0.0001206205541,0.0001650678845,0.0001862284725,0.0001938898951,0.0002580918021,0.0003482907696,0.0003687029978,0.0002472524579,0.0009542348369,0.0004891455492,0.001578045172,0.003818522538,0.002557151014,0.0007173276053,0.00676662662,0.01493951363,0.005848468165,0.006574444022,0.01794284009,0.01431058341,0.0133753698,0,0.01544465338,0.01342853746,0.008923067117,0.003436242508,0.01025496669,0.002075366076,0.001258793935,0.001400413896,0.0008442243697,0.00207604094,0.0002163869091,0.0003835245455,0.0008106050512,0.0003517367975,0.0001071093126,0.0002392529169,0.0003710889519,0.0001199843612,6.32991747e-05,5.006376705e-05,9.484540971e-05,3.125941221e-05,3.496916108e-05,3.16510809e-05,2.699004287e-05,1.39080217e-05,1.639818183e-05,9.770134244e-06,1.069315836e-05,5.509723099e-06,4.321384582e-06,2.640257837e-06,1.928946449e-06,1.227743253e-06,6.962004863e-07,5.826322907e-07,3.045015281e-07,1.874438189e-07,1.421365005e-07,7.211211216e-08,4.095498876e-08,2.142665344e-08,1.194591156e-08,6.857184955e-09,3.079041645e-09,1.625780087e-09,8.391141111e-10,4.777909995e-10,1.778342584e-10,1.166998832e-10,2.46496189e-11,1.358181742e-11,2.543262996e-07,4.01857243e-07,7.132505408e-07,1.223736093e-06,1.486408605e-06,2.233932016e-06,5.418408962e-06,7.595153902e-06,5.374272543e-06,1.085641597e-05,3.370358227e-05,2.135096364e-05,1.496489003e-05,4.015149587e-05,0.0001024641117,0.0001408667484,0.000212224649,0.0001519364593,0.0001499888527,9.729399049e-05,4.125589577e-05,0.0001027590423,3.449825962e-05,2.194112091e-05,3.475950242e-05,2.847344015e-05,3.683225195e-05,0.0001054841516,2.325896532e-05,1.408602897e-05,1.223276712e-05,9.536804049e-06,8.899019466e-06,2.893142803e-05,4.51411042e-05,7.51266047e-05,0.0001447210473,7.330550446e-05,0.0002256687861,0.0001547049211,4.951970025e-05,0.0004792190973,0.0001547575097,0.0003852099201,0.0001616505807,0.0009950262092,0.0004721247655,0.0002555352565,0.0003753457924,0.0006173209067,0.0002284479042,5.645050025e-05,6.23040634e-05,1.487059056e-05,8.747247112e-05,1.005820927e-05,7.744048002e-06,1.580375308e-05,8.833608682e-06,7.071954455e-06,6.158153306e-06,3.947258869e-06,1.991687986e-06,2.258232461e-06,1.497097709e-06,6.790965053e-07,6.593375091e-07,4.191427843e-07,2.216441213e-07,1.288496476e-07,9.250821877e-08,5.026137541e-08,2.220550687e-08,1.34119471e-08,8.310254201e-09,3.697709704e-09,2.64592431e-09,1.159149959e-09,6.977916631e-10,1.804920113e-10,1.005327639e-10,1.484982395e-11,6.132415619e-12
A:933,5.562014314e-08,9.97219529e-08,1.782534184e-07,3.045610079e-07,4.721248073e-07,8.748543768e-07,1.586195773e-06,2.658488559e-06,4.121974885e-06,6.95288237e-06,1.094351993e-05,1.581337421e-05,2.248261466e-05,3.526406068e-05,4.559398344e-05,6.026311639e-05,8.202361171e-05,9.692025011e-05,0.0001192077576,0.0001600985313,0.0001846036556,0.0001609677905,0.0003939415638,0.0002647451862,0.0004787681128,0.001015693541,0.001719044763,0.0006977799338,0.001268014734,0.00327660883,0.003406692557,0.002628863691,0.01094396932,0.01085376943,0.009409831809,0.01544465338,0,0.03959798905,0.01604853488,0.02867293187,0.006736850183,0.006882647598,0.0009535356901,0.001802030381,0.001204164367,0.0009283299826,0.0006905273868,0.00086085614,0.0007265175417,0.0003494602027,0.0002253316892,0.0003382686194,0.0001168164553,9.658786553e-05,8.372724963e-05,6.005497031e-05,4.293028914e-05,3.338360888e-05,2.356865665e-05,1.659348329e-05,1.377968806e-05,7.839633437e-06,5.758206738e-06,4.274594114e-06,3.722166197e-06,1.674881281e-06,1.096394934e-06,7.217369303e-07,4.515524807e-07,2.439573611e-07,1.49930492e-07,1.054492437e-07,4.988577784e-08,2.775847936e-08,2.261618562e-08,9.412697347e-09,4.949680249e-09,2.749820316e-09,1.320386599e-09,6.916596934e-10,3.013051165e-10,1.503190646e-10,7.059144136e-11,3.782412035e-11,1.379128979e-11,8.235419292e-12,1.513760507e-12,8.135208602e-13,6.665708785e-08,1.076285108e-07,2.048565091e-07,3.272287314e-07,4.043732814e-07,7.063064355e-07,1.820022462e-06,2.337061739e-06,2.265503502e-06,5.039298677e-06,1.442383526e-05,9.379777364e-06,8.91327638e-06,2.802948204e-05,6.688551942e-05,8.943709972e-05,7.610013309e-05,0.000129816495,0.0001628649501,0.0001870054802,7.807459664e-05,0.0001559513277,8.136782519e-05,7.736092311e-05,7.282300682e-05,6.936042644e-05,3.579636528e-05,4.339768235e-05,2.843766649e-05,1.024658324e-05,1.418826064e-05,1.92039943e-05,7.915924232e-06,1.589691557e-05,1.677397355e-05,3.865798407e-05,7.370939012e-05,6.296045675e-05,9.627211102e-05,9.057381788e-05,4.60362537e-05,9.911030053e-05,0.0001155354589,0.0002212280302,0.0001177202,0.0003561667296,0.0003845545626,0.000228976122,0.0001012150684,0.000123397164,0.0001898046811,5.09906601e-05,1.63842135e-05,1.771686823e-05,4.796080982e-05,7.299043903e-06,7.212535354e-06,8.827540789e-06,4.69457383e-06,3.056857519e-06,2.285052661e-06,1.348349657e-06,6.35941872e-07,5.47524968e-07,3.356550318e-07,1.608926127e-07,1.175827068e-07,6.718353993e-08,3.397967256e-08,2.097291042e-08,1.153651902e-08,5.94686353e-09,2.557920902e-09,1.435252151e-09,7.825045623e-10,3.358666762e-10,2.511273749e-10,9.113531685e-11,5.166008386e-11,1.380160757e-11,7.184135851e-12,9.374293615e-13,3.791473623e-13
A:934,8.503890719e-08,1.548115337e-07,2.805263006e-07,4.787499366e-07,7.543533145e-07,1.415519751e-06,2.541914399e-06,4.168069789e-06,6.639907319e-06,1.125240878e-05,1.718236668e-05,2.474526699e-05,3.725643732e-05,5.462910472e-05,6.817341413e-05,9.856910957e-05,0.0001323951043,0.0001176038639,0.0001825824477,0.0002787769222,0.0002214053112,0.0001317118112,0.0006701498319,0.0003497529167,0.0004785035592,0.002234596699,0.00216490873,0.0004973484341,0.001568201031,0.001950425567,0.002135549175,0.001234788802,0.00378903857,0.003678609911,0.008438209572,0.01342853746,0.03959798905,0,0.02468723306,0.02699217809,0.01887974368,0.008663575861,0.000977027696,0.001238690453,0.001285554356,0.0006373817411,0.0005185295999,0.0007788890691,0.0008142900625,0.0004064541382,0.0002724364265,0.000474054106,0.0001948836109,0.0001347053888,0.0001455353546,0.0001166455188,7.776490409e-05,6.876577346e-05,5.082489387e-05,3.413789882e-05,2.83665572e-05,1.862895773e-05,1.300963834e-05,7.820719523e-06,7.160880837e-06,3.763448488e-06,2.165098674e-06,1.187370591e-06,9.06224765e-07,4.854283127e-07,2.406895889e-07,1.725661158e-07,9.100594395e-08,4.637893252e-08,3.188501428e-08,1.512921185e-08,7.887353418e-09,3.926919075e-09,1.902641373e-09,1.03761367e-09,4.385823636e-10,2.029200238e-10,1.009254304e-10,5.319962891e-11,1.884969046e-11,1.08504098e-11,1.784063936e-12,9.158955821e-13,2.288649077e-07,3.292260534e-07,5.412262403e-07,7.211998894e-07,7.554748462e-07,1.199721697e-06,2.899889543e-06,2.919941099e-06,2.46874719e-06,5.079410399e-06,1.508893733e-05,6.051991368e-06,5.206698684e-06,1.996450555e-05,5.630270652e-05,8.32894446e-05,3.779401763e-05,0.0001002532429,0.0001470090547,0.0002057329513,5.591571848e-05,0.0001624067199,0.0001047622542,6.087004833e-05,0.0001086714234,0.0001074495957,6.053629533e-05,6.034221886e-05,6.219432847e-05,2.648233977e-05,2.315610564e-05,3.820581032e-05,1.198821365e-05,2.736969996e-05,2.640057903e-05,5.02414197e-05,9.615833575e-05,6.604418379e-05,0.0001365813811,0.0001076584349,4.351786226e-05,0.0001034335816,9.139725101e-05,0.0002197621059,8.55457963e-05,0.0004868142395,0.0003910762076,0.0002045666442,8.941942413e-05,0.0001354404141,0.0001625928214,3.643500536e-05,1.22264803e-05,8.877820541e-06,3.913955203e-05,6.76379053e-06,4.591289089e-06,6.410784941e-06,3.767815759e-06,2.882515815e-06,1.691290724e-06,1.062030194e-06,6.420386516e-07,4.559029596e-07,2.708749956e-07,1.680163321e-07,1.176568019e-07,5.856506471e-08,3.162421076e-08,2.412870312e-08,1.113971838e-08,5.672719609e-09,2.615173846e-09,1.501335811e-09,7.643570643e-10,3.352296616e-10,2.867803686e-10,9.240166013e-11,5.287293528e-11,1.439975972e-11,7.624491145e-12,1.078678036e-12,3.980637863e-13
A:935,1.172199883e-06,1.887447474e-06,3.090806936e-06,4.830527193e-06,6.451758123e-06,1.065394972e-05,1.750068682e-05,2.529301548e-05,3.18690092e-05,4.967436715e-05,6.77472016e-05,8.099685038e-05,0.0001114091134,0.0001411432588,0.0001350422788,0.0002255714822,0.0004210609382,0.0001088114777,0.0003431652591,0.0007758079222,0.000958560184,0.001258362992,0.001182572462,0.0007268470382,0.001766606628,0.02025963569,0.00494706917,0.001415062968,0.01006373178,0.01742070587,0.004973086332,0.003151533562,0.005722357586,0.003189433962,0.01108371888,0.008923067117,0.01604853488,0.02468723306,0,0.01200581107,0.01620031412,0.004076823648,0.001823355239,0.001107054409,0.0006965583814,0.001573697683,0.0003534870628,0.0003207886006,0.001887780739,0.0006653273893,0.0003060542986,0.0001944392774,0.0006896947718,9.717436616e-05,8.350582644e-05,4.070947765e-05,5.329037675e-05,2.225491423e-05,1.399686491e-05,1.589602622e-05,1.592574112e-05,6.99836591e-06,6.34201255e-06,5.641185799e-06,6.232626259e-06,2.650234454e-06,2.062133193e-06,1.530330895e-06,9.907453361e-07,5.852646337e-07,3.589461991e-07,2.877185761e-07,1.451029703e-07,8.510207214e-08,6.422654868e-08,3.150581825e-08,1.724400731e-08,9.032064378e-09,4.664753845e-09,2.673550549e-09,1.170149382e-09,5.81760709e-10,2.943443304e-10,1.634419825e-10,6.042541602e-11,3.702548201e-11,6.609571016e-12,3.411758156e-12,3.250034773e-07,4.640320154e-07,7.437706693e-07,1.038835001e-06,1.080497826e-06,1.52195763e-06,3.714205355e-06,3.888278013e-06,2.405953461e-06,4.643958774e-06,1.644598102e-05,8.197937703e-06,7.859389944e-06,1.344355587e-05,4.656474929e-05,0.0001417188252,0.0001080873498,8.200702103e-05,0.0001067092111,0.0001709570278,5.105738054e-05,0.000152376012,6.909612023e-05,4.446168097e-05,4.159842982e-05,8.279091976e-05,3.125678557e-05,3.605410467e-05,3.166606496e-05,1.191535425e-05,1.5712781e-05,1.683418165e-05,1.89242671e-05,1.393870243e-05,1.77988839e-05,5.190649202e-05,0.0001109862318,3.010059369e-05,0.0006736300752,0.0001444023408,4.578457445e-05,0.0006819215632,0.0002140076845,0.0002305066842,3.701551158e-05,0.001269382243,0.0005658120613,0.0003505739026,0.0003830835087,0.0004862963961,0.0004342858388,9.203194709e-05,2.835192935e-05,2.884117903e-05,0.0001126857127,6.827961603e-06,1.363046286e-05,2.049799934e-05,8.562897466e-06,6.113472534e-06,5.832810874e-06,3.096137452e-06,1.283957288e-06,1.461072303e-06,9.005743456e-07,3.8871207e-07,3.213142143e-07,1.943424816e-07,9.593721327e-08,5.974383154e-08,3.578911459e-08,1.860853472e-08,7.959155816e-09,4.757637795e-09,2.622680512e-09,1.128678807e-09,8.971566976e-10,3.314309961e-10,1.906414143e-10,5.003469478e-11,2.722255486e-11,3.996809316e-12,1.474897326e-12
A:936,4.416373376e-08,7.813640704e-08,1.35434006e-07,2.198459273e-07,3.341131188e-07,6.05985898e-07,1.034015539e-06,1.661856663e-06,2.574873234e-06,3.998383904e-06,5.802768021e-06,8.782961775e-06,1.149950474e-05,1.503085024e-05,1.997825429e-05,3.318369907e-05,2.796588148e-05,3.198090508e-05,5.556287159e-05,9.113594425e-05,5.950455853e-05,8.234554175e-05,0.0001914495913,0.0001334514483,0.0005815518274,0.000450167824,0.0006334984089,0.0003854057729,0.0007749067144,0.001583424661,0.001359260696,0.001682998946,0.003774355866,0.004851826906,0.004044437236,0.003436242508,0.02867293187,0.02699217809,0.01200581107,0,0.02002218737,0.01882784299,0.009283906709,0.004353237367,0.007101552865,0.002394956502,0.00285264264,0.002535892099,0.002105768783,0.00103561062,0.0008032227563,0.001581178038,0.0008451536903,0.0005736281844,0.0005957262161,0.0005203620539,0.0001842812824,0.0002710408323,0.000176207185,8.847576201e-05,6.49674138e-05,5.577365607e-05,3.104059617e-05,1.569742432e-05,1.296084818e-05,7.908199992e-06,3.540287746e-06,1.573358701e-06,1.466203979e-06,7.208297464e-07,3.011677705e-07,2.016018095e-07,1.125075785e-07,4.817645432e-08,3.447567768e-08,1.517967811e-08,7.468234655e-09,3.484296186e-09,1.703229153e-09,8.654925714e-10,3.430771308e-10,1.405859383e-10,7.752535365e-11,3.682756322e-11,1.177311043e-11,6.309180604e-12,8.501017098e-13,4.304626614e-13,1.525923834e-06,2.15037545e-06,3.120106089e-06,4.605117344e-06,4.946079189e-06,6.98296658e-06,1.408209866e-05,2.147373717e-05,1.544938364e-05,2.531414217e-05,6.571215686e-05,5.937846457e-05,2.945088353e-05,9.174562531e-05,0.0002164080715,0.0002130706929,0.0004492860005,0.0004799092438,0.0005656495447,0.0006333622643,0.000153178758,0.0006571649432,0.0005181411805,0.0001848352661,0.0001911868098,0.0002356287316,0.000259786089,7.510632602e-05,0.0001348341088,5.705441156e-05,2.92987205e-05,7.942289115e-05,1.475730449e-05,2.775489458e-05,1.94511393e-05,2.349555441e-05,4.777215411e-05,3.402508007e-05,4.444931364e-05,5.851939408e-05,3.322977653e-05,4.838041671e-05,5.033812585e-05,8.633317399e-05,4.631293114e-05,0.0001378327537,0.0001806240539,0.0001246842487,9.96057961e-05,4.998727655e-05,0.0001069310739,6.248368915e-05,2.785244388e-05,1.512129041e-05,2.92304583e-05,1.92480546e-05,5.783962194e-06,6.237964983e-06,6.392088807e-06,3.609865836e-06,1.531244531e-06,1.24204231e-06,9.637951782e-07,3.439437522e-07,2.336858592e-07,1.802743144e-07,1.009052958e-07,4.158117437e-08,2.617672923e-08,1.869219903e-08,6.893799046e-09,3.44493235e-09,1.790688754e-09,7.839921469e-10,4.055293947e-10,1.891501936e-10,1.562100591e-10,3.960183108e-11,2.371942153e-11,7.130578706e-12,3.309089559e-12,4.797531037e-13,1.695853054e-13
A:937,1.642416967e-07,2.82230917e-07,4.893982277e-07,7.330302101e-07,1.032295073e-06,1.938447307e-06,3.24963561e-06,4.187671278e-06,6.640123706e-06,1.138167648e-05,1.418379005e-05,1.447976769e-05,2.933839702e-05,3.59015591e-05,2.94102516e-05,5.286557116e-05,8.308986633e-05,3.127722498e-05,9.925457056e-05,0.0002517327845,9.661252094e-05,0.0002956977971,0.0005935248212,0.000430434411,0.001337415805,0.002880244067,0.001196016023,0.0005152087327,0.004994888972,0.001010649389,0.0005088224695,0.0008817905707,0.0007088977902,0.0008822210164,0.01639489994,0.01025496669,0.006736850183,0.01887974368,0.01620031412,0.02002218737,0,0.01577200798,0.01304065718,0.01223050146,0.01407951439,0.006924053761,0.002227317899,0.002814285898,0.0008471096128,0.0004795270521,0.0005272803175,0.000919245672,0.000422322129,0.0002666660369,0.0003546254373,0.0003867256655,0.0001131957733,0.0002604610729,0.0001901565461,0.0001019535415,9.536717527e-05,9.888107169e-05,6.238372973e-05,2.934779248e-05,3.280928732e-05,2.33397906e-05,1.070617533e-05,4.450754688e-06,5.870282346e-06,3.064638901e-06,1.165797123e-06,9.626428837e-07,6.071162891e-07,2.605596966e-07,1.912055075e-07,1.006094832e-07,5.1691376e-08,2.238028575e-08,1.307358149e-08,7.217009732e-09,2.857625223e-09,1.173829002e-09,7.651371488e-10,3.731219085e-10,1.165560623e-10,6.778406913e-11,1.021607746e-11,5.481467002e-12,6.517155238e-06,8.613634051e-06,1.248545109e-05,1.468346826e-05,1.39807625e-05,1.911242249e-05,4.709246258e-05,3.721681854e-05,2.366332359e-05,4.490880407e-05,0.0001857445432,9.93293322e-05,8.059945459e-05,0.0001281645526,0.0005323987334,0.002119897219,0.0006741606455,0.0008253459299,0.00113786367,0.002769993538,0.0001621737682,0.0008872348156,0.0005747104571,0.000332392768,0.0001682968514,0.0002725900678,0.0001328111818,8.46239766e-05,0.000176673607,0.000114975257,2.872789027e-05,8.199064792e-05,1.990481547e-05,3.987089971e-05,2.845164956e-05,2.231095246e-05,2.740083864e-05,2.294481742e-05,4.326027789e-05,4.871015807e-05,3.947133341e-05,0.0001011918767,0.0001527126891,4.99700618e-05,6.779628198e-05,0.0003428256384,0.0001591135779,6.733223744e-05,8.857300366e-05,4.146734809e-05,9.349745011e-05,4.164640824e-05,1.664547874e-05,2.314701411e-05,3.317664492e-05,2.346347602e-05,9.496407018e-06,1.332453991e-05,1.511118118e-05,7.216918464e-06,5.32440903e-06,4.58717443e-06,3.332099811e-06,1.410030885e-06,1.219930433e-06,7.215744851e-07,4.918566616e-07,2.632854813e-07,1.715957902e-07,8.708458319e-08,4.73175486e-08,2.604185006e-08,1.367109983e-08,5.454635369e-09,3.6730288e-09,1.805903211e-09,1.200723423e-09,3.899690604e-10,2.526285792e-10,7.533680256e-11,3.471869418e-11,5.484382351e-12,2.142023619e-12
A:938,9.297950946e-08,1.601262857e-07,2.693683733e-07,3.832317773e-07,5.496434599e-07,1.028199259e-06,1.632346432e-06,2.07446952e-06,3.5299952e-06,5.558066514e-06,6.555262117e-06,7.689853728e-06,1.406362954e-05,1.569795774e-05,1.543249927e-05,2.829532509e-05,3.341596799e-05,2.349145603e-05,4.864493067e-05,8.034096023e-05,0.0001075765781,8.543319259e-05,0.0001593119832,8.850295756e-05,0.001176714214,0.0008798497885,0.0002891899791,0.0002053504336,0.0005713711895,0.00114349148,0.0005356271798,0.0006419981131,0.003912384851,0.001323968463,0.0009384044531,0.002075366076,0.006882647598,0.008663575861,0.004076823648,0.01882784299,0.01577200798,0,0.02575147554,0.01052789049,0.01951429016,0.006655096872,0.009120981851,0.006815952952,0.003229433425,0.002179328417,0.001866865989,0.003527596684,0.001941065715,0.001143562674,0.00149804368,0.001679298849,0.0005187107867,0.0009265951331,0.0006969791988,0.0003654976318,0.000266494249,0.0002929569182,0.0001776209013,7.139832436e-05,7.115065739e-05,5.571055339e-05,2.389984941e-05,8.434304417e-06,1.168576667e-05,6.168323146e-06,1.996853108e-06,1.587248157e-06,1.077644294e-06,4.380743434e-07,2.750181259e-07,1.551945252e-07,7.906712788e-08,3.110531058e-08,1.817014268e-08,1.015717619e-08,3.922132077e-09,1.493681774e-09,1.024743031e-09,4.889507642e-10,1.477689356e-10,8.21075183e-11,1.081350064e-11,5.673163728e-12,1.953003637e-05,2.415394435e-05,2.646635431e-05,3.524766884e-05,3.218554495e-05,3.458803677e-05,5.957838008e-05,9.496156302e-05,5.671487709e-05,6.932600185e-05,0.0001906739711,0.0001337797041,0.0002930346088,0.0002084409118,0.000469417499,0.0003828306255,0.002048679777,0.001187678318,0.001327275987,0.001493958222,0.0007589383127,0.002452548959,0.001633702148,0.0006814735527,0.0006166987539,0.001070596409,0.0006490842949,0.000124892334,0.0006848105188,0.0003271513108,7.554145929e-05,0.0003314486363,6.574183755e-05,0.0001037990449,5.358154014e-05,1.905593509e-05,4.455144562e-05,8.426618172e-05,4.106170822e-05,5.285822282e-05,0.000102671045,0.0001019702235,4.03830695e-05,4.845543247e-05,9.58556834e-05,4.540106197e-05,3.95241864e-05,7.33974162e-05,6.524153081e-05,8.114228858e-05,7.005840521e-05,6.076607734e-05,4.107243608e-05,5.53115067e-05,3.56807616e-05,5.607041224e-05,1.535668956e-05,1.988681708e-05,2.504298364e-05,9.572448514e-06,7.534873893e-06,6.68995014e-06,4.992904288e-06,1.656685929e-06,1.590132643e-06,9.188701983e-07,5.698054114e-07,3.051113259e-07,2.048478191e-07,9.89725933e-08,4.906653588e-08,2.731147939e-08,1.501483698e-08,5.162996325e-09,3.692212701e-09,1.876293395e-09,1.223349233e-09,3.574938795e-10,2.408625003e-10,7.495867908e-11,3.27902852e-11,5.543518304e-12,2.09758988e-12
A:939,1.005807166e-06,1.58852792e-06,2.539253979e-06,3.304658495e-06,4.211534689e-06,7.438179121e-06,1.097348211e-05,1.131052042e-05,1.780224732e-05,2.669533506e-05,2.625376191e-05,3.258913217e-05,5.083943717e-05,3.92491166e-05,4.205881273e-05,0.0002189563723,3.583959714e-05,5.340654329e-05,0.0002577707324,0.0007582217476,0.0009008708458,0.0004476394851,0.0005259746216,0.000823479503,0.01434980996,0.0008649569555,0.0004969790044,0.0006510536546,0.00141471304,0.001256693937,0.0004297780805,0.0009001166748,0.001008655755,0.0005093248261,0.00146509672,0.001258793935,0.0009535356901,0.000977027696,0.001823355239,0.009283906709,0.01304065718,0.02575147554,0,0.01326524533,0.01759505939,0.008065126315,0.007180418397,0.01335578649,0.003154029485,0.001310994052,0.001374975301,0.003785447802,0.001367051689,0.001194465892,0.001584600116,0.001253355545,0.0005555552843,0.001077803482,0.0006957082626,0.0003374478075,0.0003522758255,0.0003450617096,0.0001970346799,9.389494106e-05,0.0001036993251,7.226661673e-05,3.190469209e-05,1.357011177e-05,1.724875378e-05,8.927275012e-06,3.306691076e-06,2.729823476e-06,1.715712407e-06,7.284409642e-07,5.194534354e-07,2.779613268e-07,1.417205123e-07,6.049091053e-08,3.548259622e-08,1.962015481e-08,7.707860458e-09,3.149629861e-09,2.082299455e-09,1.011712471e-09,3.126167219e-10,1.823505773e-10,2.732719473e-11,1.478780109e-11,3.913913091e-05,4.730087164e-05,5.243019363e-05,3.923139531e-05,4.257537091e-05,4.866732396e-05,6.034658285e-05,0.000175331065,5.467747509e-05,6.84103803e-05,0.0001145335158,0.001346871235,0.0006995690448,0.0002617078751,0.0002550041246,0.005190133637,0.01564365813,0.001155306535,0.000681758143,0.002946310095,0.002870376258,0.001255905663,0.0008465400671,0.0005139700999,0.0004973477921,0.0004841315624,0.0006044117799,0.0001589190145,0.0005612417066,0.0003620282079,6.318665998e-05,0.0002195531701,8.355208089e-05,0.0001047136573,2.808494283e-05,2.488311122e-05,8.42027429e-05,0.0003324127492,0.0007386870602,9.996730322e-05,0.0002218575102,0.001140118548,0.000480706057,8.268223547e-05,0.0002278695406,0.0001450901587,0.0001416906232,5.021877758e-05,6.689724442e-05,6.746863393e-05,5.015109783e-05,6.113591755e-05,4.549815247e-05,2.495948805e-05,3.271589291e-05,6.543829125e-05,1.6594762e-05,2.117200767e-05,3.292340049e-05,1.846918525e-05,1.068172775e-05,9.999035509e-06,8.424702306e-06,3.189271558e-06,2.804120255e-06,1.830839794e-06,1.240973658e-06,6.425441802e-07,4.290398897e-07,2.281753884e-07,1.201677281e-07,6.627061746e-08,3.537154336e-08,1.4052215e-08,9.554585508e-09,4.730740827e-09,3.128871484e-09,1.021543167e-09,6.652539163e-10,2.000827465e-10,9.212933541e-11,1.45094251e-11,5.780828534e-12
A:940,7.083469091e-08,1.201599335e-07,2.01881521e-07,2.823745588e-07,3.905289236e-07,7.20794722e-07,1.128496394e-06,1.327577219e-06,2.15526295e-06,3.406935902e-06,3.796314073e-06,3.966890028e-06,7.150770123e-06,7.740523784e-06,6.657597391e-06,1.618050331e-05,1.256777684e-05,1.25951648e-05,2.484564313e-05,5.765850745e-05,8.816384695e-05,5.952352652e-05,7.636576138e-05,5.92371314e-05,0.001293258031,0.0002704544576,0.000144909837,0.0002333473806,0.0003280849552,0.0002855985433,0.0001086389037,0.001108328914,0.0009135818536,0.0004702043139,0.0010188366,0.001400413896,0.001802030381,0.001238690453,0.001107054409,0.004353237367,0.01223050146,0.01052789049,0.01326524533,0,0.01137587243,0.0075409206,0.007387402973,0.01142863859,0.006750005196,0.002497093223,0.002957390019,0.001576297369,0.003885442941,0.0005659895212,0.001051077571,0.001336721487,0.0004834645737,0.0007625114536,0.0006870055332,0.0003233408704,0.0002416041663,0.0004025473934,0.0002425462117,8.90050151e-05,0.0001198445836,0.0001079477743,4.408012667e-05,1.543430296e-05,2.781003734e-05,1.517316247e-05,4.579959853e-06,4.354391494e-06,3.17702998e-06,1.281697244e-06,8.165479934e-07,5.298360194e-07,2.753066068e-07,1.019751267e-07,6.750410429e-08,4.022404083e-08,1.539077688e-08,5.825983066e-09,4.488842629e-09,2.182884301e-09,6.491155186e-10,3.800923409e-10,5.253645846e-11,2.852284539e-11,0.000172163873,0.0001861111381,0.0001535630754,0.0002291649221,0.0001785999309,0.0001309309512,0.0005294202392,0.0003672390327,0.0002365824964,0.0006773787719,0.002581375171,0.0006067681698,0.003567253523,0.001783429298,0.004062787229,0.02238771028,0.009871057664,0.006951297541,0.005594606972,0.01719886637,0.003663895565,0.003375586998,0.001945836944,0.002701555667,0.001075223795,0.0009588641298,0.0005382810711,0.0002060539509,0.0008211307105,0.0005042077341,0.0001105715648,0.0004140317492,5.846623338e-05,0.0001021399739,8.288530722e-05,2.897975779e-05,4.370585624e-05,0.0004057726372,0.0001772441566,0.0001170077889,0.0005513531898,0.0001658618474,9.020889192e-05,0.0001320514038,0.0004024049813,0.0001767747441,5.060493809e-05,7.446714577e-05,6.568903976e-05,3.925025048e-05,5.904569029e-05,4.102961815e-05,4.145638132e-05,4.686983599e-05,3.037532849e-05,5.285965194e-05,1.549154008e-05,2.691325685e-05,3.585286163e-05,1.06479096e-05,1.53450146e-05,1.376245648e-05,9.706689823e-06,3.948070134e-06,4.355098388e-06,2.137424458e-06,1.467739479e-06,9.902820361e-07,6.663608219e-07,2.550649032e-07,1.671089972e-07,1.006090107e-07,5.47284664e-08,1.787302198e-08,1.519235298e-08,7.940475061e-09,4.429064454e-09,1.559312272e-09,1.086641349e-09,3.375321266e-10,1.476525522e-10,2.587901007e-11,1.051477035e-11
A:941,9.665492052e-08,1.67197893e-07,2.841046237e-07,4.069972538e-07,5.85271101e-07,1.108963824e-06,1.80234448e-06,2.29105092e-06,3.930944152e-06,6.417284836e-06,7.906105512e-06,8.89177741e-06,1.738218791e-05,2.071889096e-05,2.083330307e-05,3.551440351e-05,5.112625785e-05,3.288844511e-05,7.098644374e-05,0.0001257257121,0.0001775720122,8.524087951e-05,0.0003732853375,0.0001553461019,0.001989245341,0.001144451037,0.0008725830823,0.0003996273986,0.0032814569,0.001302004631,0.0003970219572,0.0008108844044,0.0007679168133,0.0005927336901,0.001295614149,0.0008442243697,0.001204164367,0.001285554356,0.0006965583814,0.007101552865,0.01407951439,0.01951429016,0.01759505939,0.01137587243,0,0.009517207361,0.008151957589,0.008957000851,0.01364804217,0.007237740972,0.003597567784,0.003374077572,0.001450375569,0.002255127666,0.001738249403,0.001707283661,0.0005347689226,0.001058189496,0.001023628876,0.0004955007328,0.0003938336487,0.0005626231286,0.0004027605225,0.000144334251,0.0001877054868,0.0001743899251,7.801186725e-05,2.48055261e-05,4.827008375e-05,2.728075997e-05,8.002251293e-06,7.787351523e-06,5.976695747e-06,2.452809313e-06,1.476193923e-06,1.03696756e-06,5.500975015e-07,1.947861646e-07,1.349601575e-07,8.347362499e-08,3.206071922e-08,1.195996231e-08,9.694035009e-09,4.793524443e-09,1.425420489e-09,8.439363116e-10,1.154321557e-10,6.222913441e-11,3.214808353e-05,4.201660063e-05,4.744156417e-05,6.568024633e-05,6.940952475e-05,7.399077835e-05,0.0001281681394,0.0001996312808,0.0001228856983,0.0001263104934,0.0005419121609,0.0002433114631,0.0005146002965,0.0004662298917,0.001560947478,0.00102848334,0.004464379281,0.001723750043,0.002872248515,0.004182257245,0.0006973624504,0.001394391612,0.001561978852,0.002016806244,0.0004437835317,0.0004403825985,0.000796412313,0.0001145623378,0.0003383055358,0.0002862267246,4.707767981e-05,0.0002607977496,3.482986001e-05,7.245470108e-05,8.489440434e-05,2.949861173e-05,5.387799138e-05,8.182805031e-05,0.0001679993591,7.869670217e-05,9.500060847e-05,0.000273723951,8.693103444e-05,0.0001222497833,0.0004077727596,0.0002223086052,8.636358329e-05,7.984532286e-05,0.0003550144326,0.000154539528,0.0001327367509,6.134461322e-05,5.986379214e-05,0.0001059762414,6.307910458e-05,8.176328586e-05,2.938672585e-05,4.901901573e-05,5.857177883e-05,1.397913165e-05,2.697798426e-05,2.334146939e-05,1.558465104e-05,6.751222011e-06,7.56998023e-06,3.371320238e-06,2.353007965e-06,1.745946007e-06,1.173521567e-06,4.084325755e-07,2.874874329e-07,1.78740351e-07,9.949170483e-08,3.076989567e-08,2.808785739e-08,1.510667744e-08,8.167316765e-09,2.942584656e-09,2.113489989e-09,6.641008404e-10,2.927884645e-10,5.527847137e-11,2.22043808e-11
A:942,9.865942513e-07,1.508876056e-06,2.346652782e-06,3.072622645e-06,3.623954484e-06,6.336062832e-06,9.702096453e-06,1.017011626e-05,1.390910765e-05,2.33010158e-05,2.48400994e-05,1.84718488e-05,3.719759145e-05,5.136078212e-05,3.579335483e-05,8.405837198e-05,9.344702163e-05,9.403481003e-05,0.0001597462581,0.0003608836876,0.001087431662,0.0003843676887,0.000771013264,0.001108208396,0.01739161729,0.002150576454,0.002573142208,0.01341835419,0.01772857554,0.002211866365,0.001052712148,0.0122164145,0.001032220023,0.0004766928368,0.003764714905,0.00207604094,0.0009283299826,0.0006373817411,0.001573697683,0.002394956502,0.006924053761,0.006655096872,0.008065126315,0.0075409206,0.009517207361,0,0.005044200903,0.005339864424,0.00734783956,0.01259031738,0.007640676059,0.002227065196,0.003392973013,0.0002637737117,0.002228119497,0.000792553713,0.0002039296774,0.0005174802024,0.0003935054098,0.0001478677939,0.0001879404579,0.0002350507505,0.0001294789342,7.381862313e-05,0.0001208802819,9.225273731e-05,4.373433654e-05,1.958145746e-05,3.571890063e-05,1.994784803e-05,7.181382646e-06,7.90335684e-06,5.502732596e-06,2.484619101e-06,1.797037904e-06,1.217854267e-06,6.612258831e-07,2.613877158e-07,1.871986102e-07,1.164362737e-07,4.641415394e-08,1.956572523e-08,1.493312809e-08,7.702335256e-09,2.412919673e-09,1.55383145e-09,2.620830719e-10,1.44562388e-10,1.338727604e-05,1.717608873e-05,1.688799031e-05,2.006051601e-05,2.19183669e-05,2.424815761e-05,3.105821498e-05,5.129242633e-05,5.421274728e-05,5.713629082e-05,0.0001227110483,7.888941648e-05,0.0002722934939,0.0001869873612,0.0003874229451,0.0002322829062,0.001853329449,0.0006331648481,0.001103370827,0.003408063596,0.0006091781125,0.0004645989851,0.001884124694,0.002934268937,0.0004542027451,0.000182200849,0.000525849124,0.0001699045331,0.0001167143166,0.00011802789,7.919807697e-05,0.0001569169639,3.99203119e-05,5.627551422e-05,3.781429075e-05,2.78352643e-05,7.820409325e-05,8.441586234e-05,0.0009014773218,6.021634781e-05,0.001198896737,0.004146688293,0.0003353024052,0.0004087580207,0.000221482952,0.0003485337992,0.0002770465976,0.000167251361,0.0002420359524,0.0001112036721,0.0001218006529,0.0001003559534,4.778991943e-05,2.027424426e-05,4.41387193e-05,3.840578847e-05,1.465495212e-05,2.217183603e-05,3.734998738e-05,1.882791156e-05,1.911465188e-05,1.837383808e-05,1.497791201e-05,7.606903429e-06,7.783512521e-06,4.084716899e-06,3.655030907e-06,2.372958396e-06,1.650100521e-06,6.987046213e-07,5.301413438e-07,3.192847673e-07,1.767518691e-07,7.252952642e-08,5.747768305e-08,3.01000054e-08,1.825837474e-08,7.436730121e-09,5.107669974e-09,1.501464986e-09,7.448004411e-10,1.337735469e-10,5.40640441e-11
A:943,8.253640009e-08,1.397651649e-07,2.350664988e-07,3.39590609e-07,4.705806196e-07,8.549030323e-07,1.380323884e-06,1.715883398e-06,2.624670633e-06,4.200891558e-06,5.24053034e-06,5.108981224e-06,8.468637314e-06,1.066559907e-05,1.067196066e-05,1.591485376e-05,1.423923858e-05,1.51322112e-05,2.760983792e-05,8.315949507e-05,5.405500114e-05,5.736782285e-05,9.0547035e-05,0.000471554183,0.001925499714,0.0001892166151,0.0003106719405,0.0007776706354,0.001541969219,0.0003258054855,0.0003406743639,0.002601292673,0.0004336989209,0.00030918565,0.001235450058,0.0002163869091,0.0006905273868,0.0005185295999,0.0003534870628,0.00285264264,0.002227317899,0.009120981851,0.007180418397,0.007387402973,0.008151957589,0.005044200903,0,0.02757157338,0.00743678224,0.008664679568,0.01032655735,0.009374986069,0.002391611018,0.001216004896,0.0009875135212,0.002392248283,0.0004304500549,0.000925071129,0.0007258963303,0.0003198659496,0.0004615110372,0.0005458693221,0.000311812494,0.0001133802136,0.0002450547649,0.0001994776473,8.3330704e-05,3.504345215e-05,7.326759287e-05,3.988330033e-05,1.174636591e-05,1.461881579e-05,1.101645534e-05,4.60785263e-06,2.998122419e-06,2.359683468e-06,1.264455378e-06,4.356599709e-07,3.498147039e-07,2.250551761e-07,8.675040337e-08,3.469697751e-08,2.998031169e-08,1.534618389e-08,4.597047818e-09,2.972063681e-09,4.5955982e-10,2.562969848e-10,5.988460437e-05,7.959358205e-05,8.41082296e-05,9.361602408e-05,0.0001085779352,0.0001222604315,0.0001402976069,0.0001995114079,0.0001595062469,0.0001806522267,0.0005565699752,0.0004663662881,0.0006096798436,0.000873299,0.001510504513,0.001628858125,0.0104932631,0.001085345182,0.00182193609,0.009320345823,0.01921069541,0.001815879373,0.006970861462,0.007053721527,0.002141820065,0.002473298244,0.001321214625,0.0001568651909,0.00047225535,0.0002657100419,0.0002295414138,0.0008320525926,6.03592528e-05,9.812992975e-05,5.686613268e-05,0.0001078788203,6.26177421e-05,0.0009896245897,0.000116475024,0.0001702584864,0.003836144588,0.00170460089,0.0001646183099,8.86329375e-05,0.001279424919,0.0004985129101,4.36977781e-05,6.181767735e-05,9.706205359e-05,0.0002178166897,4.424293819e-05,3.522514274e-05,2.119996175e-05,3.779739702e-05,3.376896682e-05,4.286642929e-05,2.339665359e-05,2.840612256e-05,5.045466352e-05,1.230703884e-05,2.815686556e-05,2.536145101e-05,1.796324066e-05,1.00709018e-05,1.12845571e-05,5.235019817e-06,4.210667959e-06,3.476686578e-06,2.403878929e-06,8.437197767e-07,6.979950076e-07,4.54461759e-07,2.60747306e-07,9.230909115e-08,8.425770108e-08,4.651686755e-08,2.474686037e-08,1.065356201e-08,7.652590912e-09,2.352716655e-09,1.144961232e-09,2.17920518e-10,9.274905539e-11
A:944,5.885882451e-08,1.042166567e-07,1.798659288e-07,2.782213983e-07,4.205628103e-07,7.847075935e-07,1.287958806e-06,1.866293478e-06,3.066621917e-06,4.917704688e-06,6.353151689e-06,8.518810324e-06,1.347845181e-05,1.654573654e-05,1.815756706e-05,2.970376832e-05,2.795062207e-05,2.360678877e-05,5.415878742e-05,6.761550343e-05,2.11638238e-05,5.627958916e-05,0.0001619603225,6.028871553e-05,0.0005525477874,0.0002140460304,0.0002417534022,0.0009082010007,0.001615293317,0.0003189886642,0.0004763653232,0.003469982323,0.001126795698,0.000853862181,0.0006429879897,0.0003835245455,0.00086085614,0.0007788890691,0.0003207886006,0.002535892099,0.002814285898,0.006815952952,0.01335578649,0.01142863859,0.008957000851,0.005339864424,0.02757157338,0,0.01206890712,0.007527966779,0.007555067836,0.01028813993,0.01158079013,0.002836595947,0.001817060564,0.001950667509,0.002370202562,0.00149455187,0.001483809687,0.0007905537299,0.0005905954923,0.001130746281,0.0008134332354,0.0002671741423,0.0004445875561,0.0004924365387,0.0002086670058,7.005903226e-05,0.0001666200589,0.0001016014904,2.770924727e-05,3.442505097e-05,2.750220036e-05,1.171983543e-05,7.264754553e-06,6.007120309e-06,3.29445979e-06,1.092130925e-06,9.01014589e-07,5.974839414e-07,2.303048486e-07,8.970807836e-08,8.126599344e-08,4.206819408e-08,1.247265127e-08,8.119421037e-09,1.253576197e-09,7.014492072e-10,3.015048012e-05,3.878034864e-05,3.488166373e-05,4.590761336e-05,5.13550283e-05,5.45035357e-05,6.143821059e-05,0.0001151416526,0.0001160402559,0.000117559999,0.0003468677284,0.0002675528125,0.0003631399124,0.0004276968726,0.001138414391,0.003397922516,0.00137820316,0.0005749215007,0.001971911933,0.01266682697,0.005560338758,0.0007152255586,0.002542059597,0.006485988461,0.00136728599,0.0003660885291,0.0006987176325,0.0005552800142,0.0004972498297,0.0003932817684,0.0001155132361,0.0003077012983,4.900724686e-05,8.315608906e-05,9.339602496e-05,5.822058954e-05,3.905639861e-05,0.0003849909595,9.871558546e-05,8.771569153e-05,0.0003985226519,0.0001221911472,0.0001975632644,0.0001118813821,0.0007942097494,8.31405827e-05,0.0001351761674,0.0001885136151,0.0002942611207,0.0001511628801,6.809334266e-05,0.0002114494621,0.0003020418007,0.0001384287059,5.126134419e-05,0.0002230132965,3.107353992e-05,8.302346343e-05,0.0001159155701,2.938703601e-05,6.978993123e-05,6.580246461e-05,4.404615887e-05,2.384937651e-05,2.955159462e-05,1.265605914e-05,1.005783472e-05,8.970164e-06,6.206318623e-06,1.966576773e-06,1.747150895e-06,1.1701037e-06,6.65666368e-07,2.243539015e-07,2.187483713e-07,1.220625339e-07,6.115588408e-08,2.737959363e-08,2.00122772e-08,6.185159867e-09,2.979269029e-09,5.830736619e-10,2.513766598e-10
A:945,7.153192123e-08,1.260201686e-07,2.185450195e-07,3.386615417e-07,5.019628323e-07,9.494608433e-07,1.58232348e-06,2.252380939e-06,3.65793256e-06,6.242028376e-06,7.941919258e-06,9.575409638e-06,1.69606678e-05,2.410546938e-05,2.094923062e-05,2.861952123e-05,4.776721843e-05,4.371996456e-05,5.296439796e-05,6.712150042e-05,5.425504969e-05,7.480573525e-05,0.0002861122634,9.475987184e-05,0.0003279570763,0.0004304299433,0.001070859453,0.002570876664,0.00595628213,0.00107016611,0.0008179243159,0.008909033672,0.002584832217,0.009627908617,0.002147482099,0.0008106050512,0.0007265175417,0.0008142900625,0.001887780739,0.002105768783,0.0008471096128,0.003229433425,0.003154029485,0.006750005196,0.01364804217,0.00734783956,0.00743678224,0.01206890712,0,0.01374010396,0.006347367176,0.008104332157,0.01390878121,0.007550692844,0.003594664901,0.00274152943,0.001091475323,0.003314622068,0.001678693712,0.0007494097675,0.0009259818083,0.001255049067,0.0009586228877,0.0003634325707,0.0006199075086,0.0005867968145,0.0003152766937,0.0001037035677,0.0002463046876,0.0001517032141,4.434618782e-05,5.517034064e-05,4.546884968e-05,2.036884092e-05,1.192598706e-05,1.070189745e-05,6.033652232e-06,1.96106932e-06,1.674460637e-06,1.153887837e-06,4.528412502e-07,1.780423455e-07,1.647207955e-07,8.759626004e-08,2.653365509e-08,1.753999561e-08,2.732589215e-09,1.496025989e-09,1.418421953e-05,2.004746166e-05,2.486250754e-05,3.851206671e-05,4.492310812e-05,4.919186817e-05,8.74127077e-05,0.0001314368614,7.615634383e-05,8.963768215e-05,0.0004269343336,0.0001389449278,0.0003106522687,0.0003775546723,0.001200077086,0.00140346534,0.003472551935,0.000749502818,0.001356481537,0.003721568192,0.0004253168219,0.0007693531781,0.0006080729572,0.003882837836,0.0005806832692,0.0005251107887,0.002775621771,0.0001475050949,0.0004513925628,0.0004116338579,0.0001285786551,0.0006942639553,4.498502822e-05,8.344945426e-05,7.879803848e-05,2.838338606e-05,3.192194568e-05,5.952937524e-05,0.0001198482135,8.814562283e-05,0.0003982717641,0.0002144744063,0.0001343351351,0.0002817739478,0.0008619989128,0.0002067953454,0.0001733167728,0.0002168295527,0.001857394486,0.0001442328222,0.0001497833644,9.73339992e-05,0.0001890158427,0.0001223364088,5.565723147e-05,0.000117416224,5.945713052e-05,6.913032989e-05,0.000126035467,2.361196438e-05,7.444785393e-05,7.182539523e-05,5.485965401e-05,2.890042334e-05,3.469065287e-05,1.535735897e-05,1.299048699e-05,1.177661941e-05,8.569773056e-06,2.843765421e-06,2.45427138e-06,1.689547824e-06,1.051337177e-06,3.521996987e-07,3.483028905e-07,2.045783041e-07,1.105699736e-07,4.774230545e-08,3.622863217e-08,1.129247998e-08,5.700835293e-09,1.249255264e-09,5.08702905e-10
A:946,3.876505554e-07,6.470260835e-07,1.075494309e-06,1.56508257e-06,2.137514708e-06,3.80909371e-06,5.837539252e-06,7.217948198e-06,1.074855324e-05,1.755544404e-05,1.89187116e-05,1.928467435e-05,3.519519391e-05,4.453313345e-05,2.982664898e-05,5.841124391e-05,7.294248693e-05,5.747350666e-05,0.0001436495384,0.0002060271834,0.0003153013617,0.0003126724492,0.0007147348569,0.0003216390596,0.00849952153,0.0007555638346,0.001580655929,0.0117442183,0.01423691171,0.002679458927,0.002926020781,0.01311232369,0.001014899817,0.001373416669,0.003600015222,0.0003517367975,0.0003494602027,0.0004064541382,0.0006653273893,0.00103561062,0.0004795270521,0.002179328417,0.001310994052,0.002497093223,0.007237740972,0.01259031738,0.008664679568,0.007527966779,0.01374010396,0,0.008638240478,0.007189899854,0.006257165569,0.01227287552,0.00630442956,0.002368266861,0.001089437174,0.001424860864,0.001649738645,0.000547971202,0.0007545924955,0.0007700704978,0.0004444579583,0.0002400753038,0.0004423805646,0.000354180669,0.0001666654458,8.558914327e-05,0.0001784264453,0.0001032721671,3.123265946e-05,4.780065003e-05,3.661912996e-05,1.675988944e-05,1.12197636e-05,1.029877667e-05,5.798286559e-06,1.899482183e-06,1.820845722e-06,1.250866477e-06,4.94160681e-07,2.12503834e-07,2.008831054e-07,1.092942337e-07,3.323193623e-08,2.368956479e-08,4.224009989e-09,2.42109371e-09,1.024988925e-05,1.44614532e-05,1.730323905e-05,2.348426091e-05,2.720483416e-05,3.266928575e-05,4.33482713e-05,6.095672691e-05,5.003937382e-05,5.683057881e-05,0.0001461667231,7.962501948e-05,0.0001436055944,0.0001837178023,0.0003780235839,0.000530420703,0.001230122442,0.0003800322794,0.0004198923052,0.002134011085,0.001650682139,0.0002752261155,0.001560914717,0.01361266422,0.0002168776733,0.0005559873323,0.001841040622,0.0003025831747,0.0002274066328,0.0002074778059,0.0001475807449,0.0001688477122,3.229685527e-05,7.315616145e-05,7.412674271e-05,3.206529718e-05,4.4426326e-05,0.0001045426165,0.0001077605803,9.338055506e-05,0.0002128299716,0.0006475219798,0.0006176610172,0.0003275011124,0.002332513933,0.0009548850865,0.0001075113966,0.0001040919343,0.001301580526,0.0006284193245,9.925447271e-05,0.0001226967276,0.0001243842604,0.0001108449312,5.579132391e-05,0.0001128971602,5.064993376e-05,4.64848597e-05,0.0001030228726,3.627018441e-05,5.872529851e-05,5.624361902e-05,4.188554441e-05,3.258641165e-05,3.187594244e-05,1.442259232e-05,1.422873982e-05,1.340259066e-05,9.271149179e-06,3.215639493e-06,3.250358089e-06,2.215112648e-06,1.339485639e-06,5.3596663e-07,5.036084514e-07,2.90005456e-07,1.507474981e-07,7.89690927e-08,5.812209165e-08,1.745652796e-08,9.608727775e-09,1.950509881e-09,8.751852693e-10
A:947,2.842220028e-08,5.208332445e-08,9.276227505e-08,1.462501731e-07,2.277353832e-07,4.332117327e-07,7.139320759e-07,1.017227596e-06,1.708540358e-06,2.850212973e-06,3.648675607e-06,4.591694272e-06,7.863640646e-06,1.057061586e-05,1.028348685e-05,1.495749003e-05,2.109651788e-05,2.14979802e-05,2.873516144e-05,3.889387699e-05,6.978770115e-05,6.175444545e-05,0.0001379432856,5.306812144e-05,0.001617912862,0.0001793694673,0.0008158688769,0.001015309022,0.002045793556,0.0005730140062,0.001102806787,0.004401832409,0.0006251733682,0.0004514061444,0.0006200655025,0.0001071093126,0.0002253316892,0.0002724364265,0.0003060542986,0.0008032227563,0.0005272803175,0.001866865989,0.001374975301,0.002957390019,0.003597567784,0.007640676059,0.01032655735,0.007555067836,0.006347367176,0.008638240478,0,0.01088260156,0.006519739918,0.006902978707,0.008198650468,0.008276919494,0.002637884705,0.001525329525,0.001154458134,0.001847767811,0.0008118307587,0.0009438372481,0.0008572833003,0.0002972431741,0.0006481483146,0.0006171300515,0.0002674403835,0.0001203032245,0.0003266817176,0.000193885526,4.809516608e-05,9.132853703e-05,7.47678317e-05,3.271166209e-05,2.07893732e-05,2.218587334e-05,1.254967605e-05,3.707723905e-06,3.986811365e-06,2.85954268e-06,1.103424674e-06,4.720519721e-07,4.78488786e-07,2.634241183e-07,7.841017474e-08,5.795941008e-08,1.038468421e-08,6.013881251e-09,2.082394701e-05,2.950301339e-05,3.727063766e-05,5.117801867e-05,6.414734835e-05,7.607596444e-05,0.0001003599453,0.0001397983016,0.0001408050605,0.0001390418278,0.0002931605194,0.000184953964,0.0002220417567,0.000530278341,0.0006679380508,0.0009344264079,0.002223309429,0.001137070418,0.0007634785221,0.009686398419,0.003513630743,0.004106104542,0.0112628519,0.005972127774,0.003449201508,0.002095038785,0.01604284625,0.0006088712146,0.000527518924,0.0007551964236,0.003697807422,0.001508852373,0.0002259207374,0.0002427323403,0.0001425334783,0.0002937119038,6.278949074e-05,0.0001392375251,0.0001188198147,0.0001730215612,0.0004494185126,0.0003116879947,5.291977938e-05,0.0001392818632,0.0001469315114,0.0001032402889,9.268034036e-05,0.000120360521,0.0007068865986,0.0003173134121,6.16411801e-05,0.0002801836883,0.0003500272077,0.0001103441455,7.128806117e-05,0.000433089008,4.573542318e-05,5.784747869e-05,9.00696912e-05,5.121952575e-05,7.507976811e-05,6.427338116e-05,4.332314192e-05,3.539410548e-05,5.036933184e-05,2.013544143e-05,1.945419916e-05,2.326962884e-05,1.706539772e-05,5.173166775e-06,5.922504031e-06,4.420177448e-06,2.675199179e-06,1.057959626e-06,1.069763253e-06,6.339899818e-07,3.133303885e-07,1.765835955e-07,1.327857924e-07,3.988517933e-08,2.241047825e-08,4.675135633e-09,2.144943559e-09
A:948,1.929287992e-08,3.579744728e-08,6.465899203e-08,1.049427645e-07,1.67818483e-07,3.270061119e-07,5.607236287e-07,8.580654737e-07,1.498345459e-06,2.583003209e-06,3.55421511e-06,5.04142134e-06,8.911967235e-06,1.254562734e-05,1.400748799e-05,2.25789374e-05,3.258734062e-05,3.16862445e-05,4.966809316e-05,6.756752591e-05,5.043832008e-05,5.307306079e-05,0.0002431315537,4.701498906e-05,0.0001704158667,0.0001847400015,0.0006838097544,0.0003502854435,0.0009709927548,0.0007696491188,0.0005942584154,0.004642108235,0.001767087722,0.001001496994,0.0003803169888,0.0002392529169,0.0003382686194,0.000474054106,0.0001944392774,0.001581178038,0.000919245672,0.003527596684,0.003785447802,0.001576297369,0.003374077572,0.002227065196,0.009374986069,0.01028813993,0.008104332157,0.007189899854,0.01088260156,0,0.02389311781,0.008906815056,0.00807019575,0.01124057572,0.009223795307,0.005885952579,0.003108445295,0.001833366145,0.003181175153,0.002996090024,0.002523956166,0.0009609691266,0.001434461378,0.001924115931,0.0009851932786,0.0003125218878,0.0008292837185,0.0006191362562,0.0001544863695,0.0002359917419,0.000206728733,9.939100378e-05,5.725184156e-05,6.009926345e-05,3.553660522e-05,1.052050761e-05,1.083045611e-05,7.919991219e-06,3.125543952e-06,1.280658693e-06,1.337172007e-06,7.479999774e-07,2.220205822e-07,1.61207007e-07,2.842173035e-08,1.632648514e-08,5.048543321e-06,7.673882394e-06,1.024197261e-05,1.646131361e-05,2.182076914e-05,2.938809341e-05,4.413468456e-05,8.196735033e-05,7.541985771e-05,8.756997325e-05,0.0002074241311,0.0002110410771,8.901348354e-05,0.000268934556,0.0007002654443,0.0002145420548,0.001078496016,0.000908230803,0.0008523985459,0.0008474133097,0.00124107378,0.001980427539,0.001857977566,0.001451507669,0.001728472694,0.001326370785,0.00609945398,0.0002747395981,0.0004884754881,0.0007394459479,0.001019675764,0.0003752989389,8.599812354e-05,0.0002064820794,0.0001141758018,8.562910535e-05,8.563756006e-05,0.00010663015,6.53253657e-05,9.344612805e-05,0.0001464163302,6.939310341e-05,0.0001185922464,0.0001675716681,0.000331575199,8.846643852e-05,0.0003241654804,0.0001364596731,0.0003173293186,0.0003382405882,0.0001847716794,0.000668916938,0.0009165401155,0.0003915537093,0.0001226396589,0.0007458781863,9.16297564e-05,0.0002654510031,0.0004005465185,9.228583347e-05,0.0002859886198,0.0002808391947,0.0001772767167,0.0001380164217,0.0001691584705,6.500266239e-05,6.023508984e-05,7.023734649e-05,4.933417646e-05,1.42756111e-05,1.61067361e-05,1.182264116e-05,7.230555445e-06,2.632187413e-06,2.790483462e-06,1.669876897e-06,7.911585667e-07,4.410226036e-07,3.387278004e-07,1.03781974e-07,5.717750027e-08,1.253248386e-08,5.762847081e-09
A:949,3.895224693e-08,7.151830389e-08,1.286772315e-07,2.083698468e-07,3.28345823e-07,6.231002828e-07,1.027913207e-06,1.503970582e-06,2.536150191e-06,4.273211963e-06,5.285164651e-06,7.079046161e-06,1.260979445e-05,1.628579936e-05,1.377996999e-05,2.633636681e-05,3.39175888e-05,2.34222142e-05,6.158786794e-05,8.531500505e-05,2.868118662e-05,7.478073975e-05,0.0004963705222,0.000112674885,0.0008645416437,0.0005981415692,0.001430029456,0.000848064456,0.002684252055,0.001321984499,0.0005488840992,0.0195293946,0.0004438817141,0.00198351993,0.0007483230372,0.0003710889519,0.0001168164553,0.0001948836109,0.0006896947718,0.0008451536903,0.000422322129,0.001941065715,0.001367051689,0.003885442941,0.001450375569,0.003392973013,0.002391611018,0.01158079013,0.01390878121,0.006257165569,0.006519739918,0.02389311781,0,0.0104623286,0.008487922651,0.008674963565,0.01354264954,0.01040548513,0.004039616584,0.001544783889,0.001432042055,0.003281073603,0.00141907266,0.0005909942995,0.001242925746,0.001033496392,0.0007224960548,0.0002965835746,0.0006932293417,0.000458038222,0.0001449406684,0.0002396948229,0.0002026816719,0.0001046646297,6.176888558e-05,7.052455819e-05,4.280837623e-05,1.292675442e-05,1.419462785e-05,1.06797924e-05,4.358353635e-06,1.943715971e-06,1.976509384e-06,1.153199075e-06,3.606667901e-07,2.744414358e-07,5.256332168e-08,2.958535025e-08,4.300297301e-06,6.581353974e-06,9.722656525e-06,1.624260499e-05,2.07840294e-05,2.736850887e-05,5.144742108e-05,7.734995146e-05,6.128106875e-05,8.71490081e-05,0.0002678417639,0.0001316140737,9.195562026e-05,0.000307755824,0.0008042269274,0.0005169868824,0.001091365367,0.0008125070354,0.0008047222378,0.001787183647,0.0002434029455,0.001349912836,0.0005166856714,0.0009380989168,0.0005955114588,0.0006361131246,0.005939378136,0.0002332848202,0.0002406318854,0.0004176453956,0.0007283527393,0.0002325007592,4.316633837e-05,0.0001047745922,6.912230209e-05,5.426905329e-05,0.0001148223509,5.108608955e-05,5.700063183e-05,0.0001328761018,4.335503426e-05,6.142208713e-05,0.0002180055389,0.0003401666136,0.0001397959471,0.0002632774355,0.0003277048584,0.0003284394848,0.001806208945,0.0005933249621,0.0001970418503,0.0009270182206,0.0006467071795,0.0001682867716,0.0002203260962,0.0006207603399,0.000124829355,0.0001355713418,0.0001394964607,6.147449383e-05,7.143947401e-05,8.234228454e-05,0.000105545485,6.267196403e-05,6.228755891e-05,4.11485353e-05,4.728296057e-05,4.349043989e-05,3.646473866e-05,1.509401978e-05,1.464611523e-05,1.076456946e-05,7.941880719e-06,3.392393505e-06,3.228121643e-06,2.064640389e-06,1.217375772e-06,6.5388307e-07,5.159487256e-07,1.528911319e-07,9.522535557e-08,2.341180983e-08,9.909964411e-09
A:950,1.323964742e-08,2.402275565e-08,4.2156341e-08,7.099481041e-08,1.135657171e-07,2.032116766e-07,3.429120361e-07,5.708096354e-07,8.984277752e-07,1.358177526e-06,2.030003789e-06,3.071538897e-06,3.90837653e-06,5.334903689e-06,7.456691348e-06,9.107219342e-06,8.727281506e-06,1.341170428e-05,1.578606282e-05,1.577868631e-05,2.371151507e-05,2.463198278e-05,2.799035111e-05,0.000134550904,8.836678299e-05,9.98213006e-05,0.0002466118174,0.0001371217651,0.0006914102597,0.0004693580628,0.001531472631,0.001373091199,0.0002776557634,0.0007864627004,6.29330555e-05,0.0001199843612,9.658786553e-05,0.0001347053888,9.717436616e-05,0.0005736281844,0.0002666660369,0.001143562674,0.001194465892,0.0005659895212,0.002255127666,0.0002637737117,0.001216004896,0.002836595947,0.007550692844,0.01227287552,0.006902978707,0.008906815056,0.0104623286,0,0.02112179318,0.007989499463,0.006807247455,0.01103501048,0.01124533165,0.002143416491,0.001296177647,0.001262268713,0.00264545439,0.0006112955959,0.001092066202,0.0009934277269,0.0004475770016,0.0003604998621,0.0006995217063,0.000415207992,0.0001082243279,0.0002944592759,0.0002100235935,0.0001003149658,7.5840409e-05,8.818885285e-05,5.059390393e-05,1.505960304e-05,1.959217594e-05,1.435789201e-05,5.654428772e-06,2.846328997e-06,2.960325773e-06,1.736732426e-06,5.279500324e-07,4.434049631e-07,9.962237177e-08,6.03642949e-08,3.385793233e-06,5.252543681e-06,7.746912934e-06,1.196254824e-05,1.614983965e-05,2.237548842e-05,3.50957373e-05,5.073674452e-05,5.668833042e-05,6.802202006e-05,0.0001259819656,9.733675336e-05,8.972468822e-05,0.0001761919288,0.0002459384725,0.0001708495884,0.0003502103043,0.0003673399394,0.0003007548309,0.001253510709,0.0006519031668,0.001161157715,0.002934310831,0.002079369278,0.0003504847164,0.0008223801045,0.01277968987,0.0006542142678,0.0002170666208,0.00021248036,0.001622637497,0.0003510505789,4.903387499e-05,4.815140382e-05,9.58057802e-05,8.320449366e-05,0.0001178879983,6.138352381e-05,5.644636702e-05,0.0003491760397,0.0001208755806,0.0001163345176,0.0002746532078,0.001804616748,0.002811648956,0.0005431473339,0.0003605062263,0.001113077842,0.02613373195,0.00210840806,0.0003859269257,0.001815712134,0.003076432751,0.001774199748,0.0004792876269,0.001460445526,8.178825089e-05,0.0005271349795,0.000293261507,0.0001374647706,0.0001849972831,0.0001644398217,0.0001272230521,0.0001390427191,0.0001476034645,6.84046912e-05,8.430654652e-05,0.0001025970526,7.149974605e-05,2.501300207e-05,3.405791029e-05,2.532235964e-05,1.531433773e-05,7.825949847e-06,7.515316557e-06,4.435913139e-06,2.239238126e-06,1.58625334e-06,1.187047125e-06,3.329921174e-07,2.188883861e-07,4.525197395e-08,2.261176899e-08
A:951,6.054912837e-09,1.202139707e-08,2.30018525e-08,4.065627168e-08,7.161766201e-08,1.424841985e-07,2.530670898e-07,4.260668672e-07,7.737773048e-07,1.340497279e-06,2.00966767e-06,3.233516439e-06,5.354763866e-06,7.582498309e-06,1.024177589e-05,1.697501634e-05,2.015640473e-05,2.1551367e-05,4.087883451e-05,5.185350695e-05,3.230010316e-05,3.482058944e-05,0.0001748667325,8.20968258e-05,0.0003468433984,0.0001117069015,0.000645056383,0.0002822440232,0.001081720282,0.0003087122317,0.0006526810381,0.00170585759,0.0005587072104,0.0006732164997,0.0001403532917,6.32991747e-05,8.372724963e-05,0.0001455353546,8.350582644e-05,0.0005957262161,0.0003546254373,0.00149804368,0.001584600116,0.001051077571,0.001738249403,0.002228119497,0.0009875135212,0.001817060564,0.003594664901,0.00630442956,0.008198650468,0.00807019575,0.008487922651,0.02112179318,0,0.01784501355,0.00671791028,0.007924145746,0.01458953572,0.00949544942,0.002841239499,0.002238305012,0.001708598132,0.002246933425,0.001144422367,0.001421985608,0.0008123624697,0.0002890462309,0.0009613433602,0.000711395231,0.0001448600602,0.0003437568704,0.0003666144003,0.0001698265717,9.608016745e-05,0.0001486365674,9.399018565e-05,2.13884155e-05,3.343323775e-05,2.753098839e-05,1.062277225e-05,4.674506288e-06,6.002201239e-06,3.594905369e-06,1.0293516e-06,8.787804214e-07,1.83787381e-07,1.129987999e-07,2.624297683e-06,4.126216002e-06,6.454996011e-06,1.017681219e-05,1.386786738e-05,2.025514358e-05,3.462463747e-05,4.96434893e-05,5.92535112e-05,7.697541772e-05,0.0001412658148,0.0001164469055,0.0001359505587,0.0002097415458,0.0002622200592,0.0002278964331,0.0003324796766,0.0004039413587,0.0002210336409,0.0004879322064,0.0005926779216,0.001550643706,0.004167546767,0.0005946040204,0.0006184860221,0.001588929697,0.01740369921,0.0004714131825,0.0004093816569,0.0002763909894,0.0017042356,0.0007045437893,6.04987271e-05,5.32391293e-05,4.97984751e-05,0.0001266593754,6.285851555e-05,6.825247281e-05,5.792200277e-05,9.631393642e-05,0.0002184957154,0.0001505891675,9.959597622e-05,9.181948106e-05,0.0002953802785,0.0001406227704,0.0001494046267,0.0002805503489,0.002511073647,0.000166681998,0.0001664795585,0.0002155086649,0.0002813989022,0.0002558409336,0.0002034471853,0.002100203415,0.0002051194823,0.0003050825781,0.0006556808025,0.0004811469411,0.0004546713951,0.0003100271727,0.0002220836865,0.000176071797,0.0002931993602,6.485975556e-05,7.106305176e-05,0.0001571007985,0.000107820637,2.228239088e-05,4.253665324e-05,3.663465193e-05,2.198131468e-05,9.269991791e-06,1.119464711e-05,7.007833136e-06,2.743753301e-06,2.307104691e-06,1.824571165e-06,5.391632134e-07,3.491555445e-07,7.61849741e-08,4.14757108e-08
A:952,2.719326666e-09,5.361441611e-09,1.025209097e-08,1.808605333e-08,3.145834462e-08,6.299031549e-08,1.129745979e-07,1.898225558e-07,3.456322031e-07,6.116111366e-07,9.068713915e-07,1.436927181e-06,2.526712861e-06,3.680243071e-06,4.461434256e-06,7.704592247e-06,1.133941955e-05,1.137265487e-05,1.560303843e-05,2.672370305e-05,2.622979597e-05,1.882132258e-05,6.442678779e-05,3.121790448e-05,7.64318572e-05,5.023107463e-05,0.000165492469,7.605881163e-05,0.0002414953223,8.729109108e-05,0.0001421561852,0.0005265510773,0.0003410066318,0.000517752579,5.568802669e-05,5.006376705e-05,6.005497031e-05,0.0001166455188,4.070947765e-05,0.0005203620539,0.0003867256655,0.001679298849,0.001253355545,0.001336721487,0.001707283661,0.000792553713,0.002392248283,0.001950667509,0.00274152943,0.002368266861,0.008276919494,0.01124057572,0.008674963565,0.007989499463,0.01784501355,0,0.01183522185,0.01379143322,0.009741530948,0.01537181228,0.01388261945,0.006309686345,0.002491054178,0.001051833019,0.003971792477,0.002513549327,0.001483527239,0.0005266175757,0.001491420339,0.001403165069,0.0003182742272,0.0006156067724,0.0006228928827,0.000375314327,0.0001828608023,0.0002763276943,0.0001834067756,4.663250059e-05,6.495844257e-05,5.473727928e-05,2.248311569e-05,9.784018914e-06,1.235777123e-05,7.677523153e-06,2.311669461e-06,1.921814441e-06,3.973922942e-07,2.331346947e-07,1.123084667e-06,1.880484675e-06,3.153426187e-06,5.683921875e-06,8.232824706e-06,1.267518456e-05,2.483175261e-05,4.074594611e-05,4.309509688e-05,7.121202513e-05,0.0001707459781,0.0001401827893,0.0001037992228,0.0003487129672,0.0006471919676,0.0002070718498,0.0006353492046,0.0008708171973,0.00054122436,0.0007749267377,0.0005915775058,0.001980693537,0.001251950369,0.0007880966722,0.0006720439288,0.0007534256341,0.004216525578,0.0001789243447,0.0001405910542,0.0003269156543,0.0004673326329,6.810629054e-05,3.542785628e-05,9.409596015e-05,3.485720688e-05,4.151028207e-05,0.0001114710593,4.241889734e-05,9.177202361e-05,0.000142058111,7.299452045e-05,4.757996311e-05,8.737101928e-05,0.0002095931474,9.873992234e-05,7.58941608e-05,0.0002018037189,0.0001036814882,0.0003239419404,0.0003363207141,0.0004063005207,0.00105383963,0.001125386462,0.0004656378254,0.000281273234,0.0004279034903,0.0001748004641,0.0003726457792,0.0005564089627,0.0001742779161,0.0003330347227,0.0003355199506,0.0002055287024,0.0003473224321,0.0002755935338,0.0001011502791,0.0001065841498,0.0001996794204,0.0001350971818,3.660451931e-05,5.592732314e-05,4.628819989e-05,3.380952001e-05,1.316698157e-05,1.595812233e-05,1.084031861e-05,4.87591514e-06,3.559713515e-06,2.992040012e-06,9.119266777e-07,6.074953538e-07,1.610825954e-07,7.925646173e-08
A:953,3.60035551e-09,7.120191068e-09,1.366967751e-08,2.588262631e-08,4.659406684e-08,8.862323913e-08,1.646981754e-07,3.083041604e-07,5.248660026e-07,8.740096002e-07,1.540519751e-06,2.58019817e-06,3.537628803e-06,5.759069958e-06,9.77307793e-06,1.181315267e-05,1.418555728e-05,2.593198097e-05,3.20017148e-05,1.945008503e-05,6.347213269e-05,5.181926987e-05,3.446225952e-05,0.0001278382644,5.503025669e-05,5.589156426e-05,0.0004823308011,5.252421732e-05,5.956648201e-05,7.853132669e-05,0.002094146377,0.001360642755,0.0001150294579,0.0001875109579,9.720681681e-05,9.484540971e-05,4.293028914e-05,7.776490409e-05,5.329037675e-05,0.0001842812824,0.0001131957733,0.0005187107867,0.0005555552843,0.0004834645737,0.0005347689226,0.0002039296774,0.0004304500549,0.002370202562,0.001091475323,0.001089437174,0.002637884705,0.009223795307,0.01354264954,0.006807247455,0.00671791028,0.01183522185,0,0.01148718533,0.007624275497,0.006242300861,0.009425300806,0.007979748657,0.002610767058,0.001571291162,0.00121487959,0.002509178775,0.0006973922835,0.0005833827748,0.0008971181046,0.0005234965659,0.0002121600104,0.0005662819695,0.0003671724995,0.0002149364873,0.0001855979608,0.0002340779198,0.000147107133,4.53152385e-05,7.076127764e-05,5.383223424e-05,2.279464728e-05,1.388166983e-05,1.434051796e-05,9.30286404e-06,3.020115687e-06,2.874804461e-06,8.183384113e-07,5.035884554e-07,4.807148187e-07,7.885622768e-07,1.318334306e-06,2.316695774e-06,3.247367355e-06,4.81673821e-06,9.468931705e-06,1.426590754e-05,1.471016671e-05,2.310580584e-05,5.534015463e-05,3.588769228e-05,3.153319857e-05,9.088061031e-05,0.0001573411966,7.818522432e-05,0.0001517644962,0.0001502694066,0.0001047402843,0.0004853449437,0.0001344948399,0.0002637574719,0.0005223894794,0.0002559997793,8.807378835e-05,0.0001672089307,0.001393552867,0.0002112510926,5.117202292e-05,7.011142046e-05,0.0001623855022,5.974009005e-05,7.572745761e-06,2.127032903e-05,5.026028049e-05,4.980490552e-05,0.0001764091336,0.0001470577987,0.0001597101081,0.0002592076437,0.0001081147339,8.470249357e-05,0.0004603401403,0.0007767697778,0.0003589692962,0.0006530776512,0.002390516862,0.0005067054004,0.007391500544,0.001443451356,0.003113699344,0.01404704716,0.01464506497,0.003853141368,0.002140067164,0.0160236343,0.0005955036152,0.002740780832,0.001773139806,0.0009568551118,0.0009980658763,0.0006480765634,0.0003677498226,0.0002127722359,0.0003119380747,0.0001320182146,0.0002113650186,0.000220582508,0.0001595261579,7.944166954e-05,0.0001194693538,8.591635423e-05,5.746273176e-05,3.880827943e-05,3.60212257e-05,2.164525034e-05,1.22564819e-05,1.050239853e-05,8.118069189e-06,2.062600294e-06,1.628650702e-06,3.729652134e-07,1.881823162e-07
A:954,5.642644414e-10,1.150315064e-09,2.252617986e-09,4.238820573e-09,7.886075232e-09,1.598673897e-08,3.005225951e-08,5.678825728e-08,1.069886455e-07,1.885208687e-07,3.186732777e-07,5.874090409e-07,9.607554691e-07,1.458135408e-06,2.409829486e-06,4.292263252e-06,5.158673544e-06,6.967916621e-06,1.335615381e-05,1.82371942e-05,1.48300268e-05,2.051354151e-05,5.22443324e-05,2.766701347e-05,4.36341782e-05,4.383322928e-05,0.0001144166432,4.978191396e-05,0.0002305618359,5.270110346e-05,5.299178221e-05,0.000820956207,0.0002110466931,0.0005988473601,2.960696422e-05,3.125941221e-05,3.338360888e-05,6.876577346e-05,2.225491423e-05,0.0002710408323,0.0002604610729,0.0009265951331,0.001077803482,0.0007625114536,0.001058189496,0.0005174802024,0.000925071129,0.00149455187,0.003314622068,0.001424860864,0.001525329525,0.005885952579,0.01040548513,0.01103501048,0.007924145746,0.01379143322,0.01148718533,0,0.02332546168,0.009576590046,0.007966527785,0.01337846746,0.01828631406,0.002502307954,0.001861690476,0.002292581138,0.003602950363,0.0007849561832,0.001910748641,0.001663915375,0.0003037252976,0.001004424704,0.0009416681213,0.000430088189,0.0002435686939,0.0005135283478,0.0003114503014,5.936554222e-05,0.000129383548,0.0001138438631,4.22300967e-05,2.09829962e-05,3.04254609e-05,1.948274949e-05,5.536196968e-06,5.373000469e-06,1.246520828e-06,7.778505096e-07,2.983317523e-07,5.025213524e-07,8.810274722e-07,1.523615605e-06,2.195746183e-06,3.578351211e-06,7.059651977e-06,1.061320875e-05,1.334075214e-05,2.200045917e-05,4.422974532e-05,3.77658277e-05,5.299845997e-05,9.340403311e-05,0.0001327513478,0.0001116381164,0.0002359276084,0.0001086114516,0.0001146846924,0.0001753439412,8.6232372e-05,0.0001494988325,0.0006225317681,0.0002738402372,0.0001493098583,0.000207376974,0.003159903372,0.0001201159389,7.702415128e-05,4.29658828e-05,0.000236207154,0.000156012395,8.635259185e-06,9.055096276e-06,9.051937263e-06,1.684365107e-05,3.113167885e-05,1.396986717e-05,4.383102889e-05,3.054948794e-05,1.788351727e-05,3.100116085e-05,3.819923438e-05,7.496554626e-05,0.0001042076045,6.793875523e-05,0.0001173154387,0.0001987943167,0.0006171857669,0.0004252838073,0.0004493025565,0.001551083172,0.001567769713,0.000593298321,0.0008234099443,0.001564091411,0.0004775869862,0.0005487498112,0.0006299705137,0.0006684573969,0.0004642314925,0.0003087052116,0.000568983269,0.0002853194523,0.0003359174753,0.0001177080204,0.0001015484151,0.0002870129163,0.0001922369416,4.52512591e-05,8.51064982e-05,8.96104062e-05,5.921114379e-05,2.806423138e-05,3.536115588e-05,2.469635548e-05,9.857828077e-06,1.001882304e-05,8.489392548e-06,2.468138131e-06,1.948081623e-06,4.809390339e-07,2.792325959e-07
A:955,4.517181311e-10,9.511106697e-10,1.935679506e-09,3.742520349e-09,7.14308868e-09,1.485106401e-08,2.855950777e-08,5.367609884e-08,1.026734075e-07,1.894239415e-07,3.244478882e-07,5.794444001e-07,9.943192479e-07,1.599088779e-06,2.547893516e-06,4.306668905e-06,5.937672706e-06,8.051543492e-06,1.386320992e-05,1.862028128e-05,1.927270311e-05,2.068613907e-05,5.565175978e-05,3.626877183e-05,3.890399491e-05,4.53382948e-05,0.0001613642055,5.229339263e-05,0.0001675923298,9.257398198e-05,0.0002376479845,0.000325519756,0.0001901011268,0.0003347777886,2.35357518e-05,3.496916108e-05,2.356865665e-05,5.082489387e-05,1.399686491e-05,0.000176207185,0.0001901565461,0.0006969791988,0.0006957082626,0.0006870055332,0.001023628876,0.0003935054098,0.0007258963303,0.001483809687,0.001678693712,0.001649738645,0.001154458134,0.003108445295,0.004039616584,0.01124533165,0.01458953572,0.009741530948,0.007624275497,0.02332546168,0,0.01581272357,0.008868957468,0.008382635925,0.01398362101,0.006907099146,0.004465281591,0.003106979652,0.001382197382,0.001317373799,0.002443592464,0.001640977183,0.0004053778779,0.0008384748356,0.001206224112,0.0006501407764,0.0002677705949,0.0006400479337,0.0004930139494,8.379331344e-05,0.0001830351366,0.000184314296,7.411963446e-05,3.137303332e-05,5.340795326e-05,3.602579686e-05,1.008458651e-05,9.800103997e-06,2.310150838e-06,1.469457556e-06,1.498061754e-07,2.583291208e-07,4.778481969e-07,8.671437398e-07,1.267170991e-06,2.147363582e-06,4.617812473e-06,7.128571618e-06,8.741741524e-06,1.603323055e-05,3.594822524e-05,2.984621943e-05,4.134058875e-05,8.622481327e-05,0.0001411681863,0.0001048102629,0.0002365021847,0.0001347837464,0.0001251160092,0.0002310696115,8.995850158e-05,0.0001703348192,0.0001070480548,0.0001700057799,7.040530968e-05,6.018265049e-05,0.0004648733018,3.148834793e-05,2.737646658e-05,3.105855553e-05,1.786062862e-05,4.5839943e-05,5.113322172e-06,8.371915248e-06,5.005305944e-06,1.374310518e-05,4.73163078e-05,1.728730136e-05,5.759026552e-05,7.449203017e-05,1.098131518e-05,3.093155772e-05,5.762736563e-05,0.0001452354253,0.0001085386804,5.786102726e-05,0.0001436036768,9.26895626e-05,0.001890253017,0.0001279642529,0.0004294563748,0.0003332531123,0.0002706904452,0.0003678728515,0.0006820514941,0.003419756593,0.0007509186385,0.0009008162355,0.002188136475,0.00116385548,0.001217399343,0.0008406885456,0.0008215844144,0.0004349730502,0.0007376883151,0.0001324692895,0.0001384159944,0.0004674601195,0.0002954737033,5.44076223e-05,0.0001445743541,0.0001400339599,9.265685217e-05,4.015253812e-05,6.0871977e-05,4.195154454e-05,1.316741417e-05,1.657372852e-05,1.437666483e-05,4.355123595e-06,3.363286881e-06,8.36333154e-07,5.403352643e-07
A:956,2.735675892e-10,5.745924034e-10,1.175084004e-09,2.359080085e-09,4.545267172e-09,9.26142891e-09,1.837645291e-08,3.642679066e-08,6.742381959e-08,1.228701902e-07,2.301826508e-07,4.175645255e-07,6.568533644e-07,1.138731677e-06,2.048711961e-06,3.016241742e-06,4.156981324e-06,7.143953834e-06,1.10372672e-05,1.075230188e-05,2.190329013e-05,2.189050057e-05,2.463303344e-05,2.830832046e-05,3.117749523e-05,3.446142063e-05,3.907577171e-05,2.710357603e-05,3.517736805e-05,3.59670645e-05,0.0002228525423,8.041282211e-05,7.281513246e-05,0.000145663368,2.630307166e-05,3.16510809e-05,1.659348329e-05,3.413789882e-05,1.589602622e-05,8.847576201e-05,0.0001019535415,0.0003654976318,0.0003374478075,0.0003233408704,0.0004955007328,0.0001478677939,0.0003198659496,0.0007905537299,0.0007494097675,0.000547971202,0.001847767811,0.001833366145,0.001544783889,0.002143416491,0.00949544942,0.01537181228,0.006242300861,0.009576590046,0.01581272357,0,0.02286871773,0.008766381426,0.007844847011,0.01161082514,0.01548592841,0.003538107517,0.001310151501,0.001041789759,0.003303507271,0.001418879436,0.0003473794146,0.001137421751,0.0008553544414,0.0007027083818,0.0003586457617,0.0006468075663,0.0004645847271,0.0001272687521,0.0002290634281,0.0002050498705,9.146122699e-05,5.185237482e-05,6.810884736e-05,4.879649807e-05,1.573647187e-05,1.580663653e-05,4.476606436e-06,2.69399712e-06,8.430867774e-08,1.49729471e-07,2.821234352e-07,5.370932258e-07,8.204932743e-07,1.391247203e-06,3.011845981e-06,4.858197001e-06,5.869197311e-06,1.11651486e-05,2.568547145e-05,2.213849231e-05,2.5804067e-05,7.006888202e-05,0.0001097685833,6.634740627e-05,0.0001391302579,0.0001776933091,8.219719072e-05,0.0001985548077,0.0001239747743,0.0003930791695,0.0004063298278,0.0001641999717,8.019777442e-05,0.0001782516266,0.001733577547,7.230203612e-05,4.231696707e-05,7.862232032e-05,0.000126648223,3.781318922e-05,6.095321837e-06,1.478495123e-05,7.447668164e-06,2.380016048e-05,6.525806933e-05,4.621231222e-05,6.507976819e-05,7.892812306e-05,5.066115504e-05,5.150995432e-05,7.529820301e-05,0.0001745728615,6.750659597e-05,0.0001249197656,0.0004437948371,7.847738329e-05,0.000902441242,0.0003493871564,0.0009971224474,0.002287249698,0.001383933315,0.0002809220716,0.0006935339239,0.01397714907,0.001116078287,0.0003132623208,0.0007888851081,0.005032093301,0.001301249465,0.0004718697402,0.0006674010453,0.0002949748359,0.0004509089094,0.0001531763601,0.0001217730758,0.0001358945323,0.0001284631919,9.669775099e-05,9.425176451e-05,8.033359552e-05,9.606591902e-05,5.989861953e-05,5.640212435e-05,4.56319927e-05,2.822475359e-05,2.51734991e-05,2.246122974e-05,6.060297983e-06,5.560284719e-06,1.760761982e-06,8.980206822e-07
A:957,1.547034773e-10,3.271477966e-10,6.666209461e-10,1.367038319e-09,2.694760746e-09,5.417319293e-09,1.073573812e-08,2.226534556e-08,4.12463594e-08,7.246864508e-08,1.411592942e-07,2.722084982e-07,3.996379151e-07,6.770717701e-07,1.380068857e-06,2.053955953e-06,2.331116585e-06,4.621160873e-06,8.50040311e-06,6.602890367e-06,1.325184552e-05,1.792195744e-05,2.129577648e-05,1.372743876e-05,3.646706226e-05,3.2499405e-05,4.11611475e-05,3.535527707e-05,6.850434435e-05,3.116738616e-05,0.0002282297741,0.0001863207581,6.645530701e-05,0.000185549582,2.647804688e-05,2.699004287e-05,1.377968806e-05,2.83665572e-05,1.592574112e-05,6.49674138e-05,9.536717527e-05,0.000266494249,0.0003522758255,0.0002416041663,0.0003938336487,0.0001879404579,0.0004615110372,0.0005905954923,0.0009259818083,0.0007545924955,0.0008118307587,0.003181175153,0.001432042055,0.001296177647,0.002841239499,0.01388261945,0.009425300806,0.007966527785,0.008868957468,0.02286871773,0,0.01648544011,0.009680139754,0.006551542866,0.01241790689,0.01219178769,0.002749150089,0.001438632783,0.001435368226,0.002960838055,0.0004755033379,0.001102542746,0.0009333791294,0.0004199096928,0.000397420914,0.0007370247717,0.0004342985745,9.699439124e-05,0.0002746375336,0.0002221497932,8.168627886e-05,5.843309409e-05,8.548720119e-05,5.915301816e-05,1.732972382e-05,2.049124017e-05,6.338334083e-06,4.118943106e-06,3.366490273e-08,5.985591205e-08,1.142527314e-07,2.131871524e-07,3.239835551e-07,5.638218376e-07,1.225096313e-06,1.927418904e-06,2.510269396e-06,4.739896742e-06,1.039678003e-05,9.207772208e-06,1.364430072e-05,2.917067722e-05,4.477441615e-05,3.484392158e-05,8.303226164e-05,6.080020513e-05,4.653478837e-05,7.958467646e-05,4.867392247e-05,9.123977151e-05,7.385655374e-05,0.0001347688422,4.46389321e-05,3.849308111e-05,0.0003803018024,4.74061688e-05,1.542412642e-05,2.379175454e-05,2.018372436e-05,2.278568965e-05,1.917330523e-06,5.246563353e-06,5.768487151e-06,1.229134583e-05,3.300517549e-05,4.127528008e-05,2.761572469e-05,2.74944785e-05,2.147165819e-05,2.658097961e-05,5.379589538e-05,7.787110833e-05,5.609391292e-05,0.0001441460426,0.0004675313305,0.0001042079523,0.000762713237,0.00049496618,0.001182214366,0.003289670502,0.002161021594,0.0002535413124,0.001639177023,0.01173630672,0.001202814027,0.0003676077536,0.005909627708,0.001828436506,0.001370329456,0.001045357389,0.002205343767,0.0003640577063,0.0007237554116,0.0002543672925,0.0002400607787,0.0002769469686,0.000206864566,0.0001140218521,0.0001378595055,0.0001377532633,0.0001184032678,8.089400854e-05,8.78702504e-05,6.372941192e-05,3.284392398e-05,3.921722361e-05,3.466337277e-05,9.005459701e-06,9.205823104e-06,2.409249019e-06,1.53323322e-06
A:958,4.253879529e-11,9.390525518e-11,2.021644794e-10,4.233238442e-10,8.616362949e-10,1.868566377e-09,3.906368927e-09,8.065813407e-09,1.608162601e-08,3.16706303e-08,6.188135907e-08,1.193470025e-07,2.116223095e-07,3.87692509e-07,7.206811613e-07,1.238292729e-06,1.942674297e-06,3.226562781e-06,5.669894943e-06,8.160527285e-06,1.313085987e-05,1.385919027e-05,2.709534125e-05,3.651812875e-05,2.627516456e-05,3.167213864e-05,8.678741229e-05,2.215749385e-05,6.95460804e-05,4.453516741e-05,0.0001130198531,0.0001544486245,9.138745211e-05,0.0002087112054,1.389309831e-05,1.39080217e-05,7.839633437e-06,1.862895773e-05,6.99836591e-06,5.577365607e-05,9.888107169e-05,0.0002929569182,0.0003450617096,0.0004025473934,0.0005626231286,0.0002350507505,0.0005458693221,0.001130746281,0.001255049067,0.0007700704978,0.0009438372481,0.002996090024,0.003281073603,0.001262268713,0.002238305012,0.006309686345,0.007979748657,0.01337846746,0.008382635925,0.008766381426,0.01648544011,0,0.02172742038,0.00616954747,0.007991308846,0.01569573369,0.0128068444,0.002111967876,0.002731645368,0.001902565748,0.001550608392,0.00124209835,0.001508996802,0.0009750034883,0.0003984168434,0.00125581057,0.0009210844036,0.0001284534541,0.0004031439852,0.000478879715,0.0001737313131,8.096748634e-05,0.0001764383016,0.0001319732978,3.428574435e-05,4.10164083e-05,1.142869234e-05,7.62271683e-06,1.903239261e-08,3.494186915e-08,7.077742375e-08,1.35476942e-07,2.109355382e-07,3.926818943e-07,9.048963244e-07,1.433919582e-06,1.983010774e-06,4.117818541e-06,9.173959084e-06,8.537075615e-06,1.492556352e-05,3.120368053e-05,4.715863877e-05,5.372352553e-05,0.0001181615402,7.113386494e-05,5.06987462e-05,0.0001586496061,6.070830293e-05,0.0001135102017,5.703377554e-05,0.0001302858073,3.175211899e-05,3.257381968e-05,0.0002166922973,3.119845492e-05,1.07946003e-05,1.855512529e-05,8.013706642e-06,1.200101428e-05,1.655197732e-06,2.890071603e-06,1.164028881e-06,8.522357026e-06,2.764631665e-05,1.953198261e-05,5.442679495e-05,7.004659397e-05,1.757536341e-05,5.733467315e-05,0.0001016420832,0.0001759757883,7.845768127e-05,6.932414511e-05,0.0004076354833,9.564682562e-05,0.0003019746772,0.00032681106,0.001086186765,0.001604574999,0.001302595756,0.0006628505699,0.0005104102242,0.003481599704,0.0005303319808,0.0005213242904,0.001152829169,0.000534247792,0.0007326112547,0.0003980352214,0.002139775412,0.0005784551497,0.0006091646103,0.0002044831247,0.0004655487068,0.0007265895625,0.0004011707872,0.0001081149095,0.0001861314993,0.0002583854877,0.0001470310179,7.994320564e-05,0.0001374099225,0.000103405261,2.725592972e-05,5.354332756e-05,5.078858391e-05,1.422938755e-05,1.430465219e-05,3.739635836e-06,2.888711119e-06
A:959,2.69924866e-11,5.981980738e-11,1.295905149e-10,2.753240275e-10,5.633441042e-10,1.21552308e-09,2.564100566e-09,5.358476753e-09,1.057191942e-08,2.082287894e-08,4.166992312e-08,8.008759152e-08,1.38919373e-07,2.614757858e-07,4.986984746e-07,8.125456984e-07,1.295835704e-06,2.2928832e-06,3.882382852e-06,4.971892299e-06,9.879011272e-06,1.023943485e-05,1.597589328e-05,2.278656579e-05,2.023871383e-05,2.301545562e-05,3.944826603e-05,1.889940258e-05,2.876021688e-05,3.689080216e-05,6.521074906e-05,7.811068292e-05,6.0041647e-05,0.0001346074694,1.411530568e-05,1.639818183e-05,5.758206738e-06,1.300963834e-05,6.34201255e-06,3.104059617e-05,6.238372973e-05,0.0001776209013,0.0001970346799,0.0002425462117,0.0004027605225,0.0001294789342,0.000311812494,0.0008134332354,0.0009586228877,0.0004444579583,0.0008572833003,0.002523956166,0.00141907266,0.00264545439,0.001708598132,0.002491054178,0.002610767058,0.01828631406,0.01398362101,0.007844847011,0.009680139754,0.02172742038,0,0.008716967462,0.01032313736,0.009882353579,0.01371061024,0.00573223462,0.007640436456,0.002814378651,0.0005950725218,0.00354543803,0.002663950151,0.001259282496,0.0006318524148,0.001715864602,0.001466183715,0.0002307030245,0.0006091243513,0.0007258775244,0.0003229013854,0.0001388819935,0.0002910049031,0.0002301216303,6.65103158e-05,7.355113048e-05,2.053142891e-05,1.316731138e-05,9.544663487e-09,1.792146791e-08,3.73835404e-08,7.384310599e-08,1.176457865e-07,2.235056971e-07,5.293663582e-07,8.587712584e-07,1.191485905e-06,2.578436535e-06,5.902873831e-06,5.641310429e-06,9.512321036e-06,2.189078081e-05,3.36012167e-05,3.681380243e-05,7.727468785e-05,6.43177045e-05,4.05389248e-05,0.0001220863263,5.724420896e-05,0.0001337361657,9.231054018e-05,9.717855359e-05,2.843709732e-05,5.519731553e-05,0.0004097389724,2.622417088e-05,1.619561594e-05,2.667870536e-05,2.284119819e-05,7.710795857e-06,2.116204884e-06,3.75377543e-06,1.303012658e-06,8.765265102e-06,2.277438087e-05,1.970191003e-05,3.733881937e-05,5.189413513e-05,1.808402876e-05,3.911399969e-05,6.329814203e-05,0.0001426093164,5.232787687e-05,5.257478761e-05,0.0002324390427,9.57445673e-05,0.0005576142187,0.0001821173097,0.0005323037192,0.0009501565282,0.0005208684256,0.0005087787929,0.0006258737042,0.003785698016,0.0008014797829,0.001135079175,0.002765369261,0.001318587128,0.001252096754,0.002197336445,0.0008957841191,0.0006730659006,0.0006463243783,0.0004035400394,0.0003739172916,0.0004393604799,0.0002791617749,9.987618432e-05,0.0002692037798,0.0001912664638,0.0001950895671,9.080068228e-05,0.0001584768212,0.000123751963,4.174333896e-05,6.524493521e-05,6.421922311e-05,2.100088919e-05,2.031254585e-05,6.371020728e-06,4.820018785e-06
A:960,3.090264672e-11,6.672657455e-11,1.377499193e-10,2.911627217e-10,5.933797656e-10,1.209754772e-09,2.447389186e-09,5.309727585e-09,1.0104471e-08,1.80669617e-08,3.684470686e-08,7.439317477e-08,1.118925067e-07,1.987164017e-07,4.296824122e-07,6.619692148e-07,8.174293531e-07,1.720887445e-06,3.252123367e-06,2.82786292e-06,6.614396714e-06,8.588030835e-06,1.057972464e-05,9.879849975e-06,2.027921859e-05,1.838274332e-05,1.391756025e-05,2.895830892e-05,2.346839276e-05,1.863966834e-05,2.416582539e-05,4.544666549e-05,2.131675444e-05,6.200248813e-05,8.488414231e-06,9.770134244e-06,4.274594114e-06,7.820719523e-06,5.641185799e-06,1.569742432e-05,2.934779248e-05,7.139832436e-05,9.389494106e-05,8.90050151e-05,0.000144334251,7.381862313e-05,0.0001133802136,0.0002671741423,0.0003634325707,0.0002400753038,0.0002972431741,0.0009609691266,0.0005909942995,0.0006112955959,0.002246933425,0.001051833019,0.001571291162,0.002502307954,0.006907099146,0.01161082514,0.006551542866,0.00616954747,0.008716967462,0,0.01232402235,0.00783713937,0.006695721577,0.01746440328,0.005544569444,0.002317660257,0.0009810867533,0.00104335817,0.001402675895,0.0005406301533,0.0004531768961,0.0005404953867,0.0003431528815,0.0002087515388,0.0002998726007,0.0002106780214,9.950313264e-05,0.0001107991145,0.0001347926547,0.0001170069441,3.872376287e-05,5.229686038e-05,2.426230228e-05,1.58761889e-05,4.18247294e-09,7.88693327e-09,1.641075244e-08,3.272880742e-08,5.275836782e-08,9.896061285e-08,2.316026375e-07,3.788449831e-07,5.239543489e-07,1.114483606e-06,2.52085361e-06,2.409507066e-06,3.944563636e-06,9.215386977e-06,1.347273203e-05,1.363810112e-05,2.960698995e-05,2.611795076e-05,1.244789219e-05,3.952611112e-05,2.292328504e-05,5.198935611e-05,5.313034885e-05,4.445468904e-05,1.320562461e-05,2.171124292e-05,0.0003320227618,2.525341057e-05,7.585406598e-06,1.682361531e-05,1.840683739e-05,8.4584906e-06,9.136127718e-07,3.187518489e-06,3.22386504e-06,1.011253218e-05,1.651037566e-05,2.770934029e-05,1.960521337e-05,2.032681244e-05,1.908449086e-05,2.937300213e-05,2.776787563e-05,7.448101575e-05,6.855281247e-05,4.148149767e-05,0.0001182892928,0.0001095264803,0.000161008457,0.0001586304336,0.0005254061869,0.0009807689072,0.0004477744986,0.0007964165436,0.001056871391,0.0170328322,0.002994143214,0.003392549135,0.008653241356,0.01368183371,0.003716900987,0.003119719734,0.01439829472,0.001242054147,0.002202808211,0.0004478085533,0.001306907052,0.0005985180226,0.0003614342952,0.0002919730823,0.0001680433515,0.000153709172,0.0001696884752,0.0001651530523,0.0001091926399,9.502113973e-05,7.912993987e-05,9.699040063e-05,9.024938224e-05,2.09315428e-05,2.682455841e-05,9.08256399e-06,6.099550225e-06
A:961,1.099225189e-11,2.465988688e-11,5.360114694e-11,1.194138262e-10,2.536350371e-10,5.369565742e-10,1.152441838e-09,2.595314521e-09,5.088655908e-09,9.68636045e-09,2.110782224e-08,4.347372553e-08,6.875211624e-08,1.332329963e-07,3.007231431e-07,4.686442922e-07,6.481346689e-07,1.446577369e-06,2.783948219e-06,2.534239895e-06,6.548100366e-06,8.976598346e-06,1.121322702e-05,1.181344075e-05,2.603148353e-05,2.430707071e-05,1.414946526e-05,3.175473668e-05,4.553079638e-05,2.897588965e-05,2.603709617e-05,9.341861703e-05,2.345306757e-05,8.061048201e-05,1.18441885e-05,1.069315836e-05,3.722166197e-06,7.160880837e-06,6.232626259e-06,1.296084818e-05,3.280928732e-05,7.115065739e-05,0.0001036993251,0.0001198445836,0.0001877054868,0.0001208802819,0.0002450547649,0.0004445875561,0.0006199075086,0.0004423805646,0.0006481483146,0.001434461378,0.001242925746,0.001092066202,0.001144422367,0.003971792477,0.00121487959,0.001861690476,0.004465281591,0.01548592841,0.01241790689,0.007991308846,0.01032313736,0.01232402235,0,0.0176105303,0.008815950691,0.006518787202,0.01310717135,0.01365660939,0.00213855375,0.001265477218,0.001390136746,0.003137726364,0.0007219468279,0.001346021844,0.001183430244,0.0002654114731,0.0006648251911,0.0007033060522,0.0002318157623,0.0001438012797,0.0003826432423,0.0003012082229,6.967098845e-05,0.0001137579798,4.103196455e-05,2.920263284e-05,1.804557975e-09,3.486218088e-09,7.555807393e-09,1.516403741e-08,2.489172131e-08,4.966220123e-08,1.208335002e-07,1.985257098e-07,2.990247926e-07,6.765952416e-07,1.539756707e-06,1.565529051e-06,3.127157555e-06,6.841882963e-06,1.035903335e-05,1.403747256e-05,3.394405586e-05,2.38082341e-05,1.632087854e-05,6.39730752e-05,3.699722448e-05,5.395139541e-05,3.65615684e-05,8.923076836e-05,2.100826986e-05,2.541661742e-05,0.0001409130115,2.572480514e-05,7.178578318e-06,1.247772928e-05,9.872176843e-06,2.433361125e-06,8.139159658e-07,1.965555903e-06,1.720540768e-06,7.417839361e-06,1.204354308e-05,2.125530098e-05,1.88694915e-05,2.05236248e-05,2.050877615e-05,2.436022967e-05,3.466305805e-05,6.245760785e-05,5.728550305e-05,3.389584036e-05,0.0001180496093,6.146692016e-05,0.0001284516877,0.0002932833892,0.0001653014194,0.0004164286667,0.0004716425468,0.0009962775728,0.001048633403,0.004105488964,0.0003598947605,0.001155290334,0.01867204853,0.006476988947,0.0003277127055,0.0012369392,0.003613097636,0.00275457444,0.00057700897,0.0004835724641,0.0007302897828,0.0008249628053,0.0004070460012,0.000146150354,0.0002588659447,0.0002914408726,0.0002189960205,0.0001336191999,0.0002359651744,0.0001722032526,5.684034587e-05,0.0001321236471,0.0001401921948,3.438998774e-05,4.636134497e-05,1.245483028e-05,1.211623026e-05
A:962,3.007326601e-12,6.938244084e-12,1.566078987e-11,3.532136389e-11,7.636595659e-11,1.702856122e-10,3.789688049e-10,8.496503678e-10,1.746101083e-09,3.589826279e-09,7.813874655e-09,1.610372945e-08,2.882811696e-08,5.847943766e-08,1.242457007e-07,2.129892595e-07,3.612367918e-07,7.157505095e-07,1.334512602e-06,1.822559316e-06,4.181473362e-06,4.760227116e-06,7.836428761e-06,1.463866113e-05,1.529451917e-05,1.442854219e-05,3.113493528e-05,2.068939613e-05,2.489666573e-05,2.431894215e-05,6.521558152e-05,4.528131777e-05,2.683839032e-05,5.932657075e-05,6.34958411e-06,5.509723099e-06,1.674881281e-06,3.763448488e-06,2.650234454e-06,7.908199992e-06,2.33397906e-05,5.571055339e-05,7.226661673e-05,0.0001079477743,0.0001743899251,9.225273731e-05,0.0001994776473,0.0004924365387,0.0005867968145,0.000354180669,0.0006171300515,0.001924115931,0.001033496392,0.0009934277269,0.001421985608,0.002513549327,0.002509178775,0.002292581138,0.003106979652,0.003538107517,0.01219178769,0.01569573369,0.009882353579,0.00783713937,0.0176105303,0,0.02029501678,0.007180787746,0.01025369692,0.01227837094,0.004821429966,0.00458441359,0.003879926057,0.001628184642,0.002058005013,0.003122503223,0.002406267623,0.0004544159015,0.001168069958,0.001702409783,0.0006785639129,0.0002715932409,0.0008103480347,0.0007563886058,0.0001876265435,0.0002542241634,8.436213803e-05,5.780481868e-05,9.98226901e-10,1.981868092e-09,4.481076099e-09,9.204555876e-09,1.542627257e-08,3.200497248e-08,8.053119024e-08,1.330802421e-07,2.061247253e-07,4.911002061e-07,1.129487743e-06,1.180302981e-06,2.46140708e-06,5.499605731e-06,8.195437995e-06,1.295239609e-05,2.836824612e-05,2.088895023e-05,1.342561378e-05,6.68701578e-05,3.054480383e-05,5.067165929e-05,5.247257085e-05,6.717662271e-05,1.30586436e-05,2.62869347e-05,0.0002218479355,2.219952015e-05,8.037538434e-06,1.049905558e-05,9.716838942e-06,3.228814045e-06,6.997785105e-07,1.108395999e-06,4.65633449e-07,4.090366787e-06,7.921555019e-06,1.066796071e-05,1.816824786e-05,2.609457763e-05,1.5829106e-05,3.059247331e-05,5.682904451e-05,0.0001077618445,6.164072575e-05,5.296583682e-05,0.0002487949975,0.0001139808826,0.0001679603622,0.0002520101254,0.0005093690438,0.0003304055474,0.0004546850199,0.0006053463418,0.0002680060872,0.001330385834,0.0006282146582,0.0008269604503,0.002558291146,0.0004623457624,0.0009365631172,0.000346467785,0.003867114743,0.001157037121,0.00105861635,0.0007924078553,0.001292442766,0.001332563699,0.0009173626464,0.0004515939329,0.000344097487,0.0005068648552,0.000298888466,0.0001903923481,0.0003745678752,0.0002925552069,5.704944859e-05,0.0002014667696,0.0002159722939,5.956590778e-05,7.571796663e-05,2.253785796e-05,2.393282092e-05
A:963,1.700575932e-12,3.915294494e-12,8.837130509e-12,2.018212671e-11,4.373537982e-11,9.666937633e-11,2.172226572e-10,4.94768333e-10,1.004115393e-09,2.055340778e-09,4.607093195e-09,9.489206992e-09,1.650435194e-08,3.449628631e-08,7.580743432e-08,1.233951584e-07,2.110513241e-07,4.501866549e-07,8.197807742e-07,9.946224742e-07,2.770205507e-06,3.181382322e-06,4.316302962e-06,8.928497895e-06,1.076463445e-05,9.787765973e-06,1.388083586e-05,1.836170683e-05,1.452999307e-05,1.550135559e-05,3.179249906e-05,3.723232051e-05,1.379314688e-05,3.00331735e-05,4.828491213e-06,4.321384582e-06,1.096394934e-06,2.165098674e-06,2.062133193e-06,3.540287746e-06,1.070617533e-05,2.389984941e-05,3.190469209e-05,4.408012667e-05,7.801186725e-05,4.373433654e-05,8.3330704e-05,0.0002086670058,0.0003152766937,0.0001666654458,0.0002674403835,0.0009851932786,0.0007224960548,0.0004475770016,0.0008123624697,0.001483527239,0.0006973922835,0.003602950363,0.001382197382,0.001310151501,0.002749150089,0.0128068444,0.01371061024,0.006695721577,0.008815950691,0.02029501678,0,0.01489043124,0.01093017062,0.008853393485,0.008708342899,0.01297924273,0.004082632316,0.001279769212,0.0009094400286,0.003741733869,0.001891127448,0.0004424414948,0.001068570965,0.001224884067,0.0006000515805,0.0003725143084,0.0007132360761,0.000726882961,0.0002293470225,0.0002979269281,0.0001250290677,7.935984727e-05,4.024955311e-10,8.059704003e-10,1.835621809e-09,3.807032937e-09,6.448395711e-09,1.341588677e-08,3.376255827e-08,5.621287711e-08,8.75261782e-08,2.0900218e-07,4.783356834e-07,5.068557165e-07,1.040759085e-06,2.368088652e-06,3.461419956e-06,5.425108399e-06,1.159098011e-05,9.355699177e-06,5.449708534e-06,2.70639607e-05,1.297071714e-05,2.310115542e-05,2.452176244e-05,2.954354827e-05,5.715904792e-06,1.219711255e-05,0.0001240295617,1.817594333e-05,3.952677702e-06,6.607664846e-06,6.05588062e-06,1.90333755e-06,3.679477888e-07,6.642023759e-07,3.903276038e-07,3.11552502e-06,5.34523173e-06,8.224465776e-06,1.167735858e-05,1.664633e-05,1.224586727e-05,2.201766227e-05,3.699497399e-05,7.848022211e-05,5.574687443e-05,3.999498169e-05,0.0001478495774,0.0001315294185,0.000129466643,0.0001426611215,0.000247107267,0.0002104598086,0.0002633758775,0.0005819381391,0.000245424722,0.0005037520658,0.0005100594444,0.002551958765,0.004043808845,0.0009898690969,0.0004024388001,0.006340634184,0.01595951063,0.001480619484,0.000556833287,0.002772799461,0.005019238212,0.001287686808,0.001114257007,0.0005593254862,0.0004195771374,0.0003833894981,0.0002450445812,0.0001871369893,0.0001463490711,0.000140324881,0.0001607116735,0.0001536121222,0.0001665939147,5.869665025e-05,8.028593868e-05,3.64896744e-05,2.961415059e-05
A:964,1.138064034e-12,2.609768866e-12,5.871463404e-12,1.364835885e-11,2.972557308e-11,6.462158764e-11,1.466040686e-10,3.423623043e-10,6.818100181e-10,1.372783922e-09,3.20778141e-09,6.64474149e-09,1.09327464e-08,2.355046062e-08,5.493519013e-08,8.342063053e-08,1.37869745e-07,3.27397098e-07,5.982542984e-07,5.837471127e-07,2.02908681e-06,2.438732411e-06,2.722782628e-06,5.735905993e-06,8.102187325e-06,7.383640168e-06,5.79842549e-06,1.482749676e-05,1.063020037e-05,9.198759363e-06,1.691354092e-05,1.937277276e-05,5.156270436e-06,1.254907285e-05,3.064853537e-06,2.640257837e-06,7.217369303e-07,1.187370591e-06,1.530330895e-06,1.573358701e-06,4.450754688e-06,8.434304417e-06,1.357011177e-05,1.543430296e-05,2.48055261e-05,1.958145746e-05,3.504345215e-05,7.005903226e-05,0.0001037035677,8.558914327e-05,0.0001203032245,0.0003125218878,0.0002965835746,0.0003604998621,0.0002890462309,0.0005266175757,0.0005833827748,0.0007849561832,0.001317373799,0.001041789759,0.001438632783,0.002111967876,0.00573223462,0.01746440328,0.006518787202,0.007180787746,0.01489043124,0,0.009275177725,0.006410616666,0.006348998369,0.01322788035,0.007465136194,0.003468457151,0.005301671447,0.001089328635,0.002706939737,0.001471576728,0.0006545345787,0.0006256213591,0.0003066056626,0.0003028851482,0.0004275302504,0.0004081623266,0.0001026827237,0.0002484133616,0.0001335212863,9.522782846e-05,1.275722608e-10,2.553451387e-10,5.789268719e-10,1.196306787e-09,2.032085675e-09,4.217816854e-09,1.053246682e-08,1.760613878e-08,2.787437405e-08,6.544517152e-08,1.484643977e-07,1.593085889e-07,3.369396321e-07,7.387064399e-07,1.088222112e-06,1.670867751e-06,3.979841498e-06,2.914566668e-06,1.904935397e-06,8.468581812e-06,5.392617643e-06,7.259028379e-06,4.592229147e-06,1.903393577e-05,4.752027441e-06,4.596342412e-06,2.34159561e-05,1.347987659e-05,1.561046929e-06,2.929988018e-06,2.33381818e-06,6.747265442e-07,1.601038383e-07,4.630679331e-07,4.558661443e-07,2.382037683e-06,3.650660555e-06,6.682868594e-06,7.993119556e-06,1.074140689e-05,9.227339098e-06,1.509687495e-05,2.631325725e-05,5.399477261e-05,4.299659465e-05,2.997599384e-05,9.744660903e-05,0.0001072638723,0.0001253345399,0.000108369778,0.000137236325,0.0002750411377,0.0002941237485,0.0005600501088,0.0005981125178,0.0004138098361,0.002626704181,0.001246240444,0.01273606607,0.002801278691,0.003573348464,0.01665849476,0.009170634073,0.003043159236,0.002511719206,0.01367172995,0.00260722524,0.00106529921,0.001149834987,0.00126891114,0.0005802076776,0.0002528648903,0.0004689890434,0.0001619061486,0.0002003227444,0.0001501698703,0.0001573875645,0.0001604764907,0.0002036210877,4.946966213e-05,8.111777858e-05,3.946518178e-05,3.795068492e-05
A:965,3.185422185e-13,7.535281912e-13,1.75253376e-12,4.156804355e-12,9.319345436e-12,2.10871386e-11,4.904654638e-11,1.161209779e-10,2.422781381e-10,5.107575232e-10,1.197210112e-09,2.56702182e-09,4.595219585e-09,9.954024043e-09,2.305506849e-08,3.936092248e-08,6.930720665e-08,1.536250076e-07,3.006459914e-07,3.911139848e-07,1.075685074e-06,1.339684334e-06,2.07761201e-06,4.200853261e-06,6.074761356e-06,5.054509704e-06,9.370933999e-06,1.151038447e-05,1.213769198e-05,9.591312115e-06,2.558133273e-05,2.976362312e-05,7.829432732e-06,1.899639986e-05,2.527034246e-06,1.928946449e-06,4.515524807e-07,9.06224765e-07,9.907453361e-07,1.466203979e-06,5.870282346e-06,1.168576667e-05,1.724875378e-05,2.781003734e-05,4.827008375e-05,3.571890063e-05,7.326759287e-05,0.0001666200589,0.0002463046876,0.0001784264453,0.0003266817176,0.0008292837185,0.0006932293417,0.0006995217063,0.0009613433602,0.001491420339,0.0008971181046,0.001910748641,0.002443592464,0.003303507271,0.001435368226,0.002731645368,0.007640436456,0.005544569444,0.01310717135,0.01025369692,0.01093017062,0.009275177725,0,0.02550598739,0.006116172553,0.009120539716,0.01511169818,0.01391022763,0.002304583269,0.002876341902,0.002507296955,0.001527088328,0.00156211499,0.001908693377,0.001007459831,0.0003429567824,0.001463615876,0.001515249151,0.0003155898539,0.0005359399534,0.0002185851781,0.0001572928402,8.442026355e-11,1.76343167e-10,4.242654984e-10,9.010970406e-10,1.586415823e-09,3.535516836e-09,9.270085608e-09,1.573316026e-08,2.6794125e-08,6.821584768e-08,1.577270264e-07,1.81129942e-07,4.307079619e-07,9.619701701e-07,1.421088987e-06,2.846418949e-06,6.468898913e-06,4.791029173e-06,3.277396978e-06,2.09388503e-05,1.072462843e-05,1.430739717e-05,2.342703563e-05,3.121210948e-05,5.248801156e-06,1.023055766e-05,0.0001241805028,1.289124214e-05,3.635705031e-06,3.36540933e-06,3.815316926e-06,1.656596808e-06,2.07964745e-07,3.150829012e-07,1.770673762e-07,1.318176022e-06,1.879578539e-06,3.537228911e-06,4.739729888e-06,6.882929798e-06,6.978863595e-06,1.101758755e-05,1.964808029e-05,3.897632863e-05,3.542203989e-05,2.75543485e-05,0.0001048753431,8.912567846e-05,0.0001234126269,0.0001164879241,0.0002812891731,0.0001500230934,0.0002377087353,0.0003255898346,0.0003234367706,0.000701522496,0.0006978370032,0.0008969299465,0.001673005385,0.002247364352,0.001155340271,0.001571600384,0.003064648201,0.001302971245,0.001080531968,0.002406196864,0.0004459777729,0.001020642102,0.0007029989977,0.001406461291,0.0006075102766,0.0006037275524,0.0006712508929,0.0002367274302,0.0007564183257,0.000451998863,0.0001410072595,0.0003171348545,0.0004693419004,8.516835579e-05,0.0001551601725,4.850128185e-05,7.630626374e-05
A:966,1.396696367e-13,3.352889136e-13,7.987409441e-13,1.929781345e-12,4.374115763e-12,1.011105817e-11,2.422084156e-11,5.778798672e-11,1.219451022e-10,2.674349811e-10,6.425634507e-10,1.368105568e-09,2.54053424e-09,5.797663543e-09,1.337386696e-08,2.26361469e-08,4.420422499e-08,9.908963366e-08,1.856584493e-07,2.590518119e-07,7.988182305e-07,9.169348521e-07,1.354808259e-06,3.698546685e-06,4.307548595e-06,3.599544227e-06,7.87364937e-06,9.879829517e-06,7.357469404e-06,6.987693208e-06,2.987525254e-05,1.696775762e-05,5.453789726e-06,1.024788571e-05,1.646322396e-06,1.227743253e-06,2.439573611e-07,4.854283127e-07,5.852646337e-07,7.208297464e-07,3.064638901e-06,6.168323146e-06,8.927275012e-06,1.517316247e-05,2.728075997e-05,1.994784803e-05,3.988330033e-05,0.0001016014904,0.0001517032141,0.0001032721671,0.000193885526,0.0006191362562,0.000458038222,0.000415207992,0.000711395231,0.001403165069,0.0005234965659,0.001663915375,0.001640977183,0.001418879436,0.002960838055,0.001902565748,0.002814378651,0.002317660257,0.01365660939,0.01227837094,0.008853393485,0.006410616666,0.02550598739,0,0.007054599502,0.01049742329,0.01014066365,0.01349289709,0.008064320899,0.007393929504,0.002935116251,0.0008686348167,0.00363097226,0.00309243135,0.001035731242,0.0005579819827,0.001812920187,0.00217529973,0.0005384326469,0.0008040285876,0.000338171912,0.0002275185289,3.730572891e-11,7.908005138e-11,1.939655619e-10,4.163399477e-10,7.415925893e-10,1.68167273e-09,4.460389827e-09,7.597163798e-09,1.314761764e-08,3.408396029e-08,7.883883325e-08,9.202962643e-08,2.219726482e-07,5.005185876e-07,7.310095663e-07,1.543650118e-06,3.392732902e-06,2.612014391e-06,1.731434541e-06,1.189397422e-05,5.739565839e-06,8.053523781e-06,1.429497773e-05,1.773057778e-05,2.839897509e-06,6.044383758e-06,8.170589791e-05,1.027954304e-05,2.221845356e-06,2.186398897e-06,2.451698427e-06,1.081959623e-06,1.229351918e-07,1.757004957e-07,9.131677987e-08,9.205724192e-07,1.365622467e-06,2.474781604e-06,3.923733032e-06,6.134237838e-06,5.78028683e-06,9.82685515e-06,1.988370903e-05,3.88168722e-05,3.187189905e-05,3.229126678e-05,0.0001183512862,9.037556791e-05,0.0001197812216,0.0001725715648,0.0002846297246,0.0001225086925,0.0002892633402,0.0004913548869,0.0002401618016,0.0004005773905,0.000634503494,0.0006865832807,0.003278525583,0.0005344012029,0.001159806272,0.0005113866603,0.002451412698,0.001066509267,0.001550182031,0.003474036148,0.001128266486,0.001254640171,0.002828744404,0.001557062131,0.0006555671393,0.0005956992956,0.0006495960658,0.000754608778,0.0005274737236,0.0003375587412,8.41176606e-05,0.0004880808796,0.0004366546218,0.0001315391251,0.0002032062465,7.061718444e-05,0.0001195813002
A:967,1.136611698e-13,2.66340384e-13,6.172570275e-13,1.48705838e-12,3.319942033e-12,7.37103933e-12,1.739729403e-11,4.186616106e-11,8.490062038e-11,1.775460307e-10,4.349424397e-10,9.157110235e-10,1.559856883e-09,3.560496133e-09,8.569779988e-09,1.314942444e-08,2.399824476e-08,5.869086885e-08,1.083871363e-07,1.138873385e-07,4.421496244e-07,5.206514404e-07,6.025532058e-07,1.557999452e-06,2.278461475e-06,1.842766616e-06,1.987539357e-06,5.464220026e-06,3.395995214e-06,2.747080462e-06,7.645070367e-06,7.327303882e-06,1.501681037e-06,3.94249439e-06,8.203750478e-07,6.962004863e-07,1.49930492e-07,2.406895889e-07,3.589461991e-07,3.011677705e-07,1.165797123e-06,1.996853108e-06,3.306691076e-06,4.579959853e-06,8.002251293e-06,7.181382646e-06,1.174636591e-05,2.770924727e-05,4.434618782e-05,3.123265946e-05,4.809516608e-05,0.0001544863695,0.0001449406684,0.0001082243279,0.0001448600602,0.0003182742272,0.0002121600104,0.0003037252976,0.0004053778779,0.0003473794146,0.0004755033379,0.001550608392,0.0005950725218,0.0009810867533,0.00213855375,0.004821429966,0.008708342899,0.006348998369,0.006116172553,0.007054599502,0,0.008086784788,0.006495915755,0.006182214605,0.009450595314,0.005756962303,0.002419987252,0.005583826561,0.0005860941339,0.00141357432,0.0004785233308,0.0003943869178,0.000491137226,0.000666207605,0.0002070414451,0.0003343693067,0.0003009176687,0.0001916456162,1.230519846e-11,2.607147325e-11,6.389304199e-11,1.381994554e-10,2.466632903e-10,5.548847124e-10,1.473752149e-09,2.530105622e-09,4.336451895e-09,1.117824332e-08,2.607509485e-08,2.999204478e-08,7.184867762e-08,1.637472365e-07,2.414486346e-07,4.601830795e-07,1.107643249e-06,8.581827696e-07,5.406499565e-07,3.349274457e-06,2.115988015e-06,2.621989309e-06,2.933174061e-06,6.609591264e-06,1.402752787e-06,2.003279015e-06,1.632069112e-05,5.252243589e-06,6.805230476e-07,9.478913175e-07,1.14505984e-06,2.72120087e-07,5.500356332e-08,1.30741923e-07,1.173326899e-07,6.304791032e-07,7.823496899e-07,1.699311801e-06,1.962146026e-06,2.743211143e-06,3.091170215e-06,4.721068892e-06,8.825694849e-06,1.749807406e-05,1.643044736e-05,1.530835188e-05,4.574112023e-05,4.644616597e-05,7.249334717e-05,5.217688036e-05,9.405172205e-05,0.0001475025611,0.0001260062052,0.0001421063292,0.0001422944226,0.0002944589459,0.0002672065472,0.0004738921748,0.0005987585924,0.0004585520836,0.0008658872082,0.002584608593,0.01382112741,0.00259915212,0.00372756317,0.01059504888,0.01290772705,0.002343575044,0.006176376003,0.01281972513,0.001254933615,0.001059792608,0.0006683089052,0.0007514376931,0.000589816483,0.000208012851,0.0006315022453,0.0001582958586,0.0001863719627,8.700564584e-05,0.0001325775408,9.034444264e-05,9.180757205e-05
A:968,3.763357326e-14,9.063110501e-14,2.178033313e-13,5.421107226e-13,1.243557558e-12,2.852484636e-12,7.007783189e-12,1.727387404e-11,3.600364874e-11,7.898372449e-11,2.00586235e-10,4.3049861e-10,7.696829877e-10,1.848306599e-09,4.541100116e-09,7.202548848e-09,1.420887234e-08,3.550534014e-08,6.688191398e-08,7.775003137e-08,3.052160654e-07,3.728290774e-07,4.577520289e-07,1.300451735e-06,2.008450382e-06,1.571182613e-06,2.051841804e-06,5.49638137e-06,3.879082818e-06,2.74088591e-06,8.870930839e-06,9.477305683e-06,1.508360364e-06,3.770102146e-06,7.826677429e-07,5.826322907e-07,1.054492437e-07,1.725661158e-07,2.877185761e-07,2.016018095e-07,9.626428837e-07,1.587248157e-06,2.729823476e-06,4.354391494e-06,7.787351523e-06,7.90335684e-06,1.461881579e-05,3.442505097e-05,5.517034064e-05,4.780065003e-05,9.132853703e-05,0.0002359917419,0.0002396948229,0.0002944592759,0.0003437568704,0.0006156067724,0.0005662819695,0.001004424704,0.0008384748356,0.001137421751,0.001102542746,0.00124209835,0.00354543803,0.00104335817,0.001265477218,0.00458441359,0.01297924273,0.01322788035,0.009120539716,0.01049742329,0.008086784788,0,0.01836432823,0.009515081814,0.007742683375,0.0119702203,0.01555716458,0.002860277798,0.001290050278,0.001551432693,0.003620337671,0.000510420278,0.001558641719,0.00211547218,0.0003627052143,0.0009532248467,0.000412353407,0.0003564246641,5.401282524e-12,1.177282741e-11,2.966566878e-11,6.463783527e-11,1.187679124e-10,2.799085603e-10,7.550777633e-10,1.316664569e-09,2.429131748e-09,6.460588107e-09,1.501670184e-08,1.872608539e-08,4.900633631e-08,1.095609537e-07,1.624155432e-07,3.81747952e-07,9.161177411e-07,6.88959031e-07,5.001835241e-07,3.744340777e-06,2.275413505e-06,2.510229957e-06,4.834984588e-06,9.48929521e-06,1.652836999e-06,2.510452323e-06,3.415763451e-05,5.646196639e-06,9.755148477e-07,8.065293973e-07,1.079317997e-06,4.887938695e-07,4.819725797e-08,9.018284472e-08,6.791717045e-08,4.23988605e-07,4.904230024e-07,1.130397412e-06,1.379733826e-06,2.013543694e-06,2.815601081e-06,3.741573753e-06,7.525962136e-06,1.443010829e-05,1.492059483e-05,1.418550453e-05,4.639838135e-05,4.463702614e-05,8.085028973e-05,5.55936744e-05,0.0001033667682,0.0001409141585,0.0001176328357,0.0001412529805,0.0001510041953,0.0002008832432,0.0005053842504,0.0003487822188,0.001143491509,0.0006645594921,0.001081588258,0.005071407018,0.002457592817,0.0005040922698,0.001292860154,0.01164532952,0.004319327403,0.0004501183806,0.001276435221,0.00644634338,0.002256747117,0.0005769206048,0.002161578301,0.0006554607089,0.001373290567,0.0006281031212,0.0003631182498,0.0004051538005,0.000664947238,0.0001359845106,0.000220924923,7.888469638e-05,0.0001959181182
A:969,1.238073886e-14,3.049877931e-14,7.52698705e-14,1.899789078e-13,4.439869709e-13,1.052112095e-12,2.641866003e-12,6.554621119e-12,1.412183898e-11,3.229560458e-11,8.229517134e-11,1.795056028e-10,3.437863487e-10,8.387950184e-10,2.031003099e-09,3.466818537e-09,7.374436871e-09,1.75490993e-08,3.355069524e-08,4.885171443e-08,1.711692111e-07,2.003486119e-07,2.949392178e-07,9.671423493e-07,1.202082683e-06,9.413721192e-07,2.325796239e-06,3.707177434e-06,2.432757342e-06,2.044651492e-06,1.258483122e-05,6.187700359e-06,1.411720505e-06,2.469045037e-06,4.398576538e-07,3.045015281e-07,4.988577784e-08,9.100594395e-08,1.451029703e-07,1.125075785e-07,6.071162891e-07,1.077644294e-06,1.715712407e-06,3.17702998e-06,5.976695747e-06,5.502732596e-06,1.101645534e-05,2.750220036e-05,4.546884968e-05,3.661912996e-05,7.47678317e-05,0.000206728733,0.0002026816719,0.0002100235935,0.0003666144003,0.0006228928827,0.0003671724995,0.0009416681213,0.001206224112,0.0008553544414,0.0009333791294,0.001508996802,0.002663950151,0.001402675895,0.001390136746,0.003879926057,0.004082632316,0.007465136194,0.01511169818,0.01014066365,0.006495915755,0.01836432823,0,0.01982510874,0.006542279105,0.01015461138,0.01286899015,0.004764172635,0.004170789115,0.004450786373,0.001250695058,0.001743149797,0.003031621777,0.003660108181,0.0008485362147,0.001482026147,0.0007371043242,0.0004579410455,2.802890366e-12,6.248499573e-12,1.624039725e-11,3.587708432e-11,6.695099122e-11,1.627093834e-10,4.480126452e-10,7.816078756e-10,1.479135948e-09,4.066232972e-09,9.481987003e-09,1.204197571e-08,3.254551172e-08,7.353446015e-08,1.072962196e-07,2.77749889e-07,6.333693594e-07,4.845450228e-07,3.473137987e-07,2.934308794e-06,1.51323377e-06,1.804773355e-06,4.628260745e-06,6.146118083e-06,8.898018315e-07,1.755374316e-06,3.346335685e-05,4.152359575e-06,7.138704532e-07,5.408722672e-07,7.032978529e-07,4.038692891e-07,2.82525218e-08,3.973691356e-08,2.366830199e-08,2.242952594e-07,2.802093861e-07,6.084375842e-07,9.246689975e-07,1.511390111e-06,1.884184196e-06,3.031743127e-06,6.422687349e-06,1.278887313e-05,1.318438603e-05,1.556859681e-05,5.126322927e-05,4.917854597e-05,8.149293231e-05,0.0001009622532,0.0001840943776,0.0001275554608,0.0002573288013,0.0003680316776,0.0001917369778,0.0001957734635,0.0008649065056,0.0005328719589,0.0008423960225,0.0007438880032,0.001403608391,0.00129542862,0.001067301973,0.001069127128,0.001343747142,0.002511004972,0.0004995024393,0.001039033313,0.000437849168,0.00245717326,0.00114813037,0.001186520444,0.002146006865,0.0006345346638,0.001509442868,0.001443203685,0.001215063055,0.000482784841,0.0009180663606,0.0001830625128,0.000269829694,0.0001195388476,0.0003105488238
A:970,6.005910553e-15,1.485306695e-14,3.706070112e-14,9.477467906e-14,2.22258291e-13,5.293253311e-13,1.354143147e-12,3.385352342e-12,7.272647481e-12,1.691776126e-11,4.411513065e-11,9.538598754e-11,1.833985139e-10,4.645932449e-10,1.13438292e-09,1.872595504e-09,4.209855122e-09,1.033231098e-08,1.912624904e-08,2.727660563e-08,1.075924145e-07,1.226260228e-07,1.621131772e-07,6.345059452e-07,7.462608836e-07,5.837667903e-07,1.354171966e-06,2.623533079e-06,1.387324184e-06,1.19028118e-06,8.59466139e-06,3.268857775e-06,7.389981487e-07,1.101621435e-06,2.659170378e-07,1.874438189e-07,2.775847936e-08,4.637893252e-08,8.510207214e-08,4.817645432e-08,2.605596966e-07,4.380743434e-07,7.284409642e-07,1.281697244e-06,2.452809313e-06,2.484619101e-06,4.60785263e-06,1.171983543e-05,2.036884092e-05,1.675988944e-05,3.271166209e-05,9.939100378e-05,0.0001046646297,0.0001003149658,0.0001698265717,0.000375314327,0.0002149364873,0.000430088189,0.0006501407764,0.0007027083818,0.0004199096928,0.0009750034883,0.001259282496,0.0005406301533,0.003137726364,0.001628184642,0.001279769212,0.003468457151,0.01391022763,0.01349289709,0.006182214605,0.009515081814,0.01982510874,0,0.01382216982,0.01068799666,0.008931527087,0.01041975799,0.01118810178,0.004548697059,0.001179843403,0.0008781827142,0.003311783917,0.00313705838,0.0006861639193,0.001485719464,0.0008642644929,0.0005170442419,9.988697286e-13,2.244341055e-12,5.880385377e-12,1.305126729e-11,2.453758316e-11,6.012537391e-11,1.661603236e-10,2.909822179e-10,5.573444002e-10,1.540739903e-09,3.589345461e-09,4.600490008e-09,1.258870888e-08,2.853227652e-08,4.142591491e-08,1.085826969e-07,2.50634264e-07,1.948818138e-07,1.354753906e-07,1.187648333e-06,6.455776137e-07,7.442055732e-07,1.796409893e-06,2.950254714e-06,4.138765036e-07,7.556353898e-07,1.362892962e-05,2.809320809e-06,2.982103655e-07,2.83370562e-07,3.606057983e-07,1.591274329e-07,1.322755729e-08,2.177525941e-08,1.50256081e-08,1.429088169e-07,1.752765795e-07,3.879758413e-07,6.002627876e-07,9.994466368e-07,1.28003299e-06,2.079443585e-06,4.552310528e-06,9.214954232e-06,9.533092156e-06,1.216131941e-05,3.835972613e-05,4.009513233e-05,6.189479822e-05,7.781608794e-05,0.0001390155358,0.000130286375,0.0001850713688,0.0002733068223,0.0001647488785,0.0001947065776,0.0004850058251,0.0003294102561,0.0004796192918,0.00042532094,0.0009132039695,0.001128589729,0.001096812992,0.00073883333,0.00291039135,0.006400849281,0.001165852107,0.0004348349546,0.00526601164,0.01431358698,0.0009325563986,0.0003469037956,0.0006833841411,0.005890891126,0.0008956447358,0.0006653464163,0.0005457152366,0.0005422246115,0.0002629641154,0.0001636568615,0.0002972832758,0.0001723233506,0.0003432725043
A:971,5.723937662e-15,1.375007724e-14,3.327527897e-14,8.425801865e-14,1.931220819e-13,4.407629211e-13,1.107917636e-12,2.765828705e-12,5.680334708e-12,1.259901202e-11,3.323191432e-11,7.024909824e-11,1.236886134e-10,3.133516348e-10,7.869328237e-10,1.166126768e-09,2.461579487e-09,6.531194635e-09,1.184216891e-08,1.241018864e-08,6.168356979e-08,7.351603582e-08,7.588493745e-08,2.723100434e-07,4.412649459e-07,3.258219625e-07,3.325041763e-07,1.539702646e-06,9.409727814e-07,5.293616479e-07,2.230246311e-06,2.496737198e-06,2.20384555e-07,8.571974488e-07,1.776528318e-07,1.421365005e-07,2.261618562e-08,3.188501428e-08,6.422654868e-08,3.447567768e-08,1.912055075e-07,2.750181259e-07,5.194534354e-07,8.165479934e-07,1.476193923e-06,1.797037904e-06,2.998122419e-06,7.264754553e-06,1.192598706e-05,1.12197636e-05,2.07893732e-05,5.725184156e-05,6.176888558e-05,7.5840409e-05,9.608016745e-05,0.0001828608023,0.0001855979608,0.0002435686939,0.0002677705949,0.0003586457617,0.000397420914,0.0003984168434,0.0006318524148,0.0004531768961,0.0007219468279,0.002058005013,0.0009094400286,0.005301671447,0.002304583269,0.008064320899,0.009450595314,0.007742683375,0.006542279105,0.01382216982,0,0.008973360816,0.00679310241,0.008965682128,0.01044139562,0.005832940189,0.001933872728,0.001432012748,0.0009197368344,0.001931145895,0.0003658069704,0.0006217543583,0.0005727273909,0.00038927619,5.56495114e-13,1.262113076e-12,3.328678953e-12,7.505307553e-12,1.431442193e-11,3.520170755e-11,9.796336352e-11,1.761663539e-10,3.399127025e-10,9.385841458e-10,2.225532035e-09,2.948781761e-09,8.026031619e-09,1.828275327e-08,2.775791298e-08,6.921178247e-08,1.725415713e-07,1.35106915e-07,1.066601802e-07,7.687322824e-07,5.640649984e-07,5.671041288e-07,1.081215675e-06,2.450528517e-06,5.372154648e-07,7.087259032e-07,8.175311926e-06,1.489746267e-06,3.272546546e-07,1.76881677e-07,2.906386334e-07,1.873516836e-07,1.443775056e-08,2.953425807e-08,2.389519328e-08,1.028983729e-07,1.041762931e-07,2.661248768e-07,3.02399998e-07,4.516682783e-07,7.030641332e-07,9.533264907e-07,1.948535422e-06,3.9939581e-06,4.499079397e-06,5.188427941e-06,1.454474911e-05,1.739288622e-05,3.209012794e-05,2.271112553e-05,4.211714938e-05,8.459348413e-05,6.222153624e-05,6.303116801e-05,9.196410174e-05,0.0001874267721,0.0001652595364,0.0001135851023,0.0003493272277,0.0002001137952,0.0008732978747,0.0005917657809,0.001823466547,0.001733193053,0.002459199818,0.01446800421,0.008481576975,0.002369034352,0.01497667536,0.01343270903,0.00453426942,0.001237757557,0.01471786778,0.0008513182755,0.002976466986,0.001944545454,0.0009732647948,0.0005805401111,0.0006415533459,0.0004179532617,0.0002530246154,0.0001990559548,0.0003527179345
A:972,9.993492806e-16,2.515027611e-15,6.422491917e-15,1.687711345e-14,4.03871326e-14,9.788472681e-14,2.577909959e-13,6.608323568e-13,1.44264219e-12,3.443083643e-12,9.290466014e-12,2.049544522e-11,4.022158058e-11,1.055541823e-10,2.662363177e-10,4.466329517e-10,1.042089557e-09,2.653140695e-09,5.064825276e-09,7.346728452e-09,3.051013529e-08,3.653903753e-08,4.96751452e-08,1.95954692e-07,2.729965785e-07,2.013533351e-07,4.656965654e-07,1.109849093e-06,6.618927165e-07,4.564327084e-07,3.405984111e-06,1.875240385e-06,2.713832231e-07,5.020191131e-07,1.058634237e-07,7.211211216e-08,9.412697347e-09,1.512921185e-08,3.150581825e-08,1.517967811e-08,1.006094832e-07,1.551945252e-07,2.779613268e-07,5.298360194e-07,1.03696756e-06,1.217854267e-06,2.359683468e-06,6.007120309e-06,1.070189745e-05,1.029877667e-05,2.218587334e-05,6.009926345e-05,7.052455819e-05,8.818885285e-05,0.0001486365674,0.0002763276943,0.0002340779198,0.0005135283478,0.0006400479337,0.0006468075663,0.0007370247717,0.00125581057,0.001715864602,0.0005404953867,0.001346021844,0.003122503223,0.003741733869,0.001089328635,0.002876341902,0.007393929504,0.005756962303,0.0119702203,0.01015461138,0.01068799666,0.008973360816,0,0.02671543341,0.006662354799,0.009474397749,0.0137516542,0.01369514774,0.002352725368,0.00327049776,0.005434309842,0.003091834238,0.002186344306,0.001389753157,0.001065148425,1.81572775e-13,4.248925471e-13,1.158965889e-12,2.625720799e-12,5.139925451e-12,1.328667803e-11,3.763820855e-11,6.763252505e-11,1.39641909e-10,4.010324875e-10,9.417966884e-10,1.312450353e-09,3.883766512e-09,8.789176355e-09,1.293623272e-08,3.983785847e-08,9.447101884e-08,7.286976376e-08,5.755029571e-08,5.582170069e-07,3.234521026e-07,3.32908434e-07,1.085146399e-06,1.776148779e-06,2.591651075e-07,4.333682217e-07,1.023804522e-05,1.234511302e-06,1.993361133e-07,1.121067368e-07,1.681719436e-07,1.263657709e-07,6.170536964e-09,9.353262461e-09,5.946771978e-09,4.560304944e-08,4.781084629e-08,1.211542544e-07,1.707133412e-07,2.827369243e-07,4.727906927e-07,6.721019401e-07,1.50588378e-06,2.997551945e-06,3.638391415e-06,4.869268759e-06,1.506337025e-05,1.629800788e-05,3.31120377e-05,3.711514082e-05,6.879523612e-05,7.680353991e-05,0.0001128069681,0.0001656649642,0.0001265641917,0.000160100445,0.0002833903849,0.0003618486764,0.0001868677227,0.0003119111806,0.0004321747227,0.0004222751026,0.0008554037751,0.0006717688109,0.0009140480782,0.00212646703,0.002861206607,0.0009982169338,0.001420324749,0.003431057402,0.00156978169,0.001032799005,0.0009935104924,0.0003478940423,0.0008534881463,0.0005993679677,0.002076665806,0.0005078070615,0.0007767028678,0.0005682603051,0.0003469808732,0.0002446920916,0.000660983477
A:973,4.360582463e-16,1.107282782e-15,2.865644049e-15,7.610155165e-15,1.834846605e-14,4.501961109e-14,1.203725121e-13,3.10362422e-13,6.836056778e-13,1.664845918e-12,4.545406726e-12,1.004250869e-11,2.015283381e-11,5.403581163e-11,1.363999816e-10,2.304085149e-10,5.62679869e-10,1.434574073e-09,2.715634276e-09,4.155141932e-09,1.763741147e-08,2.067858303e-08,2.822298338e-08,1.246163933e-07,1.611670942e-07,1.187239286e-07,3.139287674e-07,7.206855863e-07,3.866024202e-07,2.777604304e-07,2.604509248e-06,1.076410501e-06,1.671499618e-07,2.668033549e-07,6.062394353e-08,4.095498876e-08,4.949680249e-09,7.887353418e-09,1.724400731e-08,7.468234655e-09,5.1691376e-08,7.906712788e-08,1.417205123e-07,2.753066068e-07,5.500975015e-07,6.612258831e-07,1.264455378e-06,3.29445979e-06,6.033652232e-06,5.798286559e-06,1.254967605e-05,3.553660522e-05,4.280837623e-05,5.059390393e-05,9.399018565e-05,0.0001834067756,0.000147107133,0.0003114503014,0.0004930139494,0.0004645847271,0.0004342985745,0.0009210844036,0.001466183715,0.0003431528815,0.001183430244,0.002406267623,0.001891127448,0.002706939737,0.002507296955,0.002935116251,0.002419987252,0.01555716458,0.01286899015,0.008931527087,0.00679310241,0.02671543341,0,0.007468987084,0.01112904776,0.01105067673,0.01413978906,0.008671635108,0.007695348978,0.005904263049,0.001060630898,0.005114747129,0.001818315264,0.0008631722511,7.871191509e-14,1.865870146e-13,5.169053256e-13,1.180602636e-12,2.333877258e-12,6.125211317e-12,1.751377771e-11,3.157691695e-11,6.615568781e-11,1.926880031e-10,4.534950149e-10,6.395558493e-10,1.921583225e-09,4.379326259e-09,6.418498116e-09,2.039312611e-08,4.816075057e-08,3.776160698e-08,2.968753628e-08,2.982320471e-07,1.718614153e-07,1.776158255e-07,6.070771054e-07,9.840397654e-07,1.395525299e-07,2.380021357e-07,5.94113173e-06,7.998545143e-07,1.109954089e-07,6.414524545e-08,9.59381813e-08,7.143640426e-08,3.328575206e-09,4.983446844e-09,3.146835244e-09,2.633354461e-08,2.778610509e-08,7.03458698e-08,1.051385911e-07,1.809689367e-07,2.987974874e-07,4.490662274e-07,1.028014808e-06,2.090968906e-06,2.553776554e-06,3.72155017e-06,1.121387724e-05,1.263102299e-05,2.489112834e-05,3.208897641e-05,5.665538642e-05,6.203476119e-05,0.0001073327858,0.0001598267694,0.0001095415018,0.0001453826061,0.0003712331961,0.0002767331911,0.0002282741969,0.0003332595464,0.0005546324928,0.0004102001995,0.0003373198025,0.0005975706402,0.0006163863964,0.0009275724691,0.0008774781918,0.001013456816,0.0004423162509,0.002529308315,0.001148910929,0.001718048009,0.003165350802,0.0008642156421,0.00120408884,0.003609813469,0.00243544078,0.0005172040454,0.0007420386245,0.0004398465508,0.0003303014044,0.0003067709447,0.0008847546475
A:974,3.188017545e-16,7.958842436e-16,2.031023479e-15,5.373711163e-15,1.275972615e-14,3.055736051e-14,8.124410966e-14,2.084640067e-13,4.453266962e-13,1.062077187e-12,2.922821542e-12,6.299996582e-12,1.205189306e-11,3.262527729e-11,8.278749562e-11,1.292637679e-10,3.126830695e-10,8.246266356e-10,1.502577021e-09,1.972263195e-09,9.560739204e-09,1.103418369e-08,1.263845359e-08,5.860933544e-08,7.78221923e-08,5.731467848e-08,1.095671472e-07,3.326208049e-07,1.668137267e-07,1.119460566e-07,9.210491588e-07,4.279010804e-07,5.518025704e-08,1.110890721e-07,2.930541121e-08,2.142665344e-08,2.749820316e-09,3.926919075e-09,9.032064378e-09,3.484296186e-09,2.238028575e-08,3.110531058e-08,6.049091053e-08,1.019751267e-07,1.947861646e-07,2.613877158e-07,4.356599709e-07,1.092130925e-06,1.96106932e-06,1.899482183e-06,3.707723905e-06,1.052050761e-05,1.292675442e-05,1.505960304e-05,2.13884155e-05,4.663250059e-05,4.53152385e-05,5.936554222e-05,8.379331344e-05,0.0001272687521,9.699439124e-05,0.0001284534541,0.0002307030245,0.0002087515388,0.0002654114731,0.0004544159015,0.0004424414948,0.001471576728,0.001527088328,0.0008686348167,0.005583826561,0.002860277798,0.004764172635,0.01041975799,0.008965682128,0.006662354799,0.007468987084,0,0.008559005942,0.005569745911,0.006338214019,0.01002602025,0.004748585924,0.002894498536,0.0009660227891,0.0008462088917,0.0009670690216,0.0005500454334,3.404668156e-14,8.033256725e-14,2.224184259e-13,5.113783157e-13,1.006219133e-12,2.612978806e-12,7.501910567e-12,1.356160492e-11,2.785073706e-11,8.085408113e-11,1.925904772e-10,2.643553489e-10,7.85628879e-10,1.808679485e-09,2.695179048e-09,7.755977647e-09,1.948046312e-08,1.534670136e-08,1.173093463e-08,1.061303945e-07,7.391095798e-08,7.074066635e-08,1.742508385e-07,3.909087982e-07,6.809845378e-08,9.660457464e-08,1.531555494e-06,3.438633568e-07,4.398284771e-08,2.741722275e-08,4.39524464e-08,2.660022211e-08,1.693106387e-09,3.204673032e-09,2.385547304e-09,1.493662696e-08,1.548674658e-08,3.948187719e-08,5.477881142e-08,9.060516316e-08,1.438933852e-07,2.175304249e-07,4.80724651e-07,9.884951148e-07,1.175549108e-06,1.650456734e-06,4.691548621e-06,5.642922411e-06,1.027044738e-05,1.136066822e-05,2.052872988e-05,3.030753152e-05,3.637192863e-05,4.7508325e-05,5.305820856e-05,9.059049789e-05,9.211706067e-05,0.0001157651136,0.0001307084968,0.000190516068,0.0001954451334,0.0002266528212,0.0008842921105,0.0002198735772,0.0004743685122,0.001704499836,0.0009465123909,0.0008053227087,0.002447162967,0.01193939403,0.001943157796,0.003096780502,0.008771870854,0.01288725931,0.002711449846,0.007513610132,0.01243387218,0.001550097455,0.001048365655,0.0004981235549,0.001120948993,0.000411891823,0.0005818692687
A:975,7.060613158e-17,1.789591365e-16,4.648382949e-16,1.246476751e-15,3.008355964e-15,7.389212705e-15,2.007453856e-14,5.241260203e-14,1.152816993e-13,2.834001915e-13,7.933626561e-13,1.756498401e-12,3.521057588e-12,9.734592612e-12,2.515237813e-11,4.156017814e-11,1.050425156e-10,2.799045007e-10,5.308819333e-10,7.732626958e-10,3.689076871e-09,4.473822212e-09,5.659063827e-09,2.679389833e-08,4.012387911e-08,2.82603758e-08,6.345749727e-08,2.090542463e-07,1.144134228e-07,6.591613251e-08,6.373882513e-07,3.547735483e-07,3.520127333e-08,7.568378654e-08,1.695734394e-08,1.194591156e-08,1.320386599e-09,1.902641373e-09,4.664753845e-09,1.703229153e-09,1.307358149e-08,1.817014268e-08,3.548259622e-08,6.750410429e-08,1.349601575e-07,1.871986102e-07,3.498147039e-07,9.01014589e-07,1.674460637e-06,1.820845722e-06,3.986811365e-06,1.083045611e-05,1.419462785e-05,1.959217594e-05,3.343323775e-05,6.495844257e-05,7.076127764e-05,0.000129383548,0.0001830351366,0.0002290634281,0.0002746375336,0.0004031439852,0.0006091243513,0.0002998726007,0.0006648251911,0.001168069958,0.001068570965,0.0006545345787,0.00156211499,0.00363097226,0.0005860941339,0.001290050278,0.004170789115,0.01118810178,0.01044139562,0.009474397749,0.01112904776,0.008559005942,0,0.02012808028,0.009122045272,0.006488988674,0.01197098295,0.01845400473,0.002526201395,0.001388553005,0.001381745984,0.0009552326039,1.22472057e-14,2.976550115e-14,8.413097865e-14,1.951302399e-13,3.96619849e-13,1.068828508e-12,3.090546283e-12,5.716058573e-12,1.248622787e-11,3.684441585e-11,8.740705708e-11,1.308812115e-10,4.05243984e-10,9.225064502e-10,1.383673163e-09,4.676918935e-09,1.141643673e-08,8.988813209e-09,7.808622003e-09,7.728906113e-08,5.058650391e-08,4.77418596e-08,1.710366524e-07,3.263911384e-07,5.259123881e-08,7.68733218e-08,1.878460593e-06,2.247100418e-07,3.95970591e-08,1.640308949e-08,2.750915523e-08,2.690311904e-08,1.083719152e-09,1.759182946e-09,1.104756901e-09,6.4079716e-09,5.878625498e-09,1.654476939e-08,2.189085603e-08,3.683609092e-08,7.571957833e-08,1.04491385e-07,2.409424296e-07,4.933966914e-07,6.858080914e-07,1.06290212e-06,3.018331795e-06,3.793420463e-06,8.516026148e-06,9.825023371e-06,1.805889923e-05,2.771046194e-05,3.89980927e-05,5.344669538e-05,6.300041022e-05,0.000106522939,0.0001061069136,0.0001266352101,0.000226700592,0.0001359559426,0.0001525552872,0.0002183190281,0.0002020141212,0.0003078362068,0.0005212738099,0.0007051337008,0.001025200654,0.0009999939141,0.005779795089,0.002607540281,0.0004774677472,0.001490923384,0.01610430334,0.006106469589,0.0005010429783,0.001414831377,0.009919378496,0.003207649263,0.0008533863207,0.002097256018,0.0009925171744,0.0005841517421,0.001228379129
A:976,2.889856153e-17,7.514992509e-17,2.017797549e-16,5.549364686e-16,1.368271362e-15,3.453941096e-15,9.651724274e-15,2.54877817e-14,5.720694826e-14,1.46056475e-13,4.160849141e-13,9.278317841e-13,1.937907889e-12,5.513718765e-12,1.423626851e-11,2.415194289e-11,6.459367038e-11,1.704210106e-10,3.222579063e-10,5.227668447e-10,2.418315673e-09,2.853949937e-09,3.83485008e-09,1.98832215e-08,2.6426856e-08,1.880611859e-08,5.437942999e-08,1.445590495e-07,7.447624841e-08,4.749341705e-08,5.64953593e-07,2.309526193e-07,2.758878336e-08,4.385788139e-08,1.037476332e-08,6.857184955e-09,6.916596934e-10,1.03761367e-09,2.673550549e-09,8.654925714e-10,7.217009732e-09,1.015717619e-08,1.962015481e-08,4.022404083e-08,8.347362499e-08,1.164362737e-07,2.250551761e-07,5.974839414e-07,1.153887837e-06,1.250866477e-06,2.85954268e-06,7.919991219e-06,1.06797924e-05,1.435789201e-05,2.753098839e-05,5.473727928e-05,5.383223424e-05,0.0001138438631,0.000184314296,0.0002050498705,0.0002221497932,0.000478879715,0.0007258775244,0.0002106780214,0.0007033060522,0.001702409783,0.001224884067,0.0006256213591,0.001908693377,0.00309243135,0.00141357432,0.001551432693,0.004450786373,0.004548697059,0.005832940189,0.0137516542,0.01105067673,0.005569745911,0.02012808028,0,0.01443782643,0.008335102479,0.01063726595,0.01216441872,0.01049795178,0.006221676335,0.004741643078,0.002358539752,4.982098472e-15,1.238004695e-14,3.592137448e-14,8.396285397e-14,1.734832003e-13,4.822898393e-13,1.416706176e-12,2.616187506e-12,5.921358772e-12,1.796728485e-11,4.261751697e-11,6.499225551e-11,2.108913459e-10,4.828246739e-10,7.113968622e-10,2.636500343e-09,6.373750502e-09,5.011159473e-09,4.271363984e-09,4.853839277e-08,2.933120083e-08,2.773944229e-08,1.196942704e-07,2.065444388e-07,2.840597569e-08,4.532691786e-08,1.43461383e-06,1.635166999e-07,2.331105405e-08,1.025678299e-08,1.683702234e-08,1.649903354e-08,5.483660319e-10,8.047727606e-10,4.822543207e-10,3.852610062e-09,3.737713032e-09,1.022443185e-08,1.545910028e-08,2.762928197e-08,5.323156815e-08,7.773802232e-08,1.860815446e-07,3.854868699e-07,5.179527576e-07,8.365822204e-07,2.478092129e-06,3.042080093e-06,6.556624925e-06,8.850017401e-06,1.634475273e-05,2.09556987e-05,3.585397763e-05,5.741607291e-05,5.131182941e-05,8.125841985e-05,0.0001470537247,0.0001561719337,0.0001234573723,0.0002105414461,0.0002892266114,0.0001223141128,0.0001687638042,0.0006178318684,0.0004062790507,0.0004913264845,0.0009550812266,0.001293660122,0.00106940035,0.0013967044,0.0009123373295,0.001226065007,0.003014304842,0.0003821412764,0.0007243480085,0.0004658372338,0.002480436648,0.001179373932,0.001241283097,0.002081728686,0.001925205706,0.00101676444,0.002142618846
A:977,1.160736623e-17,3.024649211e-17,8.163679599e-17,2.254183966e-16,5.564238511e-16,1.410932998e-15,3.973029615e-15,1.05085736e-14,2.363179492e-14,6.091839734e-14,1.746043422e-13,3.882425035e-13,8.186643446e-13,2.358283013e-12,6.08182593e-12,1.027942865e-11,2.824213715e-11,7.46907062e-11,1.396307035e-10,2.314724858e-10,1.094288044e-09,1.272528677e-09,1.677833711e-09,9.406886159e-09,1.185002267e-08,8.494803091e-09,2.605044756e-08,6.873822993e-08,3.253724755e-08,2.133601707e-08,2.934101206e-07,9.650105975e-08,1.230425826e-08,1.760425762e-08,4.594904377e-09,3.079041645e-09,3.013051165e-10,4.385823636e-10,1.170149382e-09,3.430771308e-10,2.857625223e-09,3.922132077e-09,7.707860458e-09,1.539077688e-08,3.206071922e-08,4.641415394e-08,8.675040337e-08,2.303048486e-07,4.528412502e-07,4.94160681e-07,1.103424674e-06,3.125543952e-06,4.358353635e-06,5.654428772e-06,1.062277225e-05,2.248311569e-05,2.279464728e-05,4.22300967e-05,7.411963446e-05,9.146122699e-05,8.168627886e-05,0.0001737313131,0.0003229013854,9.950313264e-05,0.0002318157623,0.0006785639129,0.0006000515805,0.0003066056626,0.001007459831,0.001035731242,0.0004785233308,0.003620337671,0.001250695058,0.001179843403,0.001933872728,0.01369514774,0.01413978906,0.006338214019,0.009122045272,0.01443782643,0,0.01814387294,0.01125462967,0.01068843563,0.01316511645,0.01733448124,0.001955398157,0.002539078829,1.80157708e-15,4.500772902e-15,1.313280232e-14,3.082375823e-14,6.397612077e-14,1.786853616e-13,5.265316825e-13,9.75553655e-13,2.218500175e-12,6.754708678e-12,1.604870978e-11,2.457255815e-11,8.003822499e-11,1.838232562e-10,2.711810928e-10,1.002505588e-09,2.445428818e-09,1.939201334e-09,1.639968049e-09,1.860317614e-08,1.163999695e-08,1.085761129e-08,4.494579052e-08,8.359633376e-08,1.159091249e-08,1.806125337e-08,5.390636207e-07,7.780926812e-08,9.237039632e-09,4.395875169e-09,7.123528779e-09,6.446118569e-09,2.290022771e-10,3.550955232e-10,2.193042161e-10,1.760460463e-09,1.728972062e-09,4.686927378e-09,7.313481974e-09,1.334270516e-08,2.510771425e-08,3.871994509e-08,9.338451188e-08,1.982394979e-07,2.683599784e-07,4.499557709e-07,1.318819532e-06,1.714612411e-06,3.487043268e-06,5.040141816e-06,9.572477957e-06,1.279200376e-05,2.125735697e-05,3.540227265e-05,3.671018357e-05,5.52738735e-05,9.528257799e-05,0.0001044897005,0.0001019359488,0.0001450547883,0.0001972774263,0.0001034382059,0.0001462105868,0.0003163317031,0.0002256811966,0.0001243727483,0.0003278916787,0.000895275247,0.0007049924653,0.0005698135431,0.0005667853387,0.003256150356,0.004043477793,0.001283723206,0.0004237916181,0.006059476169,0.01701993047,0.001032399286,0.0005757643397,0.0009845373887,0.002508309902,0.002009935212,0.001548716011
A:978,5.07961828e-18,1.324199302e-17,3.595948029e-17,9.969181014e-17,2.457383128e-16,6.261504595e-16,1.783009432e-15,4.71651694e-15,1.059870738e-14,2.770673937e-14,8.01739216e-14,1.765878965e-13,3.763834934e-13,1.108504989e-12,2.850539448e-12,4.731679612e-12,1.360510787e-11,3.632090862e-11,6.613927934e-11,1.114997249e-10,5.55990016e-10,6.336862996e-10,7.803663123e-10,5.068178476e-09,5.937396013e-09,4.309784113e-09,1.366777563e-08,3.819346819e-08,1.61665436e-08,1.036599766e-08,1.748097349e-07,4.651883183e-08,5.66812079e-09,7.58653529e-09,2.3511956e-09,1.625780087e-09,1.503190646e-10,2.029200238e-10,5.81760709e-10,1.405859383e-10,1.173829002e-09,1.493681774e-09,3.149629861e-09,5.825983066e-09,1.195996231e-08,1.956572523e-08,3.469697751e-08,8.970807836e-08,1.780423455e-07,2.12503834e-07,4.720519721e-07,1.280658693e-06,1.943715971e-06,2.846328997e-06,4.674506288e-06,9.784018914e-06,1.388166983e-05,2.09829962e-05,3.137303332e-05,5.185237482e-05,5.843309409e-05,8.096748634e-05,0.0001388819935,0.0001107991145,0.0001438012797,0.0002715932409,0.0003725143084,0.0003028851482,0.0003429567824,0.0005579819827,0.0003943869178,0.000510420278,0.001743149797,0.0008781827142,0.001432012748,0.002352725368,0.008671635108,0.01002602025,0.006488988674,0.008335102479,0.01814387294,0,0.01427410418,0.01176909507,0.005799389848,0.00863348304,0.002510912826,0.001561137028,6.01738693e-16,1.512228694e-15,4.418376405e-15,1.042117747e-14,2.18370035e-14,6.122979968e-14,1.80624141e-13,3.394393568e-13,7.810982848e-13,2.372720384e-12,5.669692333e-12,8.873428287e-12,2.903376831e-11,6.669913904e-11,1.005497701e-10,3.678691773e-10,9.29756322e-10,7.45879797e-10,6.643493984e-10,7.127879308e-09,5.103701799e-09,4.467184754e-09,1.708890341e-08,4.005508354e-08,6.131415418e-09,8.402048077e-09,2.170171771e-07,4.217385728e-08,4.454553843e-09,1.98419745e-09,3.306827247e-09,3.110845854e-09,1.138710301e-10,1.957533689e-10,1.221234542e-10,9.041085107e-10,9.017218285e-10,2.408239749e-09,3.933049357e-09,7.36675714e-09,1.352525209e-08,2.225000682e-08,5.465326641e-08,1.192830499e-07,1.623565424e-07,2.877771744e-07,8.320443051e-07,1.162464833e-06,2.193422482e-06,3.380681277e-06,6.749542404e-06,9.545885329e-06,1.439156603e-05,2.547530315e-05,3.313856028e-05,4.946617539e-05,6.195617524e-05,8.448956608e-05,0.0001126498585,9.552255368e-05,0.0001165323946,0.0001970082751,0.0001375398117,0.0002263078245,0.0001318424387,0.000197926934,0.0005074179914,0.001121039503,0.001077786988,0.0005497480243,0.004415677711,0.001987274622,0.01377418108,0.004055964851,0.00170919855,0.02001421716,0.01073963869,0.004608317156,0.001927331633,0.01404540175,0.003093972555,0.001419969308,0.001971570994
A:979,1.208106811e-18,3.216983144e-18,8.922824615e-18,2.519619415e-17,6.353633848e-17,1.660302369e-16,4.820165158e-16,1.302305275e-15,3.016345292e-15,8.071745138e-15,2.373297521e-14,5.403888256e-14,1.193904225e-13,3.549319313e-13,9.342488898e-13,1.646823434e-12,4.777350974e-12,1.284991489e-11,2.472380338e-11,4.431172117e-11,2.135152478e-10,2.56414288e-10,3.586502988e-10,2.104859028e-09,2.915202038e-09,2.01389157e-09,6.738951785e-09,2.002778936e-08,1.012783922e-08,5.740548476e-09,8.904295875e-08,3.592539268e-08,3.405022508e-09,5.480020752e-09,1.259849458e-09,8.391141111e-10,7.059144136e-11,1.009254304e-10,2.943443304e-10,7.752535365e-11,7.651371488e-10,1.024743031e-09,2.082299455e-09,4.488842629e-09,9.694035009e-09,1.493312809e-08,2.998031169e-08,8.126599344e-08,1.647207955e-07,2.008831054e-07,4.78488786e-07,1.337172007e-06,1.976509384e-06,2.960325773e-06,6.002201239e-06,1.235777123e-05,1.434051796e-05,3.04254609e-05,5.340795326e-05,6.810884736e-05,8.548720119e-05,0.0001764383016,0.0002910049031,0.0001347926547,0.0003826432423,0.0008103480347,0.0007132360761,0.0004275302504,0.001463615876,0.001812920187,0.000491137226,0.001558641719,0.003031621777,0.003311783917,0.0009197368344,0.00327049776,0.007695348978,0.004748585924,0.01197098295,0.01063726595,0.01125462967,0.01427410418,0,0.04393830254,0.009847391987,0.01231401089,0.004641737566,0.00158733333,2.732517961e-16,7.084819407e-16,2.123855628e-15,5.059341106e-15,1.092325882e-14,3.178806615e-14,9.477639383e-14,1.806531063e-13,4.381812149e-13,1.359702827e-12,3.235954735e-12,5.414390333e-12,1.834487897e-11,4.191193652e-11,6.266508563e-11,2.654765037e-10,6.42058178e-10,5.108217841e-10,4.923900846e-10,5.838527657e-09,3.632376876e-09,3.30151525e-09,1.738373561e-08,3.087801838e-08,4.37390699e-09,6.513029185e-09,2.484720877e-07,2.323716663e-08,3.709103989e-09,1.21148751e-09,2.080225319e-09,2.772461948e-09,7.114871991e-11,1.011860614e-10,5.356587259e-11,3.783919254e-10,3.345385052e-10,9.904290836e-10,1.493041993e-09,2.766365626e-09,6.319997688e-09,9.204136236e-09,2.286840905e-08,4.856446327e-08,7.412244147e-08,1.347289789e-07,3.888812084e-07,5.285904485e-07,1.275849846e-06,1.862136236e-06,3.525144451e-06,5.411809936e-06,9.929809871e-06,1.616550081e-05,1.845285962e-05,3.723941263e-05,5.422503358e-05,6.342331496e-05,9.311681767e-05,0.0001109379466,0.000153865697,0.000114371316,0.0001237782398,0.0002753995523,0.000350254067,0.0001206562504,0.0003094768137,0.0004741707349,0.0003291806321,0.0003078209056,0.0007095682788,0.0007143497226,0.001056455455,0.002162242644,0.001509775331,0.001313355515,0.005808879463,0.002280149445,0.001746976266,0.001632232539,0.002508368279,0.001208342466,0.002644043413
A:980,6.095429946e-19,1.638367799e-18,4.615432993e-18,1.316644948e-17,3.338080516e-17,8.823040877e-17,2.598264118e-16,7.025274071e-16,1.635157707e-15,4.464232975e-15,1.322636258e-14,2.993778452e-14,6.748081752e-14,2.043536449e-13,5.341608984e-13,9.41979805e-13,2.84551973e-12,7.618538149e-12,1.438358276e-11,2.722761334e-11,1.316500271e-10,1.537748313e-10,2.145719582e-10,1.390088856e-09,1.735071615e-09,1.22348557e-09,4.648392142e-09,1.272870909e-08,5.85489176e-09,3.537715586e-09,6.59022166e-08,2.005168524e-08,2.144045169e-09,2.782901515e-09,7.233470115e-10,4.777909995e-10,3.782412035e-11,5.319962891e-11,1.634419825e-10,3.682756322e-11,3.731219085e-10,4.889507642e-10,1.011712471e-09,2.182884301e-09,4.793524443e-09,7.702335256e-09,1.534618389e-08,4.206819408e-08,8.759626004e-08,1.092942337e-07,2.634241183e-07,7.479999774e-07,1.153199075e-06,1.736732426e-06,3.594905369e-06,7.677523153e-06,9.30286404e-06,1.948274949e-05,3.602579686e-05,4.879649807e-05,5.915301816e-05,0.0001319732978,0.0002301216303,0.0001170069441,0.0003012082229,0.0007563886058,0.000726882961,0.0004081623266,0.001515249151,0.00217529973,0.000666207605,0.00211547218,0.003660108181,0.00313705838,0.001931145895,0.005434309842,0.005904263049,0.002894498536,0.01845400473,0.01216441872,0.01068843563,0.01176909507,0.04393830254,0,0.01185129062,0.01309422115,0.008286618579,0.002693145274,1.067458691e-16,2.806203078e-16,8.523350515e-16,2.042202597e-15,4.462963801e-15,1.31984814e-14,3.964246337e-14,7.594744336e-14,1.881020964e-13,5.903899828e-13,1.407392724e-12,2.395809459e-12,8.283285904e-12,1.899803455e-11,2.837528398e-11,1.245052147e-10,3.031542013e-10,2.431634513e-10,2.359654359e-10,2.903196001e-09,1.827296939e-09,1.638780001e-09,9.015398767e-09,1.667212348e-08,2.281001372e-09,3.384114789e-09,1.367268909e-07,1.513368246e-08,1.931900558e-09,6.746653117e-10,1.133879645e-09,1.451449896e-09,3.579231423e-11,5.160643035e-11,2.759910843e-11,2.249624696e-10,2.093658523e-10,5.983922583e-10,9.836710022e-10,1.894719087e-09,4.041804135e-09,6.342717198e-09,1.609636461e-08,3.515537278e-08,5.265945777e-08,9.936863819e-08,2.914266427e-07,4.116206776e-07,9.261020904e-07,1.49432207e-06,2.93437034e-06,4.427283119e-06,8.292718843e-06,1.471802979e-05,1.754273801e-05,3.44284063e-05,5.495040029e-05,6.780697136e-05,9.066106071e-05,0.0001341369875,0.0001995063383,0.0001470210347,0.0001822023319,0.0005111437404,0.0004178177199,0.000162065505,0.0006495396377,0.001158339434,0.0004218743275,0.0003605058293,0.001185832804,0.00108805336,0.002331381453,0.000694406332,0.001659662647,0.0006477571065,0.001635742314,0.001614208248,0.001733108129,0.001768334178,0.002349477212,0.001559785021,0.004249770935
A:981,2.178690193e-19,5.882283532e-19,1.671793205e-18,4.792105027e-18,1.217600947e-17,3.246307371e-17,9.658103794e-17,2.611975768e-16,6.106742599e-16,1.693371137e-15,5.045265451e-15,1.136471226e-14,2.606817067e-14,8.017109951e-14,2.083631714e-13,3.671667709e-13,1.151422269e-12,3.07529481e-12,5.696867766e-12,1.131406307e-11,5.528656777e-11,6.282721826e-11,8.639187051e-11,6.252637466e-10,6.96728549e-10,5.012542815e-10,2.158445839e-09,5.432960415e-09,2.177339773e-09,1.432194224e-09,3.287300767e-08,6.58697709e-09,8.732995852e-10,8.693783419e-10,2.704291769e-10,1.778342584e-10,1.379128979e-11,1.884969046e-11,6.042541602e-11,1.177311043e-11,1.165560623e-10,1.477689356e-10,3.126167219e-10,6.491155186e-10,1.425420489e-09,2.412919673e-09,4.597047818e-09,1.247265127e-08,2.653365509e-08,3.323193623e-08,7.841017474e-08,2.220205822e-07,3.606667901e-07,5.279500324e-07,1.0293516e-06,2.311669461e-06,3.020115687e-06,5.536196968e-06,1.008458651e-05,1.573647187e-05,1.732972382e-05,3.428574435e-05,6.65103158e-05,3.872376287e-05,6.967098845e-05,0.0001876265435,0.0002293470225,0.0001026827237,0.0003155898539,0.0005384326469,0.0002070414451,0.0003627052143,0.0008485362147,0.0006861639193,0.0003658069704,0.003091834238,0.001060630898,0.0009660227891,0.002526201395,0.01049795178,0.01316511645,0.005799389848,0.009847391987,0.01185129062,0,0.01789117706,0.01178545393,0.01757373442,3.072028388e-17,8.097355044e-17,2.469770254e-16,5.927963378e-16,1.297136254e-15,3.84930597e-15,1.160049142e-14,2.218570956e-14,5.51134926e-14,1.738202997e-13,4.150407051e-13,7.010472587e-13,2.451861487e-12,5.646750804e-12,8.404172313e-12,3.664233932e-11,9.092788069e-11,7.312392084e-11,6.81691096e-11,8.673652585e-10,5.6919847e-10,4.948791022e-10,2.57983881e-09,5.374345488e-09,6.979674172e-10,1.025689856e-09,3.925675201e-08,6.467469239e-09,5.694748769e-10,2.405197159e-10,3.929188587e-10,4.221677402e-10,1.133453815e-11,1.763669298e-11,1.002268619e-11,9.154424113e-11,8.976799669e-11,2.484210612e-10,4.425361262e-10,8.839407061e-10,1.756449918e-09,3.01664079e-09,7.780178215e-09,1.746155549e-08,2.581507499e-08,5.029348742e-08,1.485215698e-07,2.18918297e-07,4.488814059e-07,7.918569174e-07,1.625511072e-06,2.346178843e-06,4.312402947e-06,8.336159165e-06,1.075303828e-05,1.772381461e-05,3.030294388e-05,4.213277493e-05,5.079440519e-05,6.821222632e-05,0.0001122451132,0.0001116319449,0.0001024009153,0.0002018686598,0.0002137288946,0.0001191776764,0.000234382191,0.0003904369679,0.0002589682017,0.0004287769913,0.001041605626,0.000872132122,0.002499626671,0.001899717383,0.001987385505,0.00104311938,0.01251556862,0.001761073288,0.001908623751,0.008784926314,0.009867266935,0.01780109265,0.005639773214
A:982,9.008395479e-20,2.457556023e-19,7.097377288e-19,2.057624699e-18,5.271279501e-18,1.428107628e-17,4.327602904e-17,1.178767511e-16,2.788098015e-16,7.918340622e-16,2.392933282e-15,5.404165009e-15,1.271834623e-14,4.007564235e-14,1.046402314e-13,1.854856787e-13,6.089548604e-13,1.644097648e-12,3.028379012e-12,6.26937447e-12,3.161512407e-11,3.596595467e-11,4.871305315e-11,3.858239206e-10,4.300940195e-10,3.068325902e-10,1.384163532e-09,3.718150648e-09,1.462679039e-09,8.981733212e-10,2.342146838e-08,4.762008647e-09,5.414107505e-10,5.51037698e-10,1.758673674e-10,1.166998832e-10,8.235419292e-12,1.08504098e-11,3.702548201e-11,6.309180604e-12,6.778406913e-11,8.21075183e-11,1.823505773e-10,3.800923409e-10,8.439363116e-10,1.55383145e-09,2.972063681e-09,8.119421037e-09,1.753999561e-08,2.368956479e-08,5.795941008e-08,1.61207007e-07,2.744414358e-07,4.434049631e-07,8.787804214e-07,1.921814441e-06,2.874804461e-06,5.373000469e-06,9.800103997e-06,1.580663653e-05,2.049124017e-05,4.10164083e-05,7.355113048e-05,5.229686038e-05,0.0001137579798,0.0002542241634,0.0002979269281,0.0002484133616,0.0005359399534,0.0008040285876,0.0003343693067,0.0009532248467,0.001482026147,0.001485719464,0.0006217543583,0.002186344306,0.005114747129,0.0008462088917,0.001388553005,0.006221676335,0.01733448124,0.00863348304,0.01231401089,0.01309422115,0.01789117706,0,0.02676383821,0.01813444972,1.244154637e-17,3.345960026e-17,1.034343905e-16,2.507056054e-16,5.613116461e-16,1.701380879e-15,5.166255142e-15,1.007275664e-14,2.590297923e-14,8.255029786e-14,1.98208401e-13,3.509479364e-13,1.25615821e-12,2.898582154e-12,4.382328602e-12,2.022600843e-11,5.098084538e-11,4.139322171e-11,4.144941872e-11,5.328284841e-10,3.689681887e-10,3.089325075e-10,1.75444437e-09,3.869346704e-09,5.222670898e-10,7.240589243e-10,2.987044851e-08,4.422852202e-09,4.246856475e-10,1.478467777e-10,2.535879842e-10,3.258396813e-10,7.591101519e-12,1.183532934e-11,6.314124335e-12,5.406068237e-11,5.156465315e-11,1.458100612e-10,2.635019741e-10,5.368647366e-10,1.127673319e-09,1.944334076e-09,5.11074031e-09,1.162424803e-08,1.784190362e-08,3.643000854e-08,1.067181438e-07,1.636797851e-07,3.461905858e-07,6.266353635e-07,1.298857909e-06,1.999751367e-06,3.747955101e-06,7.235366208e-06,1.007873052e-05,1.853596466e-05,2.90753578e-05,4.050079028e-05,6.088286569e-05,7.476729222e-05,0.0001233214186,0.0001452626641,0.0001366012968,0.0002453125913,0.0002904833923,0.0001720134709,0.0003222459428,0.0003982082132,0.000310788626,0.0002924717041,0.0006107803974,0.0004780725115,0.0005574972433,0.0008594879813,0.0016609857,0.002128789653,0.002367850398,0.002233550706,0.002031283159,0.007173985053,0.0106089636,0.009129479038,0.006163051139
A:983,1.189696914e-20,3.277845907e-20,9.69152079e-20,2.850097549e-19,7.322102067e-19,2.018949865e-18,6.285595072e-18,1.71103896e-17,4.059767645e-17,1.195618192e-16,3.675869722e-16,8.139565425e-16,1.977425656e-15,6.498400971e-15,1.678359978e-14,2.898655137e-14,1.038964483e-13,2.831798333e-13,4.948089557e-13,1.092817825e-12,5.8465119e-12,6.418267786e-12,7.827805754e-12,7.868921736e-11,7.751939432e-11,5.638687257e-11,2.852446871e-10,7.755523799e-10,2.700750455e-10,1.555532057e-10,5.656479782e-09,9.984405728e-10,8.89210857e-11,9.422726316e-11,3.50640696e-11,2.46496189e-11,1.513760507e-12,1.784063936e-12,6.609571016e-12,8.501017098e-13,1.021607746e-11,1.081350064e-11,2.732719473e-11,5.253645846e-11,1.154321557e-10,2.620830719e-10,4.5955982e-10,1.253576197e-09,2.732589215e-09,4.224009989e-09,1.038468421e-08,2.842173035e-08,5.256332168e-08,9.962237177e-08,1.83787381e-07,3.973922942e-07,8.183384113e-07,1.246520828e-06,2.310150838e-06,4.476606436e-06,6.338334083e-06,1.142869234e-05,2.053142891e-05,2.426230228e-05,4.103196455e-05,8.436213803e-05,0.0001250290677,0.0001335212863,0.0002185851781,0.000338171912,0.0003009176687,0.000412353407,0.0007371043242,0.0008642644929,0.0005727273909,0.001389753157,0.001818315264,0.0009670690216,0.001381745984,0.004741643078,0.001955398157,0.002510912826,0.004641737566,0.008286618579,0.01178545393,0.02676383821,0,0.03104677891,1.026564978e-18,2.852062694e-18,9.040647788e-18,2.248389072e-17,5.220465908e-17,1.628152305e-16,5.031377172e-16,1.020721083e-15,2.733363343e-15,8.845093644e-15,2.16830064e-14,4.10209079e-14,1.500048527e-13,3.503135352e-13,5.552597577e-13,2.625707263e-12,6.97386152e-12,5.852626026e-12,6.671671265e-12,7.862242333e-11,6.616798979e-11,5.096947031e-11,2.866158022e-10,7.692430699e-10,1.249128911e-10,1.49109542e-10,5.48921334e-09,9.211326995e-10,9.606562009e-11,2.381981961e-11,4.545542555e-11,7.635500335e-11,1.61798381e-12,2.712423188e-12,1.351721209e-12,1.010346435e-11,9.987195809e-12,2.707812377e-11,5.392935176e-11,1.163377692e-10,2.280741938e-10,4.379540153e-10,1.18074108e-09,2.851152014e-09,4.337626163e-09,9.349207019e-09,2.753973386e-08,4.691178253e-08,8.796377849e-08,1.769293116e-07,3.938110196e-07,6.487494414e-07,1.132359684e-06,2.372345962e-06,3.940726997e-06,7.153949806e-06,1.077201288e-05,1.734381541e-05,2.812448624e-05,3.526039513e-05,6.513863099e-05,9.808461238e-05,0.0001183842507,0.0001697334645,0.0002291261205,0.0002375095837,0.0003117325424,0.0004377306192,0.0005481175582,0.000447770422,0.0007112784605,0.0007322697208,0.0008510419584,0.0007938449555,0.001503293027,0.001031177273,0.001167823312,0.00191857846,0.002988872587,0.006751475616,0.008963578484,0.02437277765,0.02915715684
A:984,6.431504746e-21,1.766280104e-20,5.217695794e-20,1.529300851e-19,3.907972727e-19,1.076524165e-18,3.352694004e-18,9.071896601e-18,2.142761928e-17,6.327574646e-17,1.940984997e-16,4.248386013e-16,1.033782716e-15,3.413500036e-15,8.730748048e-15,1.483120721e-14,5.410442878e-14,1.471526224e-13,2.507787796e-13,5.576553647e-13,3.029401858e-12,3.268741443e-12,3.761601986e-12,4.09505336e-11,3.832892634e-11,2.819180357e-11,1.443077827e-10,3.94223771e-10,1.359521213e-10,7.336456094e-11,2.934415173e-09,5.69184997e-10,4.012176972e-11,5.269116909e-11,1.864354725e-11,1.358181742e-11,8.135208602e-13,9.158955821e-13,3.411758156e-12,4.304626614e-13,5.481467002e-12,5.673163728e-12,1.478780109e-11,2.852284539e-11,6.222913441e-11,1.44562388e-10,2.562969848e-10,7.014492072e-10,1.496025989e-09,2.42109371e-09,6.013881251e-09,1.632648514e-08,2.958535025e-08,6.03642949e-08,1.129987999e-07,2.331346947e-07,5.035884554e-07,7.778505096e-07,1.469457556e-06,2.69399712e-06,4.118943106e-06,7.62271683e-06,1.316731138e-05,1.58761889e-05,2.920263284e-05,5.780481868e-05,7.935984727e-05,9.522782846e-05,0.0001572928402,0.0002275185289,0.0001916456162,0.0003564246641,0.0004579410455,0.0005170442419,0.00038927619,0.001065148425,0.0008631722511,0.0005500454334,0.0009552326039,0.002358539752,0.002539078829,0.001561137028,0.00158733333,0.002693145274,0.01757373442,0.01813444972,0.03104677891,0,4.887773054e-19,1.368738472e-18,4.346416961e-18,1.091026637e-17,2.565774882e-17,8.026014005e-17,2.482232014e-16,5.144003076e-16,1.388873112e-15,4.476114596e-15,1.104420409e-14,2.167679529e-14,7.83225195e-14,1.824872242e-13,2.966388772e-13,1.417299078e-12,3.751330832e-12,3.170142469e-12,3.946452706e-12,4.323322833e-11,3.769323193e-11,2.888098643e-11,1.693939391e-10,4.377516047e-10,7.905341304e-11,9.01282029e-11,3.308247553e-09,4.617253505e-10,6.086000745e-11,1.151741214e-11,2.367762188e-11,4.908804505e-11,9.84365791e-13,1.650495613e-12,7.912278198e-13,5.235610086e-12,5.317134736e-12,1.39531354e-11,2.878318791e-11,6.296883628e-11,1.162385556e-10,2.344728712e-10,6.32858317e-10,1.556988353e-09,2.318843407e-09,5.017192461e-09,1.479420461e-08,2.588309104e-08,4.554459935e-08,9.366217932e-08,2.137825867e-07,3.555700555e-07,5.894633527e-07,1.257265869e-06,2.214912345e-06,3.927616518e-06,5.656309618e-06,9.531381526e-06,1.592696087e-05,1.895158844e-05,3.561107207e-05,5.911538723e-05,7.235984831e-05,9.355141671e-05,0.0001363271351,0.0001598830603,0.0001943120168,0.0002608849922,0.0004095447568,0.0003296255008,0.0004991750468,0.0005593524414,0.0008260815541,0.0007568185761,0.001214117164,0.0009539608952,0.001313791328,0.00193179173,0.002897777215,0.006577474168,0.007910874771,0.01877005391,0.02571835787
B:202,1.37901256e-14,3.142721074e-14,6.797581634e-14,1.468104233e-13,3.15115485e-13,6.899179939e-13,1.415926765e-12,3.292775831e-12,6.902689769e-12,1.276543052e-11,2.40367172e-11,6.305492141e-11,1.055354079e-10,1.622768438e-10,2.970223875e-10,9.604184569e-10,1.153285606e-09,1.391181364e-09,2.29403726e-09,1.149106109e-08,1.775273576e-08,4.921477473e-09,5.678360527e-09,1.589484572e-07,6.700083025e-07,9.686941724e-08,7.030079922e-08,5.531687892e-07,6.382693354e-07,1.898356832e-07,1.655088137e-07,1.191061574e-06,2.116706957e-07,4.419827238e-07,1.670536798e-07,2.543262996e-07,6.665708785e-08,2.288649077e-07,3.250034773e-07,1.525923834e-06,6.517155238e-06,1.953003637e-05,3.913913091e-05,0.000172163873,3.214808353e-05,1.338727604e-05,5.988460437e-05,3.015048012e-05,1.418421953e-05,1.024988925e-05,2.082394701e-05,5.048543321e-06,4.300297301e-06,3.385793233e-06,2.624297683e-06,1.123084667e-06,4.807148187e-07,2.983317523e-07,1.498061754e-07,8.430867774e-08,3.366490273e-08,1.903239261e-08,9.544663487e-09,4.18247294e-09,1.804557975e-09,9.98226901e-10,4.024955311e-10,1.275722608e-10,8.442026355e-11,3.730572891e-11,1.230519846e-11,5.401282524e-12,2.802890366e-12,9.988697286e-13,5.56495114e-13,1.81572775e-13,7.871191509e-14,3.404668156e-14,1.22472057e-14,4.982098472e-15,1.80157708e-15,6.01738693e-16,2.732517961e-16,1.067458691e-16,3.072028388e-17,1.244154637e-17,1.026564978e-18,4.887773054e-19,0,0.04007045286,0.02260218973,0.01466838033,0.01221567897,0.01938532719,0.009569454265,0.006994500882,0.006645135767,0.006602287645,0.004733704745,0.004702424277,0.004079340721,0.002960087479,0.002979155108,0.001788230305,0.0009847473451,0.001332950247,0.001038085408,0.0003557281377,0.0002201790885,0.0003514813195,0.0001577170602,5.01398122e-05,5.134860468e-05,4.039569448e-05,1.984880202e-05,7.894378616e-06,6.904509527e-06,1.999960068e-06,3.360497855e-06,7.059520676e-06,4.971907476e-07,7.15660686e-07,2.915072626e-07,6.024798298e-07,7.414193236e-07,6.937294656e-06,7.527882466e-07,8.349220019e-07,4.275598434e-06,6.367295587e-07,5.305470761e-07,8.633298402e-07,1.110767673e-06,2.623021746e-07,1.826652186e-07,3.424540848e-07,1.637277283e-07,8.222829325e-08,3.646451829e-08,4.390056168e-08,2.964834405e-08,9.386442504e-09,4.731568089e-09,8.083413593e-09,1.317437966e-09,8.446051139e-10,8.21418617e-10,3.823874395e-10,1.047692298e-10,7.547935452e-11,5.592957017e-11,1.139208327e-11,6.896799269e-12,4.994305533e-12,1.979352828e-12,6.073124894e-13,3.441471947e-13,2.463961913e-13,5.593273539e-14,2.331063266e-14,1.123400996e-14,3.491391723e-15,1.616983416e-15,6.768257759e-16,5.525971319e-16,8.125033271e-17,4.684155518e-17,1.494975343e-17,5.351681225e-18,5.781527298e-19,1.948251712e-19
B:203,2.729813187e-14,6.129834463e-14,1.309824377e-13,2.769551365e-13,5.826417085e-13,1.267753987e-12,2.573828213e-12,5.83350669e-12,1.211459092e-11,2.228830819e-11,4.094155709e-11,1.04736091e-10,1.761491025e-10,2.652875268e-10,4.613056536e-10,1.510719103e-09,1.834986637e-09,2.004248579e-09,3.093013857e-09,1.768551871e-08,2.606661199e-08,5.09468188e-09,6.20690141e-09,2.528547959e-07,8.311828776e-07,1.383415907e-07,1.041293042e-07,8.107449552e-07,9.002676252e-07,2.929942618e-07,2.625691015e-07,1.760375577e-06,3.417333966e-07,6.679960257e-07,2.359250227e-07,4.01857243e-07,1.076285108e-07,3.292260534e-07,4.640320154e-07,2.15037545e-06,8.613634051e-06,2.415394435e-05,4.730087164e-05,0.0001861111381,4.201660063e-05,1.717608873e-05,7.959358205e-05,3.878034864e-05,2.004746166e-05,1.44614532e-05,2.950301339e-05,7.673882394e-06,6.581353974e-06,5.252543681e-06,4.126216002e-06,1.880484675e-06,7.885622768e-07,5.025213524e-07,2.583291208e-07,1.49729471e-07,5.985591205e-08,3.494186915e-08,1.792146791e-08,7.88693327e-09,3.486218088e-09,1.981868092e-09,8.059704003e-10,2.553451387e-10,1.76343167e-10,7.908005138e-11,2.607147325e-11,1.177282741e-11,6.248499573e-12,2.244341055e-12,1.262113076e-12,4.248925471e-13,1.865870146e-13,8.033256725e-14,2.976550115e-14,1.238004695e-14,4.500772902e-15,1.512228694e-15,7.084819407e-16,2.806203078e-16,8.097355044e-17,3.345960026e-17,2.852062694e-18,1.368738472e-18,0.04007045286,0,0.02476256492,0.01504206438,0.01076586913,0.01129742985,0.01564881645,0.006211195404,0.003707696324,0.003280846088,0.005149823983,0.002948482588,0.003287852159,0.002865679985,0.002147426367,0.001620971493,0.00107211583,0.001477043786,0.001038626055,0.0004304089725,0.0002722626851,0.0004581726221,0.0002039130389,6.850385373e-05,7.426241541e-05,5.985381936e-05,3.020083053e-05,1.246615783e-05,1.174126493e-05,3.530493954e-06,5.21578086e-06,1.149736577e-05,8.574392991e-07,1.253603392e-06,5.022994655e-07,9.614564997e-07,1.175269068e-06,1.031545641e-05,1.191279211e-06,1.336265802e-06,5.779417774e-06,9.576192482e-07,8.356191935e-07,1.430638659e-06,1.628234719e-06,4.340160623e-07,3.158420054e-07,5.804164803e-07,2.633783237e-07,1.475535585e-07,6.615900134e-08,7.714414762e-08,5.242329311e-08,1.807876742e-08,9.049776815e-09,1.50799432e-08,2.590864612e-09,1.713992216e-09,1.645151007e-09,7.598724607e-10,2.236043617e-10,1.609310033e-10,1.175849305e-10,2.485992623e-11,1.553019076e-11,1.084785446e-11,4.425622709e-12,1.417336473e-12,8.078744611e-13,5.527683463e-13,1.335815837e-13,5.679687766e-14,2.743350011e-14,8.469924043e-15,4.095893262e-15,1.735172896e-15,1.376574202e-15,2.128657021e-16,1.244543748e-16,3.965664379e-17,1.424123508e-17,1.59461595e-18,5.427299671e-19
B:204,6.418736237e-14,1.415936944e-13,2.974042177e-13,6.099270834e-13,1.251156766e-12,2.684093841e-12,5.336927126e-12,1.165293551e-11,2.379330968e-11,4.293760195e-11,7.639432572e-11,1.891728552e-10,3.125603175e-10,4.531724128e-10,7.591663759e-10,2.492079942e-09,2.826296705e-09,2.878839015e-09,4.437896065e-09,2.706126588e-08,3.220113084e-08,6.098918083e-09,8.299469262e-09,3.581319347e-07,1.117419133e-06,1.969430758e-07,1.381037442e-07,9.033016263e-07,1.061141712e-06,4.44720178e-07,3.710710799e-07,2.425302935e-06,5.960957104e-07,9.874371779e-07,3.662181418e-07,7.132505408e-07,2.048565091e-07,5.412262403e-07,7.437706693e-07,3.120106089e-06,1.248545109e-05,2.646635431e-05,5.243019363e-05,0.0001535630754,4.744156417e-05,1.688799031e-05,8.41082296e-05,3.488166373e-05,2.486250754e-05,1.730323905e-05,3.727063766e-05,1.024197261e-05,9.722656525e-06,7.746912934e-06,6.454996011e-06,3.153426187e-06,1.318334306e-06,8.810274722e-07,4.778481969e-07,2.821234352e-07,1.142527314e-07,7.077742375e-08,3.73835404e-08,1.641075244e-08,7.555807393e-09,4.481076099e-09,1.835621809e-09,5.789268719e-10,4.242654984e-10,1.939655619e-10,6.389304199e-11,2.966566878e-11,1.624039725e-11,5.880385377e-12,3.328678953e-12,1.158965889e-12,5.169053256e-13,2.224184259e-13,8.413097865e-14,3.592137448e-14,1.313280232e-14,4.418376405e-15,2.123855628e-15,8.523350515e-16,2.469770254e-16,1.034343905e-16,9.040647788e-18,4.346416961e-18,0.02260218973,0.02476256492,0,0.01912190267,0.01148769096,0.009853663097,0.01439452126,0.01671703632,0.005506169387,0.002277073278,0.001944983714,0.005382758709,0.00207303328,0.002253494012,0.002282701133,0.001123070867,0.0009486972911,0.001671115365,0.001126191872,0.0003786075544,0.0003302983243,0.000596986529,0.0002461756643,8.474338156e-05,0.0001060212363,8.561660525e-05,4.339897358e-05,1.866232205e-05,1.901837781e-05,5.965301304e-06,7.959221945e-06,1.818248468e-05,1.422993611e-06,2.083384262e-06,7.957590204e-07,1.373866619e-06,1.666053291e-06,1.395767907e-05,1.752006201e-06,1.954049262e-06,7.611984841e-06,1.330948555e-06,1.216545309e-06,2.231199939e-06,2.11987033e-06,6.444353694e-07,5.09839703e-07,9.019092538e-07,4.125599657e-07,2.481560971e-07,1.1628221e-07,1.386552415e-07,9.28822563e-08,3.480094681e-08,1.779886641e-08,3.023545685e-08,5.163716919e-09,3.663182512e-09,3.611305885e-09,1.646427135e-09,5.117686636e-10,3.793845935e-10,2.793826083e-10,5.917915366e-11,3.893802886e-11,2.674781773e-11,1.127170309e-11,3.707996258e-12,2.157854893e-12,1.43242391e-12,3.636376143e-13,1.575644262e-13,7.683910143e-14,2.353109096e-14,1.185384655e-14,5.089923936e-15,3.988295005e-15,6.349875116e-16,3.777895715e-16,1.205281111e-16,4.31968566e-17,5.027848841e-18,1.704963424e-18
B:205,1.802112102e-13,3.923175152e-13,8.102196342e-13,1.605140521e-12,3.217195978e-12,6.763924281e-12,1.290646976e-11,2.673172921e-11,5.33866538e-11,9.238337181e-11,1.518372686e-10,3.627513717e-10,5.763954165e-10,7.471734654e-10,1.10176237e-09,3.822211099e-09,3.680135423e-09,2.900687506e-09,4.061788418e-09,3.19293998e-08,2.438418098e-08,9.549250204e-09,1.148758304e-08,3.876955247e-07,1.050709427e-06,2.367452583e-07,1.751569382e-07,1.06340343e-06,1.41823888e-06,6.654555841e-07,5.68770643e-07,4.104328836e-06,1.072412154e-06,1.646908884e-06,5.000451617e-07,1.223736093e-06,3.272287314e-07,7.211998894e-07,1.038835001e-06,4.605117344e-06,1.468346826e-05,3.524766884e-05,3.923139531e-05,0.0002291649221,6.568024633e-05,2.006051601e-05,9.361602408e-05,4.590761336e-05,3.851206671e-05,2.348426091e-05,5.117801867e-05,1.646131361e-05,1.624260499e-05,1.196254824e-05,1.017681219e-05,5.683921875e-06,2.316695774e-06,1.523615605e-06,8.671437398e-07,5.370932258e-07,2.131871524e-07,1.35476942e-07,7.384310599e-08,3.272880742e-08,1.516403741e-08,9.204555876e-09,3.807032937e-09,1.196306787e-09,9.010970406e-10,4.163399477e-10,1.381994554e-10,6.463783527e-11,3.587708432e-11,1.305126729e-11,7.505307553e-12,2.625720799e-12,1.180602636e-12,5.113783157e-13,1.951302399e-13,8.396285397e-14,3.082375823e-14,1.042117747e-14,5.059341106e-15,2.042202597e-15,5.927963378e-16,2.507056054e-16,2.248389072e-17,1.091026637e-17,0.01466838033,0.01504206438,0.01912190267,0,0.01580436531,0.01061484683,0.01009938172,0.01706354079,0.01855056659,0.006130088785,0.002053482847,0.001455772504,0.006009591088,0.001618562051,0.001767394033,0.00132946904,0.0006915207007,0.001481796331,0.001281729405,0.0003704573506,0.000263623046,0.0007028305312,0.0002970080156,9.270620236e-05,0.0001245885528,0.0001159015981,5.859766465e-05,2.461601418e-05,2.903631989e-05,9.262604e-06,1.021757674e-05,2.601929089e-05,2.164780678e-06,3.082336928e-06,1.077560652e-06,1.421427847e-06,1.910708205e-06,1.342816103e-05,2.005986488e-06,2.210621902e-06,6.768302429e-06,1.247512991e-06,1.601608397e-06,3.075632391e-06,2.293275552e-06,8.008946089e-07,7.458095599e-07,1.244426821e-06,6.531940754e-07,3.940576056e-07,1.895151341e-07,2.408798815e-07,1.725598391e-07,6.33268264e-08,3.350516682e-08,5.994202045e-08,1.020610019e-08,7.385564573e-09,7.500338307e-09,3.471748506e-09,1.091810473e-09,8.206737882e-10,6.105046124e-10,1.314327281e-10,8.760492929e-11,5.968034927e-11,2.570818799e-11,8.601264147e-12,5.022961835e-12,3.261933794e-12,8.620321956e-13,3.766947577e-13,1.831875658e-13,5.623019456e-14,2.892662982e-14,1.244647893e-14,9.559701986e-15,1.578558507e-15,9.410759276e-16,2.991882739e-16,1.073561159e-16,1.251263005e-17,4.314623353e-18
B:206,2.692929998e-13,5.751590071e-13,1.17538491e-12,2.286498379e-12,4.449860893e-12,9.326754297e-12,1.781240325e-11,3.584574741e-11,7.03063287e-11,1.232119073e-10,1.993259795e-10,4.509967888e-10,7.343685113e-10,9.740271054e-10,1.307710881e-09,4.476500078e-09,5.00047621e-09,3.610374074e-09,4.16603272e-09,3.985744079e-08,4.006530611e-08,1.87953751e-08,3.038181498e-08,5.746938945e-07,1.022636221e-06,2.881888542e-07,2.786239967e-07,1.454293473e-06,1.713213115e-06,8.435699117e-07,7.98188413e-07,4.918574751e-06,1.385274834e-06,2.026668979e-06,5.461830964e-07,1.486408605e-06,4.043732814e-07,7.554748462e-07,1.080497826e-06,4.946079189e-06,1.39807625e-05,3.218554495e-05,4.257537091e-05,0.0001785999309,6.940952475e-05,2.19183669e-05,0.0001085779352,5.13550283e-05,4.492310812e-05,2.720483416e-05,6.414734835e-05,2.182076914e-05,2.07840294e-05,1.614983965e-05,1.386786738e-05,8.232824706e-06,3.247367355e-06,2.195746183e-06,1.267170991e-06,8.204932743e-07,3.239835551e-07,2.109355382e-07,1.176457865e-07,5.275836782e-08,2.489172131e-08,1.542627257e-08,6.448395711e-09,2.032085675e-09,1.586415823e-09,7.415925893e-10,2.466632903e-10,1.187679124e-10,6.695099122e-11,2.453758316e-11,1.431442193e-11,5.139925451e-12,2.333877258e-12,1.006219133e-12,3.96619849e-13,1.734832003e-13,6.397612077e-14,2.18370035e-14,1.092325882e-14,4.462963801e-15,1.297136254e-15,5.613116461e-16,5.220465908e-17,2.565774882e-17,0.01221567897,0.01076586913,0.01148769096,0.01580436531,0,0.01343596173,0.009293536675,0.01002489935,0.01877593212,0.01807127395,0.006058275842,0.0018317543,0.0011294995,0.006006880138,0.001261678737,0.000848521658,0.0008047392328,0.001355185622,0.001085162045,0.0004182396545,0.0002617951454,0.0006835403818,0.0003586955707,0.0001015610191,0.000144209468,0.0001441586598,8.054436799e-05,3.285406043e-05,4.394806846e-05,1.428151475e-05,1.26818769e-05,3.657291297e-05,3.200163112e-06,4.67786674e-06,1.607291707e-06,1.971644685e-06,2.649712205e-06,1.833450103e-05,2.670422815e-06,3.044462357e-06,6.65271134e-06,1.559520731e-06,2.131275796e-06,4.327529962e-06,2.675960038e-06,1.148193198e-06,1.116596269e-06,1.822412591e-06,8.853320347e-07,6.238239952e-07,2.951471336e-07,3.565514484e-07,2.674153673e-07,1.064100532e-07,5.510740123e-08,9.588545139e-08,1.781412029e-08,1.296525984e-08,1.287119482e-08,5.971520359e-09,2.023458229e-09,1.49858511e-09,1.09422371e-09,2.498421893e-10,1.689417643e-10,1.106640934e-10,4.904219154e-11,1.722752619e-11,1.002564109e-11,6.203324815e-12,1.756221138e-12,7.817509362e-13,3.79150934e-13,1.164054633e-13,6.217810823e-14,2.698830927e-14,1.999431683e-14,3.51726738e-15,2.112539153e-15,6.688892994e-16,2.422065606e-16,2.886504278e-17,1.01735468e-17
B:207,5.367624001e-13,1.114237328e-12,2.224845849e-12,4.168308761e-12,7.786066033e-12,1.61353408e-11,3.05030868e-11,5.852252628e-11,1.125823113e-10,1.979009688e-10,3.160240294e-10,6.587581859e-10,1.105712823e-09,1.518066462e-09,2.003290528e-09,6.077732199e-09,8.008396469e-09,6.452572945e-09,7.657561119e-09,5.696712214e-08,8.26880495e-08,3.118401817e-08,5.411008346e-08,8.991715447e-07,1.066143404e-06,4.069295227e-07,4.284986417e-07,1.75882663e-06,1.865277721e-06,1.16293713e-06,1.074387014e-06,5.577824745e-06,2.089109045e-06,2.694448007e-06,7.333107515e-07,2.233932016e-06,7.063064355e-07,1.199721697e-06,1.52195763e-06,6.98296658e-06,1.911242249e-05,3.458803677e-05,4.866732396e-05,0.0001309309512,7.399077835e-05,2.424815761e-05,0.0001222604315,5.45035357e-05,4.919186817e-05,3.266928575e-05,7.607596444e-05,2.938809341e-05,2.736850887e-05,2.237548842e-05,2.025514358e-05,1.267518456e-05,4.81673821e-06,3.578351211e-06,2.147363582e-06,1.391247203e-06,5.638218376e-07,3.926818943e-07,2.235056971e-07,9.896061285e-08,4.966220123e-08,3.200497248e-08,1.341588677e-08,4.217816854e-09,3.535516836e-09,1.68167273e-09,5.548847124e-10,2.799085603e-10,1.627093834e-10,6.012537391e-11,3.520170755e-11,1.328667803e-11,6.125211317e-12,2.612978806e-12,1.068828508e-12,4.822898393e-13,1.786853616e-13,6.122979968e-14,3.178806615e-14,1.31984814e-14,3.84930597e-15,1.701380879e-15,1.628152305e-16,8.026014005e-17,0.01938532719,0.01129742985,0.009853663097,0.01061484683,0.01343596173,0,0.01573404964,0.009514524753,0.0092995992,0.01708829295,0.01644386577,0.004895338364,0.00170261011,0.001437111208,0.005384261748,0.0009634835877,0.0008153688175,0.00188427676,0.001246913758,0.0005051762163,0.0004537026998,0.001044606881,0.0004225237291,0.0001595912934,0.0002412560477,0.0002166428488,0.0001181292841,5.546196458e-05,7.453838686e-05,2.601620259e-05,2.20803752e-05,6.105287221e-05,5.67916996e-06,8.515043758e-06,2.931282836e-06,3.604888178e-06,4.478116e-06,2.974055675e-05,4.604116072e-06,5.403551803e-06,1.318257925e-05,2.621378194e-06,3.415771623e-06,7.754528176e-06,4.426245715e-06,2.007734953e-06,2.044245721e-06,3.194606428e-06,1.336490743e-06,1.08640006e-06,5.464104512e-07,6.111487145e-07,4.304426705e-07,2.029010533e-07,1.046497422e-07,1.721354483e-07,3.397823745e-08,2.632255482e-08,2.582239175e-08,1.167136611e-08,4.383086986e-09,3.276033045e-09,2.360107401e-09,5.572158695e-10,3.964200702e-10,2.511332191e-10,1.150783204e-10,4.240897141e-11,2.508645465e-11,1.486368761e-11,4.483322301e-12,2.047065869e-12,1.003607672e-12,3.063539542e-13,1.711719488e-13,7.56263556e-14,5.496861869e-14,1.010510413e-14,6.180538262e-15,1.958803368e-15,7.13157841e-16,8.919392337e-17,3.136999427e-17
B:208,1.45245312e-12,2.978481538e-12,5.894034508e-12,1.087077059e-11,1.992645529e-11,4.062579236e-11,7.630312025e-11,1.433805915e-10,2.677070214e-10,4.616856136e-10,7.468881722e-10,1.515112822e-09,2.361370976e-09,3.266335534e-09,4.693945451e-09,1.32119557e-08,1.408256673e-08,1.376715522e-08,2.033617826e-08,1.11792013e-07,1.11092882e-07,4.5415949e-08,1.030756085e-07,1.281471433e-06,1.923256008e-06,8.313383474e-07,6.906232065e-07,1.91009778e-06,2.830850949e-06,2.26690623e-06,1.742235523e-06,1.105784908e-05,4.844340984e-06,5.249926928e-06,1.93848633e-06,5.418408962e-06,1.820022462e-06,2.899889543e-06,3.714205355e-06,1.408209866e-05,4.709246258e-05,5.957838008e-05,6.034658285e-05,0.0005294202392,0.0001281681394,3.105821498e-05,0.0001402976069,6.143821059e-05,8.74127077e-05,4.33482713e-05,0.0001003599453,4.413468456e-05,5.144742108e-05,3.50957373e-05,3.462463747e-05,2.483175261e-05,9.468931705e-06,7.059651977e-06,4.617812473e-06,3.011845981e-06,1.225096313e-06,9.048963244e-07,5.293663582e-07,2.316026375e-07,1.208335002e-07,8.053119024e-08,3.376255827e-08,1.053246682e-08,9.270085608e-09,4.460389827e-09,1.473752149e-09,7.550777633e-10,4.480126452e-10,1.661603236e-10,9.796336352e-11,3.763820855e-11,1.751377771e-11,7.501910567e-12,3.090546283e-12,1.416706176e-12,5.265316825e-13,1.80624141e-13,9.477639383e-14,3.964246337e-14,1.160049142e-14,5.166255142e-15,5.031377172e-16,2.482232014e-16,0.009569454265,0.01564881645,0.01439452126,0.01009938172,0.009293536675,0.01573404964,0,0.01801808037,0.009617914501,0.008783290721,0.01743534395,0.01502275416,0.004335130722,0.002032899254,0.001825979153,0.003834182195,0.000890295078,0.001882254452,0.001716995602,0.0004618457384,0.0005040890893,0.00131436698,0.0005186221872,0.0001759641321,0.0003151069254,0.0002903241865,0.0001585342137,7.266607656e-05,0.0001137469565,4.148089995e-05,2.994510076e-05,8.820959659e-05,8.984280467e-06,1.323137073e-05,4.308756997e-06,4.3146748e-06,5.567255658e-06,3.09716769e-05,6.001246756e-06,7.219616029e-06,1.629390604e-05,3.365962001e-06,4.873763507e-06,1.125234843e-05,4.667689247e-06,2.818752264e-06,3.191311151e-06,4.134617547e-06,2.235714112e-06,1.786804927e-06,9.312933059e-07,1.158925032e-06,8.450395802e-07,3.965278294e-07,2.145165422e-07,3.867322345e-07,7.112354239e-08,5.898845096e-08,6.165620071e-08,2.795021497e-08,1.052276174e-08,8.20893865e-09,6.087118128e-09,1.405419927e-09,1.039104126e-09,6.669508449e-10,3.121331232e-10,1.153659187e-10,6.967473454e-11,4.12054054e-11,1.268108281e-11,5.84839789e-12,2.893560376e-12,8.861544712e-13,5.030706756e-13,2.239635784e-13,1.631311615e-13,3.039907017e-14,1.873150836e-14,5.940937731e-15,2.16540092e-15,2.755504758e-16,9.655664847e-17
B:209,4.784411006e-12,9.81081869e-12,1.933911877e-11,3.502572211e-11,6.393858526e-11,1.289139167e-10,2.330286876e-10,4.190530998e-10,7.766831557e-10,1.286008819e-09,1.883753417e-09,3.767589101e-09,5.688179485e-09,6.608877563e-09,7.516754714e-09,2.562136355e-08,2.084403863e-08,1.421299939e-08,2.292875661e-08,1.415548751e-07,1.115702941e-07,2.447668226e-07,3.15854663e-07,1.235390924e-06,6.514826902e-06,8.317973285e-07,9.571240858e-07,3.103787576e-06,4.403745383e-06,3.105681787e-06,2.847508499e-06,1.688355687e-05,7.683277446e-06,8.186768001e-06,1.646925545e-06,7.595153902e-06,2.337061739e-06,2.919941099e-06,3.888278013e-06,2.147373717e-05,3.721681854e-05,9.496156302e-05,0.000175331065,0.0003672390327,0.0001996312808,5.129242633e-05,0.0001995114079,0.0001151416526,0.0001314368614,6.095672691e-05,0.0001397983016,8.196735033e-05,7.734995146e-05,5.073674452e-05,4.96434893e-05,4.074594611e-05,1.426590754e-05,1.061320875e-05,7.128571618e-06,4.858197001e-06,1.927418904e-06,1.433919582e-06,8.587712584e-07,3.788449831e-07,1.985257098e-07,1.330802421e-07,5.621287711e-08,1.760613878e-08,1.573316026e-08,7.597163798e-09,2.530105622e-09,1.316664569e-09,7.816078756e-10,2.909822179e-10,1.761663539e-10,6.763252505e-11,3.157691695e-11,1.356160492e-11,5.716058573e-12,2.616187506e-12,9.75553655e-13,3.394393568e-13,1.806531063e-13,7.594744336e-14,2.218570956e-14,1.007275664e-14,1.020721083e-15,5.144003076e-16,0.006994500882,0.006211195404,0.01671703632,0.01706354079,0.01002489935,0.009514524753,0.01801808037,0,0.01858736124,0.009395690874,0.008739344923,0.01737336188,0.014917458,0.004324734499,0.002311099023,0.00151140926,0.002885691931,0.001898295707,0.0018734587,0.0006567884923,0.0004107185217,0.001463378844,0.000704052303,0.0001960657543,0.0002995261424,0.0003880088484,0.0002117885839,8.695648688e-05,0.0001725507935,6.244850404e-05,3.016676457e-05,0.0001136431426,1.307774901e-05,1.865151208e-05,5.814930495e-06,3.933494973e-06,6.63120116e-06,3.169964183e-05,6.673223793e-06,7.858314037e-06,1.366257001e-05,2.688588667e-06,6.770096084e-06,1.498523877e-05,4.979557132e-06,3.255739494e-06,4.835634671e-06,5.495080278e-06,3.499172667e-06,2.804836878e-06,1.499060223e-06,1.799135155e-06,1.481326489e-06,6.767417159e-07,3.754687417e-07,6.520399352e-07,1.344157699e-07,1.066781844e-07,1.088735379e-07,5.070892909e-08,1.992162299e-08,1.508213901e-08,1.095089115e-08,2.750745659e-09,1.984991488e-09,1.232096774e-09,5.893805532e-10,2.273060013e-10,1.345303397e-10,7.627665354e-11,2.507761335e-11,1.166444449e-11,5.683504745e-12,1.765183879e-12,1.019903181e-12,4.526019591e-13,3.151947874e-13,6.321097126e-14,3.864584582e-14,1.214731757e-14,4.483498567e-15,5.594131525e-16,2.050667804e-16
B:210,4.249437148e-12,8.108310636e-12,1.51605273e-11,2.550424814e-11,4.149522392e-11,8.242614027e-11,1.501438831e-10,2.460901259e-10,4.26637941e-10,7.543727469e-10,1.151444041e-09,1.78900854e-09,3.074040378e-09,4.982415169e-09,7.227193832e-09,1.266807749e-08,2.398677383e-08,3.714271593e-08,7.185189641e-08,1.311361895e-07,4.334339175e-07,3.819145794e-07,6.292798734e-07,2.217294881e-06,1.86577322e-06,1.191355505e-06,2.151239532e-06,3.4335731e-06,3.134122717e-06,2.607510641e-06,2.935243986e-06,8.315152884e-06,6.161153559e-06,6.12644122e-06,1.347843161e-06,5.374272543e-06,2.265503502e-06,2.46874719e-06,2.405953461e-06,1.544938364e-05,2.366332359e-05,5.671487709e-05,5.467747509e-05,0.0002365824964,0.0001228856983,5.421274728e-05,0.0001595062469,0.0001160402559,7.615634383e-05,5.003937382e-05,0.0001408050605,7.541985771e-05,6.128106875e-05,5.668833042e-05,5.92535112e-05,4.309509688e-05,1.471016671e-05,1.334075214e-05,8.741741524e-06,5.869197311e-06,2.510269396e-06,1.983010774e-06,1.191485905e-06,5.239543489e-07,2.990247926e-07,2.061247253e-07,8.75261782e-08,2.787437405e-08,2.6794125e-08,1.314761764e-08,4.336451895e-09,2.429131748e-09,1.479135948e-09,5.573444002e-10,3.399127025e-10,1.39641909e-10,6.615568781e-11,2.785073706e-11,1.248622787e-11,5.921358772e-12,2.218500175e-12,7.810982848e-13,4.381812149e-13,1.881020964e-13,5.51134926e-14,2.590297923e-14,2.733363343e-15,1.388873112e-15,0.006645135767,0.003707696324,0.005506169387,0.01855056659,0.01877593212,0.0092995992,0.009617914501,0.01858736124,0,0.01767431615,0.009315203226,0.008355072319,0.01615260532,0.01487970227,0.004701712686,0.002166987784,0.001132459035,0.004739333311,0.001773013573,0.0007893343869,0.0006582922412,0.001695473799,0.0009484094642,0.0002672132701,0.0004626277449,0.0004801589529,0.0003190648704,0.000134615206,0.0002698588804,0.0001031601428,4.646407212e-05,0.0001723652371,2.039395938e-05,3.143691217e-05,1.028978203e-05,8.617398456e-06,1.162728467e-05,5.684334793e-05,1.08409397e-05,1.468691475e-05,2.129722425e-05,4.623828995e-06,8.934294286e-06,2.364256469e-05,7.469459875e-06,5.777950536e-06,7.706485622e-06,9.317548458e-06,3.859843581e-06,4.16784153e-06,2.326829185e-06,2.269634044e-06,1.758938454e-06,1.051229956e-06,5.532472691e-07,8.367403381e-07,2.075925523e-07,1.694643065e-07,1.63560337e-07,7.402298492e-08,3.421940442e-08,2.53866989e-08,1.776500079e-08,4.886674498e-09,3.664253484e-09,2.154783274e-09,1.07388882e-09,4.482389884e-10,2.670688995e-10,1.423108185e-10,5.131093294e-11,2.467726271e-11,1.21468197e-11,3.779375548e-12,2.302096113e-12,1.044271247e-12,7.034482584e-13,1.520092973e-13,9.468597198e-14,2.973205572e-14,1.118245076e-14,1.476425092e-15,5.458651589e-16
B:211,1.079538122e-11,2.023407621e-11,3.720554412e-11,6.093010894e-11,9.647410401e-11,1.864617166e-10,3.330756276e-10,5.228262371e-10,8.732743315e-10,1.47964176e-09,2.248540579e-09,3.257452202e-09,5.221038764e-09,8.337938755e-09,1.30350507e-08,1.998576676e-08,3.336474828e-08,6.064618203e-08,1.188429722e-07,1.778576938e-07,5.326212941e-07,4.720974339e-07,7.361024543e-07,2.361265718e-06,2.114991574e-06,1.397200443e-06,2.201379685e-06,3.498632418e-06,3.1512895e-06,3.451230652e-06,3.076622092e-06,1.258543473e-05,1.137413528e-05,8.627260134e-06,2.158152198e-06,1.085641597e-05,5.039298677e-06,5.079410399e-06,4.643958774e-06,2.531414217e-05,4.490880407e-05,6.932600185e-05,6.84103803e-05,0.0006773787719,0.0001263104934,5.713629082e-05,0.0001806522267,0.000117559999,8.963768215e-05,5.683057881e-05,0.0001390418278,8.756997325e-05,8.71490081e-05,6.802202006e-05,7.697541772e-05,7.121202513e-05,2.310580584e-05,2.200045917e-05,1.603323055e-05,1.11651486e-05,4.739896742e-06,4.117818541e-06,2.578436535e-06,1.114483606e-06,6.765952416e-07,4.911002061e-07,2.0900218e-07,6.544517152e-08,6.821584768e-08,3.408396029e-08,1.117824332e-08,6.460588107e-09,4.066232972e-09,1.540739903e-09,9.385841458e-10,4.010324875e-10,1.926880031e-10,8.085408113e-11,3.684441585e-11,1.796728485e-11,6.754708678e-12,2.372720384e-12,1.359702827e-12,5.903899828e-13,1.738202997e-13,8.255029786e-14,8.845093644e-15,4.476114596e-15,0.006602287645,0.003280846088,0.002277073278,0.006130088785,0.01807127395,0.01708829295,0.008783290721,0.009395690874,0.01767431615,0,0.01658228922,0.009415827963,0.00807717115,0.01576386111,0.01603610154,0.00393883037,0.001609907218,0.001875149419,0.004594152826,0.0007541138173,0.0007301453427,0.00199917144,0.0008187232176,0.0003256896951,0.0006342364309,0.0005853898062,0.0003320403305,0.0001847054652,0.0003709300331,0.0001592670978,7.026126845e-05,0.0002397519825,3.03844614e-05,4.663074274e-05,1.446018854e-05,1.017144717e-05,1.277462638e-05,4.936501078e-05,1.283536861e-05,1.824089746e-05,3.450718038e-05,6.013685213e-06,1.078730588e-05,3.412874385e-05,9.741321438e-06,8.489763007e-06,1.165894767e-05,1.234446893e-05,5.068133631e-06,6.123415598e-06,3.750326027e-06,3.812041595e-06,2.695941758e-06,1.877740482e-06,1.02080635e-06,1.652816749e-06,3.785164537e-07,3.489089345e-07,3.576882232e-07,1.577346441e-07,7.666987312e-08,6.002340793e-08,4.307336831e-08,1.148208652e-08,9.232979011e-09,5.443970249e-09,2.793749551e-09,1.182226039e-09,7.274846761e-10,3.829629039e-10,1.421250778e-10,6.961748059e-11,3.48608944e-11,1.080147184e-11,6.770816922e-12,3.118752186e-12,2.113390261e-12,4.613804238e-13,2.919905588e-13,9.195621162e-14,3.461566858e-14,4.755738078e-15,1.728312316e-15
B:212,2.64644713e-11,4.984718685e-11,9.28678267e-11,1.572795424e-10,2.534653113e-10,4.86080905e-10,9.07275732e-10,1.528598939e-09,2.483276375e-09,4.181597507e-09,7.27093255e-09,1.172505435e-08,1.533444124e-08,2.529142025e-08,4.888382486e-08,7.897282753e-08,6.686647589e-08,1.445219321e-07,3.633191143e-07,5.222610583e-07,4.733476564e-07,8.38284761e-07,2.033221136e-06,4.097226405e-06,2.980584937e-06,4.330995484e-06,5.036318916e-06,8.788176744e-06,1.293123949e-05,1.086879626e-05,8.707812605e-06,5.996279733e-05,3.483865491e-05,2.755438136e-05,1.090834459e-05,3.370358227e-05,1.442383526e-05,1.508893733e-05,1.644598102e-05,6.571215686e-05,0.0001857445432,0.0001906739711,0.0001145335158,0.002581375171,0.0005419121609,0.0001227110483,0.0005565699752,0.0003468677284,0.0004269343336,0.0001461667231,0.0002931605194,0.0002074241311,0.0002678417639,0.0001259819656,0.0001412658148,0.0001707459781,5.534015463e-05,4.422974532e-05,3.594822524e-05,2.568547145e-05,1.039678003e-05,9.173959084e-06,5.902873831e-06,2.52085361e-06,1.539756707e-06,1.129487743e-06,4.783356834e-07,1.484643977e-07,1.577270264e-07,7.883883325e-08,2.607509485e-08,1.501670184e-08,9.481987003e-09,3.589345461e-09,2.225532035e-09,9.417966884e-10,4.534950149e-10,1.925904772e-10,8.740705708e-11,4.261751697e-11,1.604870978e-11,5.669692333e-12,3.235954735e-12,1.407392724e-12,4.150407051e-13,1.98208401e-13,2.16830064e-14,1.104420409e-14,0.004733704745,0.005149823983,0.001944983714,0.002053482847,0.006058275842,0.01644386577,0.01743534395,0.008739344923,0.009315203226,0.01658228922,0,0.01743050921,0.010193303,0.008023629788,0.01511521938,0.01216859164,0.002830501995,0.002391626804,0.001863011119,0.002098488911,0.0006483518043,0.001849524676,0.0009173764385,0.0002957642285,0.0005601962318,0.0006641552634,0.0004029226644,0.0001726151404,0.0005013545795,0.0002124438653,6.259901079e-05,0.0002820253504,3.951463652e-05,5.946184795e-05,1.744953343e-05,7.920853986e-06,1.284351639e-05,4.575091455e-05,1.234536016e-05,1.903803316e-05,2.702629065e-05,6.942678092e-06,1.52010197e-05,3.913634457e-05,8.91892064e-06,1.052103006e-05,1.575544185e-05,1.062972818e-05,9.398453275e-06,1.009754841e-05,5.455434141e-06,7.031115948e-06,6.372181238e-06,3.509590877e-06,2.006020167e-06,3.847483435e-06,8.018084885e-07,7.443735951e-07,8.180007933e-07,3.764517604e-07,1.716746276e-07,1.382927186e-07,1.025399926e-07,2.691933396e-08,2.165664025e-08,1.307943057e-08,6.782270648e-09,2.834862454e-09,1.754580643e-09,9.336336222e-10,3.491978326e-10,1.708669945e-10,8.53793094e-11,2.688854898e-11,1.676767303e-11,7.700322875e-12,5.216721093e-12,1.158634862e-12,7.292466993e-13,2.288647894e-13,8.656431988e-14,1.172786326e-14,4.310547182e-15
B:213,1.098051719e-10,2.114804572e-10,3.98929604e-10,6.687761872e-10,1.109788799e-09,2.151547286e-09,3.77147281e-09,5.943962928e-09,1.01459102e-08,1.643068548e-08,2.276553227e-08,3.666165334e-08,5.327544899e-08,5.974585904e-08,5.969327922e-08,1.878341709e-07,1.268328572e-07,1.032820034e-07,2.485309239e-07,1.057198319e-06,6.440753083e-07,2.664885516e-06,2.961274215e-06,5.934625079e-06,7.3052929e-05,2.067472066e-06,3.638879006e-06,8.82321763e-06,8.728317583e-06,7.329607868e-06,7.304541641e-06,2.092300965e-05,2.620733345e-05,1.503587168e-05,3.297958231e-06,2.135096364e-05,9.379777364e-06,6.051991368e-06,8.197937703e-06,5.937846457e-05,9.93293322e-05,0.0001337797041,0.001346871235,0.0006067681698,0.0002433114631,7.888941648e-05,0.0004663662881,0.0002675528125,0.0001389449278,7.962501948e-05,0.000184953964,0.0002110410771,0.0001316140737,9.733675336e-05,0.0001164469055,0.0001401827893,3.588769228e-05,3.77658277e-05,2.984621943e-05,2.213849231e-05,9.207772208e-06,8.537075615e-06,5.641310429e-06,2.409507066e-06,1.565529051e-06,1.180302981e-06,5.068557165e-07,1.593085889e-07,1.81129942e-07,9.202962643e-08,2.999204478e-08,1.872608539e-08,1.204197571e-08,4.600490008e-09,2.948781761e-09,1.312450353e-09,6.395558493e-10,2.643553489e-10,1.308812115e-10,6.499225551e-11,2.457255815e-11,8.873428287e-12,5.414390333e-12,2.395809459e-12,7.010472587e-13,3.509479364e-13,4.10209079e-14,2.167679529e-14,0.004702424277,0.002948482588,0.005382758709,0.001455772504,0.0018317543,0.004895338364,0.01502275416,0.01737336188,0.008355072319,0.009415827963,0.01743050921,0,0.02009320356,0.01032983753,0.008564292979,0.01518445816,0.01029673551,0.00530925708,0.002102705579,0.0008160142583,0.002043958924,0.002433071156,0.001088625755,0.0003317917801,0.0005680246782,0.0009028163538,0.0005120226771,0.0002100081637,0.0007366899418,0.0002960011677,5.677813508e-05,0.0003396121867,4.973233975e-05,7.682886923e-05,2.475253402e-05,1.57301989e-05,2.204975805e-05,0.0001887943065,2.493306239e-05,2.820262006e-05,6.352402851e-05,2.252851728e-05,2.173881383e-05,5.033419658e-05,1.421289631e-05,1.017363498e-05,2.475702236e-05,1.753069187e-05,1.000881106e-05,1.368827932e-05,8.704891624e-06,7.041021318e-06,6.820377686e-06,4.973682991e-06,2.797662539e-06,3.767808009e-06,1.227324069e-06,1.048389493e-06,9.820075345e-07,4.445473615e-07,2.601859927e-07,1.889852941e-07,1.256150362e-07,4.182281482e-08,3.276116598e-08,1.719433275e-08,9.442939771e-09,4.555448072e-09,2.692348718e-09,1.235962484e-09,5.555609889e-10,2.810098655e-10,1.367235104e-10,4.308688328e-11,2.901820998e-11,1.341260091e-11,8.09499167e-12,2.112449201e-12,1.336306884e-12,4.139354447e-13,1.601612977e-13,2.18088002e-14,8.671875966e-15
B:214,1.178507093e-10,2.005095654e-10,3.370162755e-10,4.527432807e-10,6.148961248e-10,1.113804118e-09,1.565317932e-09,1.573484304e-09,2.761418888e-09,3.690893525e-09,2.810631663e-09,1.08959242e-08,1.241749497e-08,1.252289762e-08,7.418220805e-08,2.656430611e-07,7.161195781e-08,4.388708897e-07,1.247759598e-06,2.080146017e-06,4.557799894e-06,3.27557419e-06,4.203270109e-06,8.838905625e-06,4.523906005e-05,6.429310833e-06,1.106424504e-05,1.775535045e-05,2.173409421e-05,6.668054822e-06,1.07976573e-05,5.736701504e-05,1.446736227e-05,1.028637844e-05,6.149947198e-06,1.496489003e-05,8.91327638e-06,5.206698684e-06,7.859389944e-06,2.945088353e-05,8.059945459e-05,0.0002930346088,0.0006995690448,0.003567253523,0.0005146002965,0.0002722934939,0.0006096798436,0.0003631399124,0.0003106522687,0.0001436055944,0.0002220417567,8.901348354e-05,9.195562026e-05,8.972468822e-05,0.0001359505587,0.0001037992228,3.153319857e-05,5.299845997e-05,4.134058875e-05,2.5804067e-05,1.364430072e-05,1.492556352e-05,9.512321036e-06,3.944563636e-06,3.127157555e-06,2.46140708e-06,1.040759085e-06,3.369396321e-07,4.307079619e-07,2.219726482e-07,7.184867762e-08,4.900633631e-08,3.254551172e-08,1.258870888e-08,8.026031619e-09,3.883766512e-09,1.921583225e-09,7.85628879e-10,4.05243984e-10,2.108913459e-10,8.003822499e-11,2.903376831e-11,1.834487897e-11,8.283285904e-12,2.451861487e-12,1.25615821e-12,1.500048527e-13,7.83225195e-14,0.004079340721,0.003287852159,0.00207303328,0.006009591088,0.0011294995,0.00170261011,0.004335130722,0.014917458,0.01615260532,0.00807717115,0.010193303,0.02009320356,0,0.01893541109,0.01093921411,0.00785133774,0.01216187551,0.01313340103,0.004036324535,0.001227894618,0.00102555456,0.00388007808,0.001274552509,0.000391126866,0.0009593517456,0.0007972869132,0.0006087359339,0.0002934065831,0.0008701774236,0.0004276570195,0.0001221665975,0.0004435811977,6.864175022e-05,0.0001143922656,3.61054142e-05,2.046309597e-05,2.257090565e-05,6.315707376e-05,1.765507461e-05,3.837998895e-05,7.182579167e-05,1.574161981e-05,1.552341861e-05,6.532428437e-05,1.287549263e-05,2.011645881e-05,2.756554271e-05,2.506469886e-05,7.032714253e-06,1.304713977e-05,1.083229025e-05,7.830793556e-06,4.909061153e-06,6.357590387e-06,3.542300279e-06,4.642668673e-06,1.533188818e-06,1.588689133e-06,1.593135056e-06,6.651961358e-07,4.592984196e-07,3.600578399e-07,2.477498465e-07,8.04748814e-08,7.067046841e-08,3.808538801e-08,2.175877149e-08,1.085957359e-08,6.805699337e-09,3.147649782e-09,1.456478608e-09,7.641510613e-10,3.874721835e-10,1.232698079e-10,8.570743821e-11,4.093321721e-11,2.556493486e-11,6.723694551e-12,4.365710809e-12,1.360922848e-12,5.362524394e-13,7.901012217e-14,3.015072087e-14
B:215,1.603152354e-10,2.692658757e-10,4.551307245e-10,6.815438564e-10,9.169825852e-10,1.610686702e-09,2.927765525e-09,4.329368948e-09,6.005013314e-09,9.612766463e-09,1.826498701e-08,2.45645822e-08,2.989086249e-08,5.619623225e-08,1.451222814e-07,1.766850419e-07,1.519168591e-07,4.190026295e-07,1.17874211e-06,1.01973872e-06,8.908399938e-07,2.225941433e-06,4.240101842e-06,6.251159142e-06,7.291616071e-06,5.845039007e-06,8.154004693e-06,2.121915512e-05,1.951542847e-05,1.138816639e-05,1.188014579e-05,6.413781106e-05,5.194372853e-05,2.757735117e-05,9.777065303e-06,4.015149587e-05,2.802948204e-05,1.996450555e-05,1.344355587e-05,9.174562531e-05,0.0001281645526,0.0002084409118,0.0002617078751,0.001783429298,0.0004662298917,0.0001869873612,0.000873299,0.0004276968726,0.0003775546723,0.0001837178023,0.000530278341,0.000268934556,0.000307755824,0.0001761919288,0.0002097415458,0.0003487129672,9.088061031e-05,9.340403311e-05,8.622481327e-05,7.006888202e-05,2.917067722e-05,3.120368053e-05,2.189078081e-05,9.215386977e-06,6.841882963e-06,5.499605731e-06,2.368088652e-06,7.387064399e-07,9.619701701e-07,5.005185876e-07,1.637472365e-07,1.095609537e-07,7.353446015e-08,2.853227652e-08,1.828275327e-08,8.789176355e-09,4.379326259e-09,1.808679485e-09,9.225064502e-10,4.828246739e-10,1.838232562e-10,6.669913904e-11,4.191193652e-11,1.899803455e-11,5.646750804e-12,2.898582154e-12,3.503135352e-13,1.824872242e-13,0.002960087479,0.002865679985,0.002253494012,0.001618562051,0.006006880138,0.001437111208,0.002032899254,0.004324734499,0.01487970227,0.01576386111,0.008023629788,0.01032983753,0.01893541109,0,0.01908304248,0.008344810014,0.007098386758,0.01671425233,0.01606318961,0.002366989047,0.001148590832,0.001943917234,0.002976052109,0.0004720536497,0.0008466807616,0.0009850164513,0.0006881691986,0.0003206073405,0.001108650205,0.0005912767195,0.0001009776192,0.0005392692248,9.072231718e-05,0.0001384068529,4.102040598e-05,1.053897021e-05,1.58657072e-05,4.548649245e-05,1.49204451e-05,2.994584902e-05,8.301935796e-05,2.034257764e-05,2.027331083e-05,7.536606452e-05,2.464616851e-05,2.892170739e-05,3.851565981e-05,1.968572385e-05,1.369515585e-05,2.108829542e-05,1.487888782e-05,1.496231251e-05,1.261858447e-05,1.129879743e-05,6.594695125e-06,1.182247489e-05,2.956496902e-06,3.227154204e-06,3.601281233e-06,1.598258108e-06,9.662371897e-07,7.993255294e-07,5.786211373e-07,1.758768897e-07,1.56902091e-07,8.742591633e-08,5.048334156e-08,2.433374913e-08,1.551543191e-08,7.360094516e-09,3.356159658e-09,1.754170509e-09,8.945957485e-10,2.881939584e-10,1.982458208e-10,9.470252584e-11,6.022530253e-11,1.572380797e-11,1.020135335e-11,3.176766421e-12,1.255309217e-12,1.854618975e-13,7.006880599e-14
B:216,2.619796046e-10,4.607019598e-10,8.110472238e-10,1.352824955e-09,2.094644877e-09,3.814188885e-09,7.489407086e-09,1.366077848e-08,2.144052395e-08,3.386028613e-08,7.167712257e-08,1.250720037e-07,1.368442021e-07,2.197409378e-07,6.341778422e-07,9.040789758e-07,3.649216951e-07,1.214084419e-06,4.693707301e-06,3.603819518e-06,3.114149991e-06,6.852880469e-06,1.95911766e-05,1.51985905e-05,3.451324795e-05,2.085650412e-05,3.542595355e-05,3.966323059e-05,4.990518152e-05,3.682795595e-05,3.765615097e-05,0.0001814242569,0.0001400399809,8.600998228e-05,4.122923845e-05,0.0001024641117,6.688551942e-05,5.630270652e-05,4.656474929e-05,0.0002164080715,0.0005323987334,0.000469417499,0.0002550041246,0.004062787229,0.001560947478,0.0003874229451,0.001510504513,0.001138414391,0.001200077086,0.0003780235839,0.0006679380508,0.0007002654443,0.0008042269274,0.0002459384725,0.0002622200592,0.0006471919676,0.0001573411966,0.0001327513478,0.0001411681863,0.0001097685833,4.477441615e-05,4.715863877e-05,3.36012167e-05,1.347273203e-05,1.035903335e-05,8.195437995e-06,3.461419956e-06,1.088222112e-06,1.421088987e-06,7.310095663e-07,2.414486346e-07,1.624155432e-07,1.072962196e-07,4.142591491e-08,2.775791298e-08,1.293623272e-08,6.418498116e-09,2.695179048e-09,1.383673163e-09,7.113968622e-10,2.711810928e-10,1.005497701e-10,6.266508563e-11,2.837528398e-11,8.404172313e-12,4.382328602e-12,5.552597577e-13,2.966388772e-13,0.002979155108,0.002147426367,0.002282701133,0.001767394033,0.001261678737,0.005384261748,0.001825979153,0.002311099023,0.004701712686,0.01603610154,0.01511521938,0.008564292979,0.01093921411,0.01908304248,0,0.01451987309,0.006961674324,0.008934977368,0.0132361731,0.006609601942,0.002360392499,0.00432395377,0.00144612598,0.0008718986749,0.00118476418,0.001426934751,0.0008192953153,0.000446923703,0.001711361469,0.0007841882531,0.000174327263,0.0008307065868,0.0001075494475,0.0001904523985,6.357571814e-05,3.293711536e-05,3.884862791e-05,0.0002263472331,2.614199368e-05,5.408643826e-05,7.756509302e-05,2.278032716e-05,4.497569117e-05,0.0001102779861,4.269889546e-05,3.627759188e-05,5.979870324e-05,3.578786068e-05,2.404402041e-05,4.086060778e-05,1.810559867e-05,1.987627895e-05,2.901996355e-05,1.854892655e-05,1.070431944e-05,1.963801902e-05,5.743697207e-06,5.449056689e-06,5.890138276e-06,2.833642335e-06,1.665773997e-06,1.318174761e-06,9.407562814e-07,3.129009973e-07,2.632415679e-07,1.446718612e-07,8.479472278e-08,4.15482369e-08,2.572061204e-08,1.20384017e-08,5.74176683e-09,2.983336347e-09,1.483583185e-09,4.958240244e-10,3.369734016e-10,1.584365932e-10,9.747911176e-11,2.716121451e-11,1.727171752e-11,5.311456255e-12,2.132220395e-12,2.975373221e-13,1.18878848e-13
B:217,2.608521467e-09,4.750899047e-09,8.573277416e-09,1.346933192e-08,2.072805075e-08,3.899366466e-08,6.675398303e-08,9.481256383e-08,1.539252269e-07,2.462998827e-07,3.364877156e-07,4.491890403e-07,6.551638155e-07,7.432282572e-07,7.847287148e-07,2.124979274e-06,1.151949299e-06,8.284143657e-07,1.720417724e-06,1.351880159e-05,5.233979417e-06,1.148105068e-05,8.674584798e-06,6.159411174e-05,0.0004971611728,2.343075666e-05,1.3586292e-05,2.957913544e-05,3.601481834e-05,4.469455465e-05,2.530663818e-05,0.0002666634204,7.541324264e-05,4.822578683e-05,0.000199087487,0.0001408667484,8.943709972e-05,8.32894446e-05,0.0001417188252,0.0002130706929,0.002119897219,0.0003828306255,0.005190133637,0.02238771028,0.00102848334,0.0002322829062,0.001628858125,0.003397922516,0.00140346534,0.000530420703,0.0009344264079,0.0002145420548,0.0005169868824,0.0001708495884,0.0002278964331,0.0002070718498,7.818522432e-05,0.0001116381164,0.0001048102629,6.634740627e-05,3.484392158e-05,5.372352553e-05,3.681380243e-05,1.363810112e-05,1.403747256e-05,1.295239609e-05,5.425108399e-06,1.670867751e-06,2.846418949e-06,1.543650118e-06,4.601830795e-07,3.81747952e-07,2.77749889e-07,1.085826969e-07,6.921178247e-08,3.983785847e-08,2.039312611e-08,7.755977647e-09,4.676918935e-09,2.636500343e-09,1.002505588e-09,3.678691773e-10,2.654765037e-10,1.245052147e-10,3.664233932e-11,2.022600843e-11,2.625707263e-12,1.417299078e-12,0.001788230305,0.001620971493,0.001123070867,0.00132946904,0.000848521658,0.0009634835877,0.003834182195,0.00151140926,0.002166987784,0.00393883037,0.01216859164,0.01518445816,0.00785133774,0.008344810014,0.01451987309,0,0.01567347933,0.009069883249,0.008042404266,0.008160796483,0.007459223817,0.00472997493,0.001448764304,0.0007352460385,0.00220142611,0.001516238184,0.0008582742831,0.0005357627518,0.002041921062,0.0008864909027,0.0003245365343,0.001002991574,0.0001069002691,0.0001995337679,8.581003741e-05,8.901272675e-05,5.279174533e-05,0.0007252322598,0.0001039373059,0.0001048513272,0.0003293669745,0.0002121572599,5.216125504e-05,0.0001129756903,4.952269902e-05,3.399292595e-05,9.198841809e-05,4.424830512e-05,1.866955749e-05,4.248835377e-05,4.119947929e-05,1.60075461e-05,1.011875013e-05,2.727554304e-05,1.471343534e-05,1.264836814e-05,7.726007888e-06,8.30999508e-06,7.300443791e-06,2.531266295e-06,3.135151591e-06,2.307797279e-06,1.407084256e-06,6.10399502e-07,5.843084271e-07,2.555455594e-07,1.657463574e-07,1.054857308e-07,6.568387118e-08,2.377670276e-08,1.499167602e-08,8.528969206e-09,4.334980087e-09,1.349816236e-09,1.101793303e-09,5.477916339e-10,2.973874155e-10,9.724504615e-11,6.562266223e-11,2.030480237e-11,8.301357229e-12,1.327746024e-12,5.39319833e-13
B:218,1.078298608e-08,1.788197064e-08,3.009067853e-08,4.110684006e-08,5.596243451e-08,1.001080935e-07,1.502943334e-07,1.639187892e-07,2.688221818e-07,3.964842817e-07,3.856986545e-07,7.727231843e-07,1.062257342e-06,6.872794086e-07,1.017827742e-06,9.012057798e-06,1.500167014e-06,2.981686926e-06,1.009060156e-05,5.432507031e-05,3.912843674e-05,2.289515696e-05,1.69692636e-05,0.0001761907188,0.0009681439299,7.239073825e-05,4.877145195e-05,0.0002898439469,0.0003786958904,0.0001431214304,0.0001804660115,0.001012288562,0.0001848973504,0.0001429716494,7.601569177e-05,0.000212224649,7.610013309e-05,3.779401763e-05,0.0001080873498,0.0004492860005,0.0006741606455,0.002048679777,0.01564365813,0.009871057664,0.004464379281,0.001853329449,0.0104932631,0.00137820316,0.003472551935,0.001230122442,0.002223309429,0.001078496016,0.001091365367,0.0003502103043,0.0003324796766,0.0006353492046,0.0001517644962,0.0002359276084,0.0002365021847,0.0001391302579,8.303226164e-05,0.0001181615402,7.727468785e-05,2.960698995e-05,3.394405586e-05,2.836824612e-05,1.159098011e-05,3.979841498e-06,6.468898913e-06,3.392732902e-06,1.107643249e-06,9.161177411e-07,6.333693594e-07,2.50634264e-07,1.725415713e-07,9.447101884e-08,4.816075057e-08,1.948046312e-08,1.141643673e-08,6.373750502e-09,2.445428818e-09,9.29756322e-10,6.42058178e-10,3.031542013e-10,9.092788069e-11,5.098084538e-11,6.97386152e-12,3.751330832e-12,0.0009847473451,0.00107211583,0.0009486972911,0.0006915207007,0.0008047392328,0.0008153688175,0.000890295078,0.002885691931,0.001132459035,0.001609907218,0.002830501995,0.01029673551,0.01216187551,0.007098386758,0.006961674324,0.01567347933,0,0.01117282854,0.008526443395,0.006558349204,0.01282910644,0.006834582508,0.002614390939,0.0006561186571,0.00138204388,0.001737791856,0.0005470642847,0.0002051948705,0.0009075404724,0.0007672467058,0.0002467014001,0.0003667959326,0.0001096259671,0.0001675794192,5.696953759e-05,8.304860888e-05,2.533408668e-05,0.0006738951876,2.806014155e-05,7.998866908e-05,0.001240073893,0.000379197951,0.0001110044141,7.566859438e-05,8.270853959e-05,0.0001294922758,3.185709504e-05,2.927303286e-05,3.813290867e-05,2.415933214e-05,2.891743421e-05,2.90075593e-05,2.257342569e-05,2.536787042e-05,1.901885364e-05,3.039607442e-05,8.902083357e-06,1.273924522e-05,1.518441894e-05,6.283231419e-06,5.456979485e-06,4.736930626e-06,3.350412983e-06,1.244503701e-06,1.23779304e-06,6.534167474e-07,4.240556448e-07,2.408497591e-07,1.583412375e-07,6.769455871e-08,3.853293296e-08,2.164140042e-08,1.122391835e-08,3.830837096e-09,2.874285081e-09,1.424363812e-09,8.488310821e-10,2.68979014e-10,1.784502985e-10,5.474279555e-11,2.305857456e-11,3.625740798e-12,1.435831138e-12
B:219,2.698338882e-09,5.149579297e-09,9.12361067e-09,1.446184905e-08,2.493649859e-08,4.726224589e-08,7.710287033e-08,1.227299151e-07,2.24781729e-07,3.243330778e-07,4.654205663e-07,8.173696262e-07,1.035909252e-06,1.012609281e-06,2.078806523e-06,3.95553044e-06,1.685520282e-06,2.195525413e-06,8.72884158e-06,9.335861185e-06,3.39307986e-05,1.390928649e-05,2.507532689e-05,3.579607443e-05,0.0002864809401,4.27036554e-05,5.958399908e-05,7.46492844e-05,6.924135525e-05,6.257030212e-05,6.663848205e-05,8.251430184e-05,0.0001921286468,6.018518683e-05,4.980079723e-05,0.0001519364593,0.000129816495,0.0001002532429,8.200702103e-05,0.0004799092438,0.0008253459299,0.001187678318,0.001155306535,0.006951297541,0.001723750043,0.0006331648481,0.001085345182,0.0005749215007,0.000749502818,0.0003800322794,0.001137070418,0.000908230803,0.0008125070354,0.0003673399394,0.0004039413587,0.0008708171973,0.0001502694066,0.0001086114516,0.0001347837464,0.0001776933091,6.080020513e-05,7.113386494e-05,6.43177045e-05,2.611795076e-05,2.38082341e-05,2.088895023e-05,9.355699177e-06,2.914566668e-06,4.791029173e-06,2.612014391e-06,8.581827696e-07,6.88959031e-07,4.845450228e-07,1.948818138e-07,1.35106915e-07,7.286976376e-08,3.776160698e-08,1.534670136e-08,8.988813209e-09,5.011159473e-09,1.939201334e-09,7.45879797e-10,5.108217841e-10,2.431634513e-10,7.312392084e-11,4.139322171e-11,5.852626026e-12,3.170142469e-12,0.001332950247,0.001477043786,0.001671115365,0.001481796331,0.001355185622,0.00188427676,0.001882254452,0.001898295707,0.004739333311,0.001875149419,0.002391626804,0.00530925708,0.01313340103,0.01671425233,0.008934977368,0.009069883249,0.01117282854,0,0.02735272936,0.006645145427,0.006480743249,0.01304665641,0.01354400316,0.001428433219,0.001850620638,0.00172674452,0.003173565728,0.0005392851243,0.003075309098,0.001655201325,0.0002252252929,0.001237435256,0.0001948356225,0.0003152211218,0.0001355941422,7.579611252e-05,6.063366752e-05,0.0004257153019,5.055275814e-05,6.252377786e-05,0.0002786038394,4.588949993e-05,5.533190488e-05,0.000112452756,0.0001667542354,7.693271027e-05,8.795264479e-05,4.125377997e-05,2.909588103e-05,5.338433982e-05,2.446686904e-05,2.168245382e-05,3.442676977e-05,2.968001457e-05,1.750405895e-05,3.315851528e-05,1.127305549e-05,1.228960604e-05,1.400397496e-05,6.940430387e-06,5.116998431e-06,4.261557488e-06,3.005900604e-06,1.179078053e-06,1.09220178e-06,5.573565693e-07,3.759919429e-07,2.097835919e-07,1.353179032e-07,5.769367143e-08,3.360888624e-08,1.861351919e-08,9.545161559e-09,3.365715484e-09,2.466516631e-09,1.209942003e-09,7.202322953e-10,2.341147082e-10,1.535347948e-10,4.664494161e-11,1.996473938e-11,3.077107525e-12,1.23496209e-12
B:220,3.107118708e-09,5.971508983e-09,1.068132028e-08,1.733628757e-08,3.035215655e-08,5.807795367e-08,9.798407229e-08,1.624808039e-07,3.000236447e-07,4.459234351e-07,6.940902798e-07,1.223539268e-06,1.607684957e-06,1.756372876e-06,3.938487141e-06,6.621760858e-06,3.067851156e-06,4.480518205e-06,2.051093041e-05,1.701526282e-05,2.845568694e-05,2.162764273e-05,7.039967139e-05,4.853193467e-05,0.0002154909794,6.619440476e-05,0.0001347819099,9.935264901e-05,0.0001868040106,8.199369892e-05,0.0001080170272,0.0001955966089,0.0002397190991,0.000112847929,0.0001004154947,0.0001499888527,0.0001628649501,0.0001470090547,0.0001067092111,0.0005656495447,0.00113786367,0.001327275987,0.000681758143,0.005594606972,0.002872248515,0.001103370827,0.00182193609,0.001971911933,0.001356481537,0.0004198923052,0.0007634785221,0.0008523985459,0.0008047222378,0.0003007548309,0.0002210336409,0.00054122436,0.0001047402843,0.0001146846924,0.0001251160092,8.219719072e-05,4.653478837e-05,5.06987462e-05,4.05389248e-05,1.244789219e-05,1.632087854e-05,1.342561378e-05,5.449708534e-06,1.904935397e-06,3.277396978e-06,1.731434541e-06,5.406499565e-07,5.001835241e-07,3.473137987e-07,1.354753906e-07,1.066601802e-07,5.755029571e-08,2.968753628e-08,1.173093463e-08,7.808622003e-09,4.271363984e-09,1.639968049e-09,6.643493984e-10,4.923900846e-10,2.359654359e-10,6.81691096e-11,4.144941872e-11,6.671671265e-12,3.946452706e-12,0.001038085408,0.001038626055,0.001126191872,0.001281729405,0.001085162045,0.001246913758,0.001716995602,0.0018734587,0.001773013573,0.004594152826,0.001863011119,0.002102705579,0.004036324535,0.01606318961,0.0132361731,0.008042404266,0.008526443395,0.02735272936,0,0.009417884392,0.006956136911,0.01290404414,0.01298443249,0.002906139582,0.004744322744,0.003265699876,0.00112997793,0.002096154193,0.004691922844,0.002519609197,0.001300748242,0.003392011486,0.0002661352009,0.0005826468411,0.0002869845657,0.0002114176072,0.0001053030051,0.0005276338981,7.692031666e-05,0.0002242857972,0.0003848130267,6.476114776e-05,0.0001391754038,0.0003632434945,0.0001396140753,0.0001015869965,0.0002062964449,0.0002846014446,5.361440805e-05,0.000112914158,3.361734165e-05,2.314355679e-05,5.14655637e-05,4.346231022e-05,2.183582327e-05,2.071412742e-05,1.982299619e-05,1.519341284e-05,1.187053426e-05,6.493340006e-06,6.703790353e-06,4.312418854e-06,2.466349772e-06,1.56042986e-06,1.272339216e-06,5.24684679e-07,3.796561091e-07,2.603156047e-07,1.490303167e-07,5.232156292e-08,3.989118361e-08,2.254449078e-08,1.062391923e-08,3.928121163e-09,3.083735806e-09,1.472214634e-09,7.113372647e-10,3.041345765e-10,1.94926885e-10,5.758554459e-11,2.549416311e-11,3.479595584e-12,1.708659617e-12
B:221,1.99813403e-08,3.72638875e-08,6.6210626e-08,1.029444213e-07,1.673295568e-07,3.123773304e-07,4.960718178e-07,7.093135807e-07,1.224757529e-06,1.814955453e-06,2.323500078e-06,3.551930329e-06,4.636158649e-06,4.429234283e-06,7.038578241e-06,1.594090853e-05,4.431101882e-06,7.650290912e-06,3.124332731e-05,5.388189653e-05,0.00011250783,6.754282477e-05,9.717338779e-05,0.0001911556803,0.001841732514,8.548074745e-05,0.0002058478414,0.0005235446928,0.0008558153039,7.167735414e-05,0.0002104066074,0.0010607007,0.0001359712145,0.000161326062,0.0006726210639,9.729399049e-05,0.0001870054802,0.0002057329513,0.0001709570278,0.0006333622643,0.002769993538,0.001493958222,0.002946310095,0.01719886637,0.004182257245,0.003408063596,0.009320345823,0.01266682697,0.003721568192,0.002134011085,0.009686398419,0.0008474133097,0.001787183647,0.001253510709,0.0004879322064,0.0007749267377,0.0004853449437,0.0001753439412,0.0002310696115,0.0001985548077,7.958467646e-05,0.0001586496061,0.0001220863263,3.952611112e-05,6.39730752e-05,6.68701578e-05,2.70639607e-05,8.468581812e-06,2.09388503e-05,1.189397422e-05,3.349274457e-06,3.744340777e-06,2.934308794e-06,1.187648333e-06,7.687322824e-07,5.582170069e-07,2.982320471e-07,1.061303945e-07,7.728906113e-08,4.853839277e-08,1.860317614e-08,7.127879308e-09,5.838527657e-09,2.903196001e-09,8.673652585e-10,5.328284841e-10,7.862242333e-11,4.323322833e-11,0.0003557281377,0.0004304089725,0.0003786075544,0.0003704573506,0.0004182396545,0.0005051762163,0.0004618457384,0.0006567884923,0.0007893343869,0.0007541138173,0.002098488911,0.0008160142583,0.001227894618,0.002366989047,0.006609601942,0.008160796483,0.006558349204,0.006645145427,0.009417884392,0,0.01246533416,0.00719197191,0.007087010802,0.005882840338,0.006244690226,0.001652988681,0.0009121541801,0.001060750252,0.001928821488,0.001103671613,0.001254653951,0.00226116629,0.000205067024,0.0003109828428,0.000210643723,0.0001597725615,4.936600721e-05,0.0007043901028,5.829275667e-05,0.0001090483625,0.0007152716154,0.0002776942273,0.0001819232515,9.371351329e-05,0.0004595605265,5.540996303e-05,0.0001023707259,3.93235294e-05,4.096898373e-05,3.33463009e-05,5.050235652e-05,4.103165485e-05,4.29890522e-05,3.01340293e-05,1.756196068e-05,4.383699587e-05,1.171829903e-05,1.702942871e-05,1.99593014e-05,5.872568997e-06,1.225673827e-05,1.046943331e-05,6.867420595e-06,3.335807417e-06,4.098109208e-06,1.732751411e-06,1.335255385e-06,1.036259379e-06,7.118939587e-07,2.340124534e-07,1.875557852e-07,1.188158089e-07,6.474908173e-08,2.168471284e-08,1.951261105e-08,1.041298344e-08,5.528172546e-09,2.18290177e-09,1.539698352e-09,4.711511427e-10,2.125521503e-10,3.850885609e-11,1.577399113e-11
B:222,3.803639271e-08,6.833524652e-08,1.086464745e-07,1.470885924e-07,2.409322627e-07,4.294124821e-07,5.717483559e-07,7.841675349e-07,1.455040591e-06,1.695713775e-06,1.929500778e-06,3.995630589e-06,3.499441774e-06,2.039804042e-06,1.044883081e-05,1.710968172e-05,1.41212638e-05,1.914527643e-05,6.771224235e-05,2.516113458e-05,0.0004386964418,0.0001086877368,0.0001955247848,0.0004697097336,0.00124328881,0.0001236194613,0.0004110237377,0.0006667584364,7.45428412e-05,5.10954793e-05,0.0001328676834,0.0002007108139,6.945402318e-05,2.308912712e-05,7.282407348e-05,4.125589577e-05,7.807459664e-05,5.591571848e-05,5.105738054e-05,0.000153178758,0.0001621737682,0.0007589383127,0.002870376258,0.003663895565,0.0006973624504,0.0006091781125,0.01921069541,0.005560338758,0.0004253168219,0.001650682139,0.003513630743,0.00124107378,0.0002434029455,0.0006519031668,0.0005926779216,0.0005915775058,0.0001344948399,8.6232372e-05,8.995850158e-05,0.0001239747743,4.867392247e-05,6.070830293e-05,5.724420896e-05,2.292328504e-05,3.699722448e-05,3.054480383e-05,1.297071714e-05,5.392617643e-06,1.072462843e-05,5.739565839e-06,2.115988015e-06,2.275413505e-06,1.51323377e-06,6.455776137e-07,5.640649984e-07,3.234521026e-07,1.718614153e-07,7.391095798e-08,5.058650391e-08,2.933120083e-08,1.163999695e-08,5.103701799e-09,3.632376876e-09,1.827296939e-09,5.6919847e-10,3.689681887e-10,6.616798979e-11,3.769323193e-11,0.0002201790885,0.0002722626851,0.0003302983243,0.000263623046,0.0002617951454,0.0004537026998,0.0005040890893,0.0004107185217,0.0006582922412,0.0007301453427,0.0006483518043,0.002043958924,0.00102555456,0.001148590832,0.002360392499,0.007459223817,0.01282910644,0.006480743249,0.006956136911,0.01246533416,0,0.01162940125,0.006352202724,0.006063550445,0.01959718511,0.009448257092,0.002258736115,0.002171971434,0.002836959741,0.001819321488,0.00324571298,0.0008982041011,0.0005728998948,0.0005235685414,0.0003255620571,0.001375600567,0.001212013822,0.01342380714,0.0009804510881,0.001498507294,0.01431016218,0.001262573738,0.000449095258,0.0002331127304,0.002065244342,0.0007599962155,0.0001320238626,0.0005440332045,7.091449042e-05,0.0001478297873,5.800067224e-05,6.482619527e-05,5.881186564e-05,3.555073993e-05,2.848273088e-05,3.82591639e-05,2.123609249e-05,2.309323262e-05,2.579740278e-05,1.520826679e-05,1.540879508e-05,1.249597335e-05,8.100494688e-06,5.019280525e-06,4.68536242e-06,2.10851166e-06,1.795219159e-06,1.1972383e-06,7.608529454e-07,2.955101311e-07,2.353459165e-07,1.370522569e-07,6.835425604e-08,2.866323611e-08,2.184387181e-08,1.074572923e-08,6.067399923e-09,2.574002371e-09,1.67672535e-09,4.839070617e-10,2.30977268e-10,3.550852711e-11,1.53741108e-11
B:223,6.729568499e-09,1.306808103e-08,2.296529732e-08,3.703805495e-08,6.601187894e-08,1.255645923e-07,1.993104423e-07,3.348536115e-07,6.283573781e-07,9.056648729e-07,1.292603902e-06,2.452590697e-06,3.182237733e-06,3.286904126e-06,7.022614092e-06,1.250649452e-05,5.406941112e-06,8.644889928e-06,3.554893243e-05,2.736531507e-05,3.385839096e-05,4.089993068e-05,0.0001046542047,4.298009648e-05,0.000211797671,0.0001154376279,0.0001388512546,5.280492987e-05,4.232415008e-05,0.0001662506893,0.0001439960532,9.568822654e-05,0.0001793282303,4.712164052e-05,5.607833576e-05,0.0001027590423,0.0001559513277,0.0001624067199,0.000152376012,0.0006571649432,0.0008872348156,0.002452548959,0.001255905663,0.003375586998,0.001394391612,0.0004645989851,0.001815879373,0.0007152255586,0.0007693531781,0.0002752261155,0.004106104542,0.001980427539,0.001349912836,0.001161157715,0.001550643706,0.001980693537,0.0002637574719,0.0001494988325,0.0001703348192,0.0003930791695,9.123977151e-05,0.0001135102017,0.0001337361657,5.198935611e-05,5.395139541e-05,5.067165929e-05,2.310115542e-05,7.259028379e-06,1.430739717e-05,8.053523781e-06,2.621989309e-06,2.510229957e-06,1.804773355e-06,7.442055732e-07,5.671041288e-07,3.32908434e-07,1.776158255e-07,7.074066635e-08,4.77418596e-08,2.773944229e-08,1.085761129e-08,4.467184754e-09,3.30151525e-09,1.638780001e-09,4.948791022e-10,3.089325075e-10,5.096947031e-11,2.888098643e-11,0.0003514813195,0.0004581726221,0.000596986529,0.0007028305312,0.0006835403818,0.001044606881,0.00131436698,0.001463378844,0.001695473799,0.00199917144,0.001849524676,0.002433071156,0.00388007808,0.001943917234,0.00432395377,0.00472997493,0.006834582508,0.01304665641,0.01290404414,0.00719197191,0.01162940125,0,0.02276474566,0.004644152426,0.008149126225,0.011488467,0.01033495131,0.002478114024,0.006828039044,0.004109510488,0.003581706213,0.004346629104,0.0005330868117,0.0009223236132,0.0009662846967,0.0005259566268,0.0002443428098,0.001382083319,0.000154237097,0.0007754173336,0.001660331455,0.0001396483864,0.0002381180979,0.0004837486261,0.0002350000636,0.0001399690385,0.0002907427437,0.0003484136553,0.0001221762183,0.0001097271625,5.189172938e-05,3.08086688e-05,9.234927973e-05,7.451937422e-05,4.030431849e-05,7.905207244e-05,3.416079692e-05,3.831322666e-05,3.99472137e-05,2.179222393e-05,1.939248022e-05,1.559446734e-05,1.005144529e-05,5.288319587e-06,4.893677483e-06,2.202400668e-06,1.692062199e-06,1.105251322e-06,6.983614564e-07,2.63469443e-07,1.952235448e-07,1.134231856e-07,5.727358639e-08,2.196040534e-08,1.708865408e-08,8.50595307e-09,4.653807431e-09,1.882291826e-09,1.244599794e-09,3.670280816e-10,1.699130864e-10,2.660231039e-11,1.157459033e-11
B:224,9.397000884e-09,1.845322903e-08,3.30934238e-08,5.381770411e-08,9.621977811e-08,1.86967091e-07,3.009344107e-07,4.92152704e-07,9.403687736e-07,1.420143736e-06,1.98190022e-06,3.539443854e-06,5.098754684e-06,5.433025561e-06,1.027027487e-05,1.765139603e-05,9.869279573e-06,1.21580257e-05,5.101889205e-05,3.600150968e-05,4.341470188e-05,4.957158299e-05,0.0001538171887,6.911996586e-05,0.0007044761377,7.911463538e-05,0.0003688279189,0.0002235078306,0.000480235854,5.502945283e-05,0.0001325154985,0.0004205286113,7.445238169e-05,9.662379189e-05,9.216742293e-05,3.449825962e-05,8.136782519e-05,0.0001047622542,6.909612023e-05,0.0005181411805,0.0005747104571,0.001633702148,0.0008465400671,0.001945836944,0.001561978852,0.001884124694,0.006970861462,0.002542059597,0.0006080729572,0.001560914717,0.0112628519,0.001857977566,0.0005166856714,0.002934310831,0.004167546767,0.001251950369,0.0005223894794,0.0006225317681,0.0001070480548,0.0004063298278,7.385655374e-05,5.703377554e-05,9.231054018e-05,5.313034885e-05,3.65615684e-05,5.247257085e-05,2.452176244e-05,4.592229147e-06,2.342703563e-05,1.429497773e-05,2.933174061e-06,4.834984588e-06,4.628260745e-06,1.796409893e-06,1.081215675e-06,1.085146399e-06,6.070771054e-07,1.742508385e-07,1.710366524e-07,1.196942704e-07,4.494579052e-08,1.708890341e-08,1.738373561e-08,9.015398767e-09,2.57983881e-09,1.75444437e-09,2.866158022e-10,1.693939391e-10,0.0001577170602,0.0002039130389,0.0002461756643,0.0002970080156,0.0003586955707,0.0004225237291,0.0005186221872,0.000704052303,0.0009484094642,0.0008187232176,0.0009173764385,0.001088625755,0.001274552509,0.002976052109,0.00144612598,0.001448764304,0.002614390939,0.01354400316,0.01298443249,0.007087010802,0.006352202724,0.02276474566,0,0.006274379928,0.00891995225,0.008016293671,0.013701212,0.006222047802,0.006348762186,0.005715948608,0.003976978791,0.00866307163,0.000861298964,0.001243283146,0.000875457497,0.0005370999824,0.0001671242104,0.0004826544467,0.0001781888755,0.0006283531299,0.001724250012,0.0002464490275,0.0002581785367,0.0008754050363,0.0007861475455,0.0004475090021,0.0005046877667,0.001006343646,0.0003708997535,0.0003873831359,8.441548431e-05,0.0002263825418,9.419152803e-05,0.0001066005071,3.079424654e-05,8.272520068e-05,4.63319296e-05,3.092427171e-05,1.417717719e-05,6.237371965e-06,2.555914218e-05,1.263525723e-05,4.847555895e-06,7.005547108e-06,7.70984354e-06,1.721358594e-06,1.685945068e-06,2.330307947e-06,1.398067365e-06,2.54504542e-07,4.10764419e-07,2.89230009e-07,1.466179879e-07,4.945702662e-08,5.516737217e-08,2.999099417e-08,1.15864005e-08,6.981637223e-09,5.028932361e-09,1.513628526e-09,7.343406843e-10,1.313232585e-10,6.467386498e-11
B:225,5.075115594e-08,9.01554677e-08,1.463673159e-07,2.0771507e-07,3.182640076e-07,5.744036177e-07,7.765811167e-07,1.034652143e-06,1.778581503e-06,2.449578962e-06,2.294072264e-06,3.657429687e-06,4.861073466e-06,4.551509076e-06,6.651198749e-06,1.050060185e-05,6.870254392e-06,1.5911224e-05,4.276586662e-05,1.320094358e-05,9.355525782e-05,9.17614819e-05,0.0001159459853,0.0006157542005,0.001139628041,3.899479765e-05,0.0003096512802,0.002417894594,0.0002640443999,0.0001558746352,0.000153242768,0.0001876505056,8.679415038e-05,0.0001535085098,4.947960182e-05,2.194112091e-05,7.736092311e-05,6.087004833e-05,4.446168097e-05,0.0001848352661,0.000332392768,0.0006814735527,0.0005139700999,0.002701555667,0.002016806244,0.002934268937,0.007053721527,0.006485988461,0.003882837836,0.01361266422,0.005972127774,0.001451507669,0.0009380989168,0.002079369278,0.0005946040204,0.0007880966722,0.0002559997793,0.0002738402372,0.0001700057799,0.0001641999717,0.0001347688422,0.0001302858073,9.717855359e-05,4.445468904e-05,8.923076836e-05,6.717662271e-05,2.954354827e-05,1.903393577e-05,3.121210948e-05,1.773057778e-05,6.609591264e-06,9.48929521e-06,6.146118083e-06,2.950254714e-06,2.450528517e-06,1.776148779e-06,9.840397654e-07,3.909087982e-07,3.263911384e-07,2.065444388e-07,8.359633376e-08,4.005508354e-08,3.087801838e-08,1.667212348e-08,5.374345488e-09,3.869346704e-09,7.692430699e-10,4.377516047e-10,5.01398122e-05,6.850385373e-05,8.474338156e-05,9.270620236e-05,0.0001015610191,0.0001595912934,0.0001759641321,0.0001960657543,0.0002672132701,0.0003256896951,0.0002957642285,0.0003317917801,0.000391126866,0.0004720536497,0.0008718986749,0.0007352460385,0.0006561186571,0.001428433219,0.002906139582,0.005882840338,0.006063550445,0.004644152426,0.006274379928,0,0.005261056479,0.004927032172,0.005107699268,0.007153315751,0.00229434464,0.001374089092,0.003834427021,0.003219516003,0.0004558137883,0.0006322663514,0.0005670549713,0.0002115928792,0.0002644338323,0.0004580918551,0.0001953281116,0.0005323193723,0.01883806983,0.000952794566,0.000964296218,0.001772373255,0.01404613174,0.001579468544,0.0003319212377,0.001061744609,0.0003429964329,0.0005367648466,9.997765742e-05,8.745841648e-05,8.168754234e-05,8.467569372e-05,2.027005406e-05,5.497288392e-05,2.576954242e-05,1.857482314e-05,3.358028904e-05,2.57775096e-05,2.027693023e-05,2.01081748e-05,1.556803209e-05,1.078946297e-05,1.125322237e-05,5.662488606e-06,5.810712176e-06,4.192541427e-06,2.937238593e-06,1.241871058e-06,1.112285963e-06,6.974301451e-07,3.750025498e-07,1.813304589e-07,1.41560538e-07,7.403895526e-08,4.435303411e-08,2.162776558e-08,1.470157588e-08,4.110416314e-09,2.236175957e-09,4.001050607e-10,1.685935738e-10
B:226,6.031508085e-09,1.037303768e-08,1.568747077e-08,2.097532694e-08,3.197550152e-08,6.070802607e-08,8.453834041e-08,1.20651834e-07,2.387735962e-07,3.654004401e-07,3.73601741e-07,5.922297524e-07,1.233182629e-06,1.48040132e-06,1.475871934e-06,2.954583916e-06,4.396555895e-06,4.964922902e-06,8.55240607e-06,1.741155385e-05,8.289270437e-06,3.289462181e-05,4.862913801e-05,0.0001763912074,0.0001633734616,4.138746358e-05,0.0001791269125,0.0003049711682,9.244446883e-05,0.0001072410291,0.0002645867619,0.0001333112354,0.0001294511905,3.941115028e-05,4.961236115e-05,3.475950242e-05,7.282300682e-05,0.0001086714234,4.159842982e-05,0.0001911868098,0.0001682968514,0.0006166987539,0.0004973477921,0.001075223795,0.0004437835317,0.0004542027451,0.002141820065,0.00136728599,0.0005806832692,0.0002168776733,0.003449201508,0.001728472694,0.0005955114588,0.0003504847164,0.0006184860221,0.0006720439288,8.807378835e-05,0.0001493098583,7.040530968e-05,8.019777442e-05,4.46389321e-05,3.175211899e-05,2.843709732e-05,1.320562461e-05,2.100826986e-05,1.30586436e-05,5.715904792e-06,4.752027441e-06,5.248801156e-06,2.839897509e-06,1.402752787e-06,1.652836999e-06,8.898018315e-07,4.138765036e-07,5.372154648e-07,2.591651075e-07,1.395525299e-07,6.809845378e-08,5.259123881e-08,2.840597569e-08,1.159091249e-08,6.131415418e-09,4.37390699e-09,2.281001372e-09,6.979674172e-10,5.222670898e-10,1.249128911e-10,7.905341304e-11,5.134860468e-05,7.426241541e-05,0.0001060212363,0.0001245885528,0.000144209468,0.0002412560477,0.0003151069254,0.0002995261424,0.0004626277449,0.0006342364309,0.0005601962318,0.0005680246782,0.0009593517456,0.0008466807616,0.00118476418,0.00220142611,0.00138204388,0.001850620638,0.004744322744,0.006244690226,0.01959718511,0.008149126225,0.00891995225,0.005261056479,0,0.02540569888,0.007643999039,0.007682388857,0.01589606835,0.005059991947,0.01961585676,0.01283927199,0.001612229052,0.002529882968,0.0009327094759,0.001825054157,0.0002801745672,0.001703822937,0.0003536380891,0.0006459234963,0.01469970896,0.0003637127474,0.0002084357904,0.001524726136,0.00488450425,0.001843972432,0.0009636325764,0.001173886247,0.0003330278689,0.0006734834836,0.0002080849054,6.671292837e-05,0.0001274091445,0.0001409224029,5.092177262e-05,4.618880953e-05,5.242959116e-05,4.928390777e-05,3.356716457e-05,2.809915695e-05,2.924813253e-05,1.938588584e-05,9.790164762e-06,1.043376943e-05,8.140571705e-06,2.99320952e-06,2.844962714e-06,2.26265275e-06,1.256247411e-06,4.494046488e-07,4.457525353e-07,2.61854316e-07,1.18446355e-07,5.675969464e-08,4.437351504e-08,2.101788661e-08,1.016463042e-08,5.728043439e-09,3.635219942e-09,9.978335915e-10,5.14039039e-10,6.902244479e-11,3.699350341e-11
B:227,6.78014015e-09,1.298784316e-08,2.247676471e-08,3.77445704e-08,6.647494957e-08,1.215800489e-07,1.935003309e-07,3.51928126e-07,6.060208239e-07,8.453580514e-07,1.299337474e-06,2.558952713e-06,2.715992871e-06,3.162264012e-06,7.445283127e-06,1.161118916e-05,3.628667643e-06,1.041238923e-05,3.507758685e-05,2.326563436e-05,4.477389767e-05,5.147896597e-05,8.883430562e-05,6.996423143e-05,9.584164171e-05,8.930588476e-05,5.878628549e-05,8.781960509e-05,0.0001010507745,0.0001219018698,0.0001308921025,0.0002083457344,0.0001284428743,5.463626422e-05,6.206122379e-05,2.847344015e-05,6.936042644e-05,0.0001074495957,8.279091976e-05,0.0002356287316,0.0002725900678,0.001070596409,0.0004841315624,0.0009588641298,0.0004403825985,0.000182200849,0.002473298244,0.0003660885291,0.0005251107887,0.0005559873323,0.002095038785,0.001326370785,0.0006361131246,0.0008223801045,0.001588929697,0.0007534256341,0.0001672089307,0.000207376974,6.018265049e-05,0.0001782516266,3.849308111e-05,3.257381968e-05,5.519731553e-05,2.171124292e-05,2.541661742e-05,2.62869347e-05,1.219711255e-05,4.596342412e-06,1.023055766e-05,6.044383758e-06,2.003279015e-06,2.510452323e-06,1.755374316e-06,7.556353898e-07,7.087259032e-07,4.333682217e-07,2.380021357e-07,9.660457464e-08,7.68733218e-08,4.532691786e-08,1.806125337e-08,8.402048077e-09,6.513029185e-09,3.384114789e-09,1.025689856e-09,7.240589243e-10,1.49109542e-10,9.01282029e-11,4.039569448e-05,5.985381936e-05,8.561660525e-05,0.0001159015981,0.0001441586598,0.0002166428488,0.0002903241865,0.0003880088484,0.0004801589529,0.0005853898062,0.0006641552634,0.0009028163538,0.0007972869132,0.0009850164513,0.001426934751,0.001516238184,0.001737791856,0.00172674452,0.003265699876,0.001652988681,0.009448257092,0.011488467,0.008016293671,0.004927032172,0.02540569888,0,0.01131871249,0.009473499104,0.01427684411,0.01177095469,0.008402791157,0.01381504546,0.002043367469,0.002626593178,0.00181087093,0.0009970169366,0.0008415244409,0.001880204448,0.000382027324,0.0005928395124,0.002345421995,0.000241197964,0.0002518929394,0.0008193472855,0.0007036915604,0.000475148017,0.0007401243726,0.0006836430669,0.0002478790795,0.0001820739627,6.645220011e-05,7.137855492e-05,8.036468084e-05,7.653466235e-05,3.92162498e-05,4.170272427e-05,3.142359068e-05,4.005858764e-05,3.130225271e-05,1.974513033e-05,2.383737506e-05,1.820108918e-05,9.695780774e-06,8.260388031e-06,7.416747279e-06,2.785926892e-06,2.580628517e-06,2.050293539e-06,1.234368419e-06,4.12457105e-07,4.082777854e-07,2.470740947e-07,1.196619453e-07,5.245756988e-08,4.28024266e-08,2.121517008e-08,1.055673728e-08,5.533286486e-09,3.649396948e-09,1.026849263e-09,5.214746425e-10,7.888128538e-11,3.881681932e-11
B:228,9.119451748e-09,1.77269758e-08,3.159981606e-08,5.315446915e-08,9.368483167e-08,1.768358588e-07,2.846041141e-07,4.888763902e-07,8.714780292e-07,1.303183864e-06,1.857039015e-06,3.34764423e-06,4.334260362e-06,5.118188088e-06,9.117814554e-06,1.395881921e-05,8.066177565e-06,1.314908191e-05,3.771702497e-05,2.103272304e-05,3.184429103e-05,3.610128473e-05,9.064580264e-05,0.0001045895317,0.0001471446363,7.327738207e-05,0.0001448883032,0.0001327607457,6.789392026e-05,9.866695969e-05,9.202308968e-05,0.001661433423,0.0001513385268,0.000346424332,5.806583988e-05,3.683225195e-05,3.579636528e-05,6.053629533e-05,3.125678557e-05,0.000259786089,0.0001328111818,0.0006490842949,0.0006044117799,0.0005382810711,0.000796412313,0.000525849124,0.001321214625,0.0006987176325,0.002775621771,0.001841040622,0.01604284625,0.00609945398,0.005939378136,0.01277968987,0.01740369921,0.004216525578,0.001393552867,0.003159903372,0.0004648733018,0.001733577547,0.0003803018024,0.0002166922973,0.0004097389724,0.0003320227618,0.0001409130115,0.0002218479355,0.0001240295617,2.34159561e-05,0.0001241805028,8.170589791e-05,1.632069112e-05,3.415763451e-05,3.346335685e-05,1.362892962e-05,8.175311926e-06,1.023804522e-05,5.94113173e-06,1.531555494e-06,1.878460593e-06,1.43461383e-06,5.390636207e-07,2.170171771e-07,2.484720877e-07,1.367268909e-07,3.925675201e-08,2.987044851e-08,5.48921334e-09,3.308247553e-09,1.984880202e-05,3.020083053e-05,4.339897358e-05,5.859766465e-05,8.054436799e-05,0.0001181292841,0.0001585342137,0.0002117885839,0.0003190648704,0.0003320403305,0.0004029226644,0.0005120226771,0.0006087359339,0.0006881691986,0.0008192953153,0.0008582742831,0.0005470642847,0.003173565728,0.00112997793,0.0009121541801,0.002258736115,0.01033495131,0.013701212,0.005107699268,0.007643999039,0.01131871249,0,0.009949637569,0.008679863052,0.00748546099,0.01611588845,0.009026632664,0.001410904108,0.001893265518,0.001385554633,0.001425891859,0.0006936876386,0.0003752026548,0.0001055391436,0.00041332428,0.001639176025,0.0001513487009,0.0003316748192,0.0002970866506,0.0007641515555,0.0004217809143,0.0003069900332,0.0004432045357,0.001930672098,0.0002118491859,8.36833417e-05,0.0006542556132,0.0003246397765,0.0001783823858,6.391288723e-05,0.0005603254665,4.007508942e-05,6.646254503e-05,0.0001050718502,5.132140396e-05,7.451604639e-05,5.014357448e-05,2.976638128e-05,2.501892657e-05,3.790665286e-05,8.168838487e-06,8.761725998e-06,1.533766595e-05,1.004074027e-05,1.728837252e-06,3.333938024e-06,2.621777488e-06,1.422510436e-06,5.270218014e-07,6.259068348e-07,3.636645998e-07,1.396055789e-07,9.948750503e-08,7.471963012e-08,2.224688494e-08,1.229144065e-08,2.405898039e-09,1.225076056e-09
B:229,5.981070382e-08,1.104316745e-07,1.81450938e-07,2.892393484e-07,4.904861687e-07,8.387544328e-07,1.185044644e-06,2.054499151e-06,3.261021602e-06,3.957109796e-06,5.544796322e-06,1.120226864e-05,8.213353101e-06,8.234550834e-06,2.898498695e-05,3.003855504e-05,1.495776015e-05,3.334059312e-05,0.0001253043597,2.602954826e-05,0.0005559857048,5.134629908e-05,0.0001712987266,0.001540401196,0.0003195214686,0.000148764525,0.0002698805857,0.0001606019653,0.0001789789996,0.0002871157185,0.001397324474,0.0001953409428,5.788479402e-05,0.0001374481421,0.0001108168569,0.0001054841516,4.339768235e-05,6.034221886e-05,3.605410467e-05,7.510632602e-05,8.46239766e-05,0.000124892334,0.0001589190145,0.0002060539509,0.0001145623378,0.0001699045331,0.0001568651909,0.0005552800142,0.0001475050949,0.0003025831747,0.0006088712146,0.0002747395981,0.0002332848202,0.0006542142678,0.0004714131825,0.0001789243447,0.0002112510926,0.0001201159389,3.148834793e-05,7.230203612e-05,4.74061688e-05,3.119845492e-05,2.622417088e-05,2.525341057e-05,2.572480514e-05,2.219952015e-05,1.817594333e-05,1.347987659e-05,1.289124214e-05,1.027954304e-05,5.252243589e-06,5.646196639e-06,4.152359575e-06,2.809320809e-06,1.489746267e-06,1.234511302e-06,7.998545143e-07,3.438633568e-07,2.247100418e-07,1.635166999e-07,7.780926812e-08,4.217385728e-08,2.323716663e-08,1.513368246e-08,6.467469239e-09,4.422852202e-09,9.211326995e-10,4.617253505e-10,7.894378616e-06,1.246615783e-05,1.866232205e-05,2.461601418e-05,3.285406043e-05,5.546196458e-05,7.266607656e-05,8.695648688e-05,0.000134615206,0.0001847054652,0.0001726151404,0.0002100081637,0.0002934065831,0.0003206073405,0.000446923703,0.0005357627518,0.0002051948705,0.0005392851243,0.002096154193,0.001060750252,0.002171971434,0.002478114024,0.006222047802,0.007153315751,0.007682388857,0.009473499104,0.009949637569,0,0.01042309584,0.007334276212,0.005244840339,0.009497008901,0.002017120706,0.002782783221,0.002230691837,0.0008209665615,0.00104078909,0.0009152216257,0.001588071523,0.001757277342,0.01458565346,0.003792537597,0.004557674302,0.009699455385,0.01493170403,0.005050066604,0.0055013511,0.01840002355,0.001318564923,0.001454596332,0.0004381739274,0.001609802131,0.0008443059356,0.0003641144613,0.0001273887965,0.0001085849801,0.0001782043811,9.250780975e-05,6.404631943e-05,9.070835975e-05,4.998577136e-05,3.87755355e-05,2.198074614e-05,3.096084663e-05,1.735599832e-05,7.487252823e-06,9.989311325e-06,6.463086717e-06,3.284683784e-06,1.943189709e-06,1.846674877e-06,9.815788911e-07,4.094967926e-07,3.195707189e-07,2.006080428e-07,8.485715315e-08,6.836500722e-08,3.629941141e-08,2.192035976e-08,4.91633752e-09,3.176024134e-09,5.721395011e-10,2.027389233e-10
B:230,3.040006905e-09,5.920317536e-09,1.056161627e-08,1.88597373e-08,3.40433396e-08,6.311287762e-08,1.079104723e-07,2.107062872e-07,3.592737574e-07,5.293769995e-07,9.1844091e-07,1.821332279e-06,1.954905415e-06,2.734574658e-06,6.403151577e-06,9.427862477e-06,4.142078667e-06,1.233423876e-05,3.147183915e-05,1.911920858e-05,3.676122794e-05,5.105653818e-05,6.919965428e-05,5.540414492e-05,7.491015058e-05,5.73549806e-05,4.654005619e-05,3.398919482e-05,4.962272498e-05,6.948811371e-05,0.0001204443321,5.076054152e-05,9.729022138e-05,4.95556663e-05,3.355540368e-05,2.325896532e-05,2.843766649e-05,6.219432847e-05,3.166606496e-05,0.0001348341088,0.000176673607,0.0006848105188,0.0005612417066,0.0008211307105,0.0003383055358,0.0001167143166,0.00047225535,0.0004972498297,0.0004513925628,0.0002274066328,0.000527518924,0.0004884754881,0.0002406318854,0.0002170666208,0.0004093816569,0.0001405910542,5.117202292e-05,7.702415128e-05,2.737646658e-05,4.231696707e-05,1.542412642e-05,1.07946003e-05,1.619561594e-05,7.585406598e-06,7.178578318e-06,8.037538434e-06,3.952677702e-06,1.561046929e-06,3.635705031e-06,2.221845356e-06,6.805230476e-07,9.755148477e-07,7.138704532e-07,2.982103655e-07,3.272546546e-07,1.993361133e-07,1.109954089e-07,4.398284771e-08,3.95970591e-08,2.331105405e-08,9.237039632e-09,4.454553843e-09,3.709103989e-09,1.931900558e-09,5.694748769e-10,4.246856475e-10,9.606562009e-11,6.086000745e-11,6.904509527e-06,1.174126493e-05,1.901837781e-05,2.903631989e-05,4.394806846e-05,7.453838686e-05,0.0001137469565,0.0001725507935,0.0002698588804,0.0003709300331,0.0005013545795,0.0007366899418,0.0008701774236,0.001108650205,0.001711361469,0.002041921062,0.0009075404724,0.003075309098,0.004691922844,0.001928821488,0.002836959741,0.006828039044,0.006348762186,0.00229434464,0.01589606835,0.01427684411,0.008679863052,0.01042309584,0,0.03398037665,0.006688009738,0.01624240216,0.008288799594,0.01513512757,0.006535232334,0.00133089029,0.003542954919,0.001087364827,0.0005831550255,0.0005648043554,0.0009153363436,0.0001471265819,0.0003909624281,0.0004634047324,0.0005862186849,0.0002332810137,0.0008541324903,0.0004292982698,0.0001303666169,0.0002193646175,0.0001201766632,7.311626553e-05,6.698796836e-05,9.572422451e-05,4.909650443e-05,2.214404664e-05,4.030154029e-05,3.771482945e-05,1.895562346e-05,1.321571405e-05,1.956112246e-05,1.21643175e-05,5.023077379e-06,6.312956444e-06,5.122190105e-06,1.58151845e-06,1.55439893e-06,1.425003563e-06,7.884466137e-07,2.258664308e-07,2.704198925e-07,1.651834912e-07,7.590711968e-08,3.403684562e-08,2.911923471e-08,1.423094592e-08,6.19256047e-09,3.818411045e-09,2.500713989e-09,6.923464062e-10,3.562222827e-10,5.068708686e-11,2.754846419e-11
B:231,2.468996627e-09,4.695480479e-09,8.253429302e-09,1.456802591e-08,2.5305173e-08,4.571071053e-08,7.793691206e-08,1.51180736e-07,2.422048405e-07,3.506649147e-07,6.047727673e-07,1.193867389e-06,1.146724839e-06,1.701126603e-06,3.592484229e-06,5.879070913e-06,2.64010963e-06,7.653220747e-06,1.454771068e-05,1.720486425e-05,4.050327084e-05,4.287666935e-05,4.298158858e-05,8.726932086e-05,9.52607656e-05,3.510304239e-05,4.542269776e-05,4.196996656e-05,2.300846057e-05,1.563888918e-05,3.030350907e-05,8.109470579e-05,2.617883405e-05,7.86571815e-05,1.372764265e-05,1.408602897e-05,1.024658324e-05,2.648233977e-05,1.191535425e-05,5.705441156e-05,0.000114975257,0.0003271513108,0.0003620282079,0.0005042077341,0.0002862267246,0.00011802789,0.0002657100419,0.0003932817684,0.0004116338579,0.0002074778059,0.0007551964236,0.0007394459479,0.0004176453956,0.00021248036,0.0002763909894,0.0003269156543,7.011142046e-05,4.29658828e-05,3.105855553e-05,7.862232032e-05,2.379175454e-05,1.855512529e-05,2.667870536e-05,1.682361531e-05,1.247772928e-05,1.049905558e-05,6.607664846e-06,2.929988018e-06,3.36540933e-06,2.186398897e-06,9.478913175e-07,8.065293973e-07,5.408722672e-07,2.83370562e-07,1.76881677e-07,1.121067368e-07,6.414524545e-08,2.741722275e-08,1.640308949e-08,1.025678299e-08,4.395875169e-09,1.98419745e-09,1.21148751e-09,6.746653117e-10,2.405197159e-10,1.478467777e-10,2.381981961e-11,1.151741214e-11,1.999960068e-06,3.530493954e-06,5.965301304e-06,9.262604e-06,1.428151475e-05,2.601620259e-05,4.148089995e-05,6.244850404e-05,0.0001031601428,0.0001592670978,0.0002124438653,0.0002960011677,0.0004276570195,0.0005912767195,0.0007841882531,0.0008864909027,0.0007672467058,0.001655201325,0.002519609197,0.001103671613,0.001819321488,0.004109510488,0.005715948608,0.001374089092,0.005059991947,0.01177095469,0.00748546099,0.007334276212,0.03398037665,0,0.007721091345,0.01245085393,0.02151901912,0.02531504516,0.009409676028,0.003317377244,0.003434282303,0.001509220684,0.001318939495,0.0007697818043,0.0004606913964,0.0002994583048,0.0002472698197,0.0002503177622,0.0002331087136,0.0001099208661,0.0001666196734,0.0003331567553,6.893275803e-05,4.383747243e-05,3.017880278e-05,5.556838799e-05,3.316000221e-05,1.635550982e-05,1.4282805e-05,2.463518505e-05,7.685092961e-06,6.771156869e-06,9.235298933e-06,8.39854232e-06,2.391176826e-06,2.735546295e-06,2.516531835e-06,1.167978228e-06,7.094498817e-07,6.116603555e-07,4.985433457e-07,2.010546823e-07,1.393187677e-07,1.144776994e-07,5.45034306e-08,2.809329626e-08,1.556478558e-08,9.339076831e-09,4.725149845e-09,2.275714339e-09,2.248933621e-09,7.327599295e-10,4.517610485e-10,1.19971264e-10,6.988496694e-11,1.354858919e-11,4.21315825e-12
B:232,6.619928952e-09,1.117863652e-08,1.720700363e-08,2.428037657e-08,3.574286499e-08,6.476277556e-08,9.847916273e-08,1.549056989e-07,2.546957734e-07,3.701292488e-07,4.926666886e-07,8.471853955e-07,9.415458266e-07,1.239267465e-06,1.95634585e-06,3.65767142e-06,1.174578864e-06,3.146151035e-06,6.067084073e-06,1.105388733e-05,6.355943238e-05,2.094574245e-05,2.392782613e-05,0.0001548914396,5.811221634e-05,3.748830521e-05,0.0001596633952,0.000396970088,1.73491228e-05,1.76031217e-05,9.424622424e-05,0.0001919434242,2.16344713e-05,1.474465676e-05,1.282805825e-05,1.223276712e-05,1.418826064e-05,2.315610564e-05,1.5712781e-05,2.92987205e-05,2.872789027e-05,7.554145929e-05,6.318665998e-05,0.0001105715648,4.707767981e-05,7.919807697e-05,0.0002295414138,0.0001155132361,0.0001285786551,0.0001475807449,0.003697807422,0.001019675764,0.0007283527393,0.001622637497,0.0017042356,0.0004673326329,0.0001623855022,0.000236207154,1.786062862e-05,0.000126648223,2.018372436e-05,8.013706642e-06,2.284119819e-05,1.840683739e-05,9.872176843e-06,9.716838942e-06,6.05588062e-06,2.33381818e-06,3.815316926e-06,2.451698427e-06,1.14505984e-06,1.079317997e-06,7.032978529e-07,3.606057983e-07,2.906386334e-07,1.681719436e-07,9.59381813e-08,4.39524464e-08,2.750915523e-08,1.683702234e-08,7.123528779e-09,3.306827247e-09,2.080225319e-09,1.133879645e-09,3.929188587e-10,2.535879842e-10,4.545542555e-11,2.367762188e-11,3.360497855e-06,5.21578086e-06,7.959221945e-06,1.021757674e-05,1.26818769e-05,2.20803752e-05,2.994510076e-05,3.016676457e-05,4.646407212e-05,7.026126845e-05,6.259901079e-05,5.677813508e-05,0.0001221665975,0.0001009776192,0.000174327263,0.0003245365343,0.0002467014001,0.0002252252929,0.001300748242,0.001254653951,0.00324571298,0.003581706213,0.003976978791,0.003834427021,0.01961585676,0.008402791157,0.01611588845,0.005244840339,0.006688009738,0.007721091345,0,0.008432143017,0.007570718451,0.007274743045,0.006204701584,0.01335254308,0.002061826076,0.00127635497,0.001180162287,0.001356249847,0.01522402392,0.0003658937216,0.0002909716642,0.0008358035251,0.002722506986,0.0007985505231,0.0003687993538,0.0005407224361,0.0001901605704,0.0002594341852,8.127189643e-05,1.593153039e-05,0.0001163635297,2.640065424e-05,1.226307345e-05,4.588412447e-05,1.098481479e-05,1.040121486e-05,1.700485299e-05,1.543481671e-05,6.081330956e-06,6.668378305e-06,5.227739845e-06,2.821229391e-06,2.198315995e-06,1.227220565e-06,1.118774952e-06,5.823161166e-07,3.833890146e-07,2.024470987e-07,1.34843961e-07,7.350544482e-08,3.740372508e-08,1.898532867e-08,1.199651411e-08,5.762738923e-09,4.299209651e-09,1.611441188e-09,1.023198428e-09,2.791910969e-10,1.469208233e-10,2.566293192e-11,9.177071616e-12
B:233,3.865708915e-09,7.463713833e-09,1.3069673e-08,2.276667165e-08,4.072114027e-08,7.475544629e-08,1.227075111e-07,2.358993614e-07,4.010070764e-07,5.691147892e-07,9.164494872e-07,1.887079599e-06,1.934819523e-06,2.435284197e-06,5.393649239e-06,9.157165405e-06,3.105793911e-06,8.543693548e-06,2.086917916e-05,2.446251559e-05,3.767854722e-05,3.40088871e-05,3.507563717e-05,0.0001814925508,6.927841684e-05,2.302599549e-05,8.630673519e-05,9.222886275e-05,4.053308111e-05,4.231315871e-05,0.0001857912754,9.406906528e-05,5.454352404e-05,3.770242955e-05,1.847337731e-05,9.536804049e-06,1.92039943e-05,3.820581032e-05,1.683418165e-05,7.942289115e-05,8.199064792e-05,0.0003314486363,0.0002195531701,0.0004140317492,0.0002607977496,0.0001569169639,0.0008320525926,0.0003077012983,0.0006942639553,0.0001688477122,0.001508852373,0.0003752989389,0.0002325007592,0.0003510505789,0.0007045437893,6.810629054e-05,5.974009005e-05,0.000156012395,4.5839943e-05,3.781318922e-05,2.278568965e-05,1.200101428e-05,7.710795857e-06,8.4584906e-06,2.433361125e-06,3.228814045e-06,1.90333755e-06,6.747265442e-07,1.656596808e-06,1.081959623e-06,2.72120087e-07,4.887938695e-07,4.038692891e-07,1.591274329e-07,1.873516836e-07,1.263657709e-07,7.143640426e-08,2.660022211e-08,2.690311904e-08,1.649903354e-08,6.446118569e-09,3.110845854e-09,2.772461948e-09,1.451449896e-09,4.221677402e-10,3.258396813e-10,7.635500335e-11,4.908804505e-11,7.059520676e-06,1.149736577e-05,1.818248468e-05,2.601929089e-05,3.657291297e-05,6.105287221e-05,8.820959659e-05,0.0001136431426,0.0001723652371,0.0002397519825,0.0002820253504,0.0003396121867,0.0004435811977,0.0005392692248,0.0008307065868,0.001002991574,0.0003667959326,0.001237435256,0.003392011486,0.00226116629,0.0008982041011,0.004346629104,0.00866307163,0.003219516003,0.01283927199,0.01381504546,0.009026632664,0.009497008901,0.01624240216,0.01245085393,0.008432143017,0,0.01002891748,0.01214705611,0.00570111665,0.003542170295,0.001902991775,0.0009490965754,0.0007497269078,0.0008984066237,0.002332767385,0.0005542845068,0.0005670953177,0.0006851467821,0.001846609514,0.0008459992711,0.0009626416529,0.0005007070808,0.0001956644961,0.0002529990129,6.493253854e-05,7.043214333e-05,3.133063456e-05,6.001292851e-05,2.011380081e-05,1.089784381e-05,1.869295331e-05,2.027483497e-05,8.336060176e-06,5.942504395e-06,1.153150631e-05,6.980187336e-06,2.458609466e-06,3.986706016e-06,3.352644537e-06,8.859143631e-07,9.532916022e-07,9.958213914e-07,5.432328062e-07,1.356142549e-07,1.923659649e-07,1.208656556e-07,5.463209619e-08,2.4696288e-08,2.221843346e-08,1.091697569e-08,4.435079458e-09,2.991861282e-09,1.971004613e-09,5.432459529e-10,2.815916144e-10,3.991964622e-11,2.226233082e-11
B:234,1.261259509e-09,2.413662565e-09,4.412462297e-09,7.947485655e-09,1.416899658e-08,2.688261259e-08,5.193403697e-08,1.050824373e-07,1.759374929e-07,2.772324911e-07,5.906039455e-07,1.194747116e-06,1.155838725e-06,2.039646342e-06,5.841698906e-06,9.414926594e-06,3.197693363e-06,1.496591043e-05,4.128091224e-05,3.992332585e-05,0.0001099958344,0.0001066660612,0.0001579076139,0.000313511978,0.0001133321203,0.0001353556476,0.0001712629203,0.0001456706655,5.891101199e-05,6.378189074e-05,7.37653295e-05,1.038277726e-05,2.478911472e-05,2.980681883e-06,1.265326133e-05,8.899019466e-06,7.915924232e-06,1.198821365e-05,1.89242671e-05,1.475730449e-05,1.990481547e-05,6.574183755e-05,8.355208089e-05,5.846623338e-05,3.482986001e-05,3.99203119e-05,6.03592528e-05,4.900724686e-05,4.498502822e-05,3.229685527e-05,0.0002259207374,8.599812354e-05,4.316633837e-05,4.903387499e-05,6.04987271e-05,3.542785628e-05,7.572745761e-06,8.635259185e-06,5.113322172e-06,6.095321837e-06,1.917330523e-06,1.655197732e-06,2.116204884e-06,9.136127718e-07,8.139159658e-07,6.997785105e-07,3.679477888e-07,1.601038383e-07,2.07964745e-07,1.229351918e-07,5.500356332e-08,4.819725797e-08,2.82525218e-08,1.322755729e-08,1.443775056e-08,6.170536964e-09,3.328575206e-09,1.693106387e-09,1.083719152e-09,5.483660319e-10,2.290022771e-10,1.138710301e-10,7.114871991e-11,3.579231423e-11,1.133453815e-11,7.591101519e-12,1.61798381e-12,9.84365791e-13,4.971907476e-07,8.574392991e-07,1.422993611e-06,2.164780678e-06,3.200163112e-06,5.67916996e-06,8.984280467e-06,1.307774901e-05,2.039395938e-05,3.03844614e-05,3.951463652e-05,4.973233975e-05,6.864175022e-05,9.072231718e-05,0.0001075494475,0.0001069002691,0.0001096259671,0.0001948356225,0.0002661352009,0.000205067024,0.0005728998948,0.0005330868117,0.000861298964,0.0004558137883,0.001612229052,0.002043367469,0.001410904108,0.002017120706,0.008288799594,0.02151901912,0.007570718451,0.01002891748,0,0.02994060602,0.03803550623,0.01300552745,0.006622811025,0.005092373485,0.003810433112,0.002907572899,0.001119001793,0.00143797347,0.001332541155,0.0008023541292,0.0004956415831,0.0003315624116,0.0003309278654,0.0001636998668,0.0001155634214,6.657418098e-05,3.865438569e-05,2.440582302e-05,1.330099329e-05,8.21866771e-06,5.218326162e-06,2.676875574e-06,2.352375319e-06,2.153221489e-06,1.488262024e-06,1.097956989e-06,9.452720253e-07,6.772543255e-07,3.690962236e-07,3.038431638e-07,2.198398374e-07,9.099459468e-08,7.761170155e-08,5.214313828e-08,2.886563341e-08,1.146454373e-08,9.27421209e-09,5.103902979e-09,2.333482011e-09,1.072541712e-09,7.542698357e-10,3.475736712e-10,1.84670404e-10,8.666367239e-11,5.318503281e-11,1.469498894e-11,7.211167859e-12,9.298543037e-13,4.66343883e-13
B:235,6.504812481e-09,1.21560694e-08,2.104183914e-08,3.479452607e-08,5.97331909e-08,1.060780511e-07,1.811117464e-07,3.318126844e-07,5.283988291e-07,7.086457896e-07,1.341626204e-06,2.619052526e-06,2.005145189e-06,2.688730275e-06,8.87060896e-06,1.353330507e-05,1.903996993e-06,1.145332812e-05,4.606226164e-05,3.28583425e-05,0.0001305367105,8.804879471e-05,0.0001517560339,0.0002309095758,4.940640105e-05,0.0001143439902,0.0001198347442,6.540029384e-05,9.258207251e-05,9.627853416e-05,0.0001014366279,3.500762461e-05,6.116667081e-05,1.678851067e-05,3.040563906e-05,2.893142803e-05,1.589691557e-05,2.736969996e-05,1.393870243e-05,2.775489458e-05,3.987089971e-05,0.0001037990449,0.0001047136573,0.0001021399739,7.245470108e-05,5.627551422e-05,9.812992975e-05,8.315608906e-05,8.344945426e-05,7.315616145e-05,0.0002427323403,0.0002064820794,0.0001047745922,4.815140382e-05,5.32391293e-05,9.409596015e-05,2.127032903e-05,9.055096276e-06,8.371915248e-06,1.478495123e-05,5.246563353e-06,2.890071603e-06,3.75377543e-06,3.187518489e-06,1.965555903e-06,1.108395999e-06,6.642023759e-07,4.630679331e-07,3.150829012e-07,1.757004957e-07,1.30741923e-07,9.018284472e-08,3.973691356e-08,2.177525941e-08,2.953425807e-08,9.353262461e-09,4.983446844e-09,3.204673032e-09,1.759182946e-09,8.047727606e-10,3.550955232e-10,1.957533689e-10,1.011860614e-10,5.160643035e-11,1.763669298e-11,1.183532934e-11,2.712423188e-12,1.650495613e-12,7.15660686e-07,1.253603392e-06,2.083384262e-06,3.082336928e-06,4.67786674e-06,8.515043758e-06,1.323137073e-05,1.865151208e-05,3.143691217e-05,4.663074274e-05,5.946184795e-05,7.682886923e-05,0.0001143922656,0.0001384068529,0.0001904523985,0.0001995337679,0.0001675794192,0.0003152211218,0.0005826468411,0.0003109828428,0.0005235685414,0.0009223236132,0.001243283146,0.0006322663514,0.002529882968,0.002626593178,0.001893265518,0.002782783221,0.01513512757,0.02531504516,0.007274743045,0.01214705611,0.02994060602,0,0.02409504362,0.02390611297,0.009896759526,0.001104466516,0.002529065966,0.001075080271,0.0009623935224,0.0005128908906,0.0008296944064,0.0006294394209,0.0004001241596,0.0002463348206,0.0004390232554,0.0002950784485,9.688437864e-05,0.0001096347157,6.855334249e-05,6.126667992e-05,4.217442495e-05,3.824973523e-05,2.728769783e-05,1.781363681e-05,1.45815306e-05,1.194236116e-05,7.712894708e-06,5.888109499e-06,3.913301922e-06,2.506285808e-06,1.307425123e-06,1.046255063e-06,6.483437322e-07,2.775357963e-07,2.187909002e-07,1.345617187e-07,6.925475027e-08,3.095943134e-08,2.213045695e-08,1.157336237e-08,5.02810942e-09,2.471834683e-09,1.576946886e-09,6.932642592e-10,3.918888627e-10,1.761493305e-10,1.031109456e-10,2.78545205e-11,1.382473051e-11,1.6478202e-12,8.252558411e-13
B:236,1.497544978e-08,2.673799888e-08,4.506921113e-08,6.976753467e-08,1.137965442e-07,2.070105168e-07,3.634543633e-07,6.150034083e-07,1.024479291e-06,1.456399835e-06,2.734063751e-06,4.651440137e-06,4.590678798e-06,6.282475722e-06,1.905048812e-05,2.523190624e-05,4.720844496e-06,2.980416797e-05,0.0001108071801,7.318974571e-05,0.000152517236,0.0002094204735,0.00036260432,0.0005545509446,0.0001076703978,0.000260410327,0.0003769832132,0.000190538624,0.0001543460448,0.0001683489942,0.0003873827757,5.571480005e-05,0.0001137266985,5.845354352e-05,3.385642121e-05,4.51411042e-05,1.677397355e-05,2.640057903e-05,1.77988839e-05,1.94511393e-05,2.845164956e-05,5.358154014e-05,2.808494283e-05,8.288530722e-05,8.489440434e-05,3.781429075e-05,5.686613268e-05,9.339602496e-05,7.879803848e-05,7.412674271e-05,0.0001425334783,0.0001141758018,6.912230209e-05,9.58057802e-05,4.97984751e-05,3.485720688e-05,5.026028049e-05,9.051937263e-06,5.005305944e-06,7.447668164e-06,5.768487151e-06,1.164028881e-06,1.303012658e-06,3.22386504e-06,1.720540768e-06,4.65633449e-07,3.903276038e-07,4.558661443e-07,1.770673762e-07,9.131677987e-08,1.173326899e-07,6.791717045e-08,2.366830199e-08,1.50256081e-08,2.389519328e-08,5.946771978e-09,3.146835244e-09,2.385547304e-09,1.104756901e-09,4.822543207e-10,2.193042161e-10,1.221234542e-10,5.356587259e-11,2.759910843e-11,1.002268619e-11,6.314124335e-12,1.351721209e-12,7.912278198e-13,2.915072626e-07,5.022994655e-07,7.957590204e-07,1.077560652e-06,1.607291707e-06,2.931282836e-06,4.308756997e-06,5.814930495e-06,1.028978203e-05,1.446018854e-05,1.744953343e-05,2.475253402e-05,3.61054142e-05,4.102040598e-05,6.357571814e-05,8.581003741e-05,5.696953759e-05,0.0001355941422,0.0002869845657,0.000210643723,0.0003255620571,0.0009662846967,0.000875457497,0.0005670549713,0.0009327094759,0.00181087093,0.001385554633,0.002230691837,0.006535232334,0.009409676028,0.006204701584,0.00570111665,0.03803550623,0.02409504362,0,0.02148010602,0.01742193381,0.01308808072,0.005103504163,0.00601311917,0.001693098791,0.002905471982,0.002182953801,0.001781427275,0.001609797711,0.0007311010012,0.001460698727,0.0009634421837,0.0005652040757,0.0005743697869,0.0004936405871,0.0002395834765,0.0002116229164,0.0001826360697,0.0001226929092,4.46849202e-05,5.407573937e-05,3.546147789e-05,1.668442908e-05,1.162407042e-05,8.709235784e-06,4.38410811e-06,1.898609174e-06,1.593654671e-06,9.24983337e-07,3.451561229e-07,2.478820066e-07,1.483610382e-07,6.991713897e-08,3.084546782e-08,2.002306809e-08,9.97378217e-09,4.023696128e-09,1.953350375e-09,1.14185678e-09,4.746216979e-10,2.79618847e-10,1.1136123e-10,6.151823138e-11,1.655700317e-11,7.874153753e-12,8.58499352e-13,4.052900839e-13
B:237,2.355651621e-07,4.227990901e-07,6.901062538e-07,1.036887801e-06,1.698353322e-06,2.932016331e-06,4.479310962e-06,7.355661021e-06,1.174817152e-05,1.436973041e-05,2.326407745e-05,4.425943171e-05,3.187368902e-05,3.270233809e-05,0.0001185070874,0.0001716474211,3.971749092e-05,0.0001068348901,0.0004874510477,0.0002447255474,0.001877500447,0.0006557916376,0.001125382384,0.001740920544,0.0001678151824,0.000471560421,0.0004661658303,0.0002152890897,0.0001801632217,0.0002310848659,0.000330915811,6.32867331e-05,0.0001531661895,0.0001242816457,3.973644788e-05,7.51266047e-05,3.865798407e-05,5.02414197e-05,5.190649202e-05,2.349555441e-05,2.231095246e-05,1.905593509e-05,2.488311122e-05,2.897975779e-05,2.949861173e-05,2.78352643e-05,0.0001078788203,5.822058954e-05,2.838338606e-05,3.206529718e-05,0.0002937119038,8.562910535e-05,5.426905329e-05,8.320449366e-05,0.0001266593754,4.151028207e-05,4.980490552e-05,1.684365107e-05,1.374310518e-05,2.380016048e-05,1.229134583e-05,8.522357026e-06,8.765265102e-06,1.011253218e-05,7.417839361e-06,4.090366787e-06,3.11552502e-06,2.382037683e-06,1.318176022e-06,9.205724192e-07,6.304791032e-07,4.23988605e-07,2.242952594e-07,1.429088169e-07,1.028983729e-07,4.560304944e-08,2.633354461e-08,1.493662696e-08,6.4079716e-09,3.852610062e-09,1.760460463e-09,9.041085107e-10,3.783919254e-10,2.249624696e-10,9.154424113e-11,5.406068237e-11,1.010346435e-11,5.235610086e-12,6.024798298e-07,9.614564997e-07,1.373866619e-06,1.421427847e-06,1.971644685e-06,3.604888178e-06,4.3146748e-06,3.933494973e-06,8.617398456e-06,1.017144717e-05,7.920853986e-06,1.57301989e-05,2.046309597e-05,1.053897021e-05,3.293711536e-05,8.901272675e-05,8.304860888e-05,7.579611252e-05,0.0002114176072,0.0001597725615,0.001375600567,0.0005259566268,0.0005370999824,0.0002115928792,0.001825054157,0.0009970169366,0.001425891859,0.0008209665615,0.00133089029,0.003317377244,0.01335254308,0.003542170295,0.01300552745,0.02390611297,0.02148010602,0,0.02227347842,0.01534426346,0.01812345233,0.01377324407,0.005301278641,0.002492389995,0.002425314203,0.001966157789,0.000701655624,0.0006342889301,0.0008781069928,0.0005487100437,0.0003695988217,0.0003743885843,0.0003773943986,0.0002180550526,0.0002257302276,0.0002141268879,0.0001794588588,6.133521824e-05,0.000102168543,7.163294246e-05,3.174304095e-05,3.113920128e-05,2.365598516e-05,1.141212475e-05,5.067178026e-06,5.7037016e-06,3.117279321e-06,1.167601174e-06,1.004304492e-06,6.145287002e-07,2.724042922e-07,1.523731163e-07,1.006238575e-07,4.948199862e-08,1.897070749e-08,1.183715572e-08,6.466979099e-09,2.550540715e-09,1.883877194e-09,7.599895344e-10,4.073397073e-10,1.023688398e-10,5.513356642e-11,6.724168739e-12,2.698379995e-12
B:238,3.243646763e-07,5.08344808e-07,7.406310665e-07,8.713835394e-07,1.150999072e-06,1.998684292e-06,2.967481512e-06,3.433599404e-06,5.805052823e-06,7.721232233e-06,1.026103384e-05,1.163459349e-05,1.893423119e-05,2.084877358e-05,3.765541558e-05,4.346284051e-05,0.000101256788,5.697740917e-05,0.000190255482,0.0001735343485,0.0006811198344,0.000413016816,0.0006906513756,0.001207321982,0.0005377874594,0.0007287204223,0.001059783448,0.0005777930217,0.0003560936113,0.0005689279851,0.001061543106,6.727503487e-05,0.000443322377,0.0002457478114,7.310909804e-05,0.0001447210473,7.370939012e-05,9.615833575e-05,0.0001109862318,4.777215411e-05,2.740083864e-05,4.455144562e-05,8.42027429e-05,4.370585624e-05,5.387799138e-05,7.820409325e-05,6.26177421e-05,3.905639861e-05,3.192194568e-05,4.4426326e-05,6.278949074e-05,8.563756006e-05,0.0001148223509,0.0001178879983,6.285851555e-05,0.0001114710593,0.0001764091336,3.113167885e-05,4.73163078e-05,6.525806933e-05,3.300517549e-05,2.764631665e-05,2.277438087e-05,1.651037566e-05,1.204354308e-05,7.921555019e-06,5.34523173e-06,3.650660555e-06,1.879578539e-06,1.365622467e-06,7.823496899e-07,4.904230024e-07,2.802093861e-07,1.752765795e-07,1.041762931e-07,4.781084629e-08,2.778610509e-08,1.548674658e-08,5.878625498e-09,3.737713032e-09,1.728972062e-09,9.017218285e-10,3.345385052e-10,2.093658523e-10,8.976799669e-11,5.156465315e-11,9.987195809e-12,5.317134736e-12,7.414193236e-07,1.175269068e-06,1.666053291e-06,1.910708205e-06,2.649712205e-06,4.478116e-06,5.567255658e-06,6.63120116e-06,1.162728467e-05,1.277462638e-05,1.284351639e-05,2.204975805e-05,2.257090565e-05,1.58657072e-05,3.884862791e-05,5.279174533e-05,2.533408668e-05,6.063366752e-05,0.0001053030051,4.936600721e-05,0.001212013822,0.0002443428098,0.0001671242104,0.0002644338323,0.0002801745672,0.0008415244409,0.0006936876386,0.00104078909,0.003542954919,0.003434282303,0.002061826076,0.001902991775,0.006622811025,0.009896759526,0.01742193381,0.02227347842,0,0.02740098239,0.01226764685,0.01529124266,0.005772161086,0.007651697099,0.004872138854,0.00392477327,0.00251507411,0.001505972994,0.002981898921,0.00212131869,0.001112750469,0.001479001475,0.001470671022,0.0007338991872,0.0006696974755,0.0006991995154,0.0005254475802,0.0001273997489,0.0002656130625,0.0001765344342,6.373782867e-05,5.759802643e-05,5.076516788e-05,2.173974834e-05,7.801403784e-06,1.02723393e-05,5.589941583e-06,1.734233016e-06,1.466369775e-06,9.900207481e-07,4.043667477e-07,2.022112005e-07,1.426174962e-07,7.008279323e-08,2.463185575e-08,1.551248447e-08,8.600718815e-09,3.260694802e-09,2.204049526e-09,9.576173833e-10,4.962386826e-10,1.215447568e-10,6.498958317e-11,7.006303141e-12,3.0720743e-12
B:239,8.454505918e-07,1.396692752e-06,2.11445918e-06,2.740991623e-06,3.946682226e-06,6.768360958e-06,9.469978079e-06,1.232411241e-05,1.99452773e-05,2.426731491e-05,2.972715431e-05,4.533612653e-05,4.196929318e-05,3.778954286e-05,9.046023877e-05,0.000136808607,0.0001038607838,9.631378215e-05,0.0002846692753,0.0002635261201,0.001575644174,0.0003982559162,0.0005910114898,0.001446622833,0.0005377162637,0.0003890098805,0.0005290898006,0.0002878956592,0.0002114746968,0.0002085367012,0.0008139947955,9.602196647e-05,0.0002882725646,0.0001550569549,4.553469307e-05,7.330550446e-05,6.296045675e-05,6.604418379e-05,3.010059369e-05,3.402508007e-05,2.294481742e-05,8.426618172e-05,0.0003324127492,0.0004057726372,8.182805031e-05,8.441586234e-05,0.0009896245897,0.0003849909595,5.952937524e-05,0.0001045426165,0.0001392375251,0.00010663015,5.108608955e-05,6.138352381e-05,6.825247281e-05,4.241889734e-05,0.0001470577987,1.396986717e-05,1.728730136e-05,4.621231222e-05,4.127528008e-05,1.953198261e-05,1.970191003e-05,2.770934029e-05,2.125530098e-05,1.066796071e-05,8.224465776e-06,6.682868594e-06,3.537228911e-06,2.474781604e-06,1.699311801e-06,1.130397412e-06,6.084375842e-07,3.879758413e-07,2.661248768e-07,1.211542544e-07,7.03458698e-08,3.948187719e-08,1.654476939e-08,1.022443185e-08,4.686927378e-09,2.408239749e-09,9.904290836e-10,5.983922583e-10,2.484210612e-10,1.458100612e-10,2.707812377e-11,1.39531354e-11,6.937294656e-06,1.031545641e-05,1.395767907e-05,1.342816103e-05,1.833450103e-05,2.974055675e-05,3.09716769e-05,3.169964183e-05,5.684334793e-05,4.936501078e-05,4.575091455e-05,0.0001887943065,6.315707376e-05,4.548649245e-05,0.0002263472331,0.0007252322598,0.0006738951876,0.0004257153019,0.0005276338981,0.0007043901028,0.01342380714,0.001382083319,0.0004826544467,0.0004580918551,0.001703822937,0.001880204448,0.0003752026548,0.0009152216257,0.001087364827,0.001509220684,0.00127635497,0.0009490965754,0.005092373485,0.001104466516,0.01308808072,0.01534426346,0.02740098239,0,0.01393020548,0.01951847362,0.006316548727,0.007889973241,0.01065920778,0.00470713016,0.001647994977,0.0009934788582,0.003586203896,0.001724008006,0.00130812848,0.001443362263,0.001248380407,0.0007907115157,0.0009224518416,0.0007568088629,0.0005559529437,0.000209655017,0.00036573893,0.0002259002238,9.473601059e-05,9.704945853e-05,7.560915956e-05,3.338299103e-05,1.467365067e-05,1.726398545e-05,9.254398091e-06,3.287815175e-06,2.8649762e-06,1.786389853e-06,7.643635805e-07,4.236618625e-07,2.853230685e-07,1.392498674e-07,5.186314229e-08,3.316556061e-08,1.80989783e-08,7.002246848e-09,5.150730703e-09,2.133837915e-09,1.130309807e-09,2.791974615e-10,1.524663882e-10,1.828167159e-11,7.38875714e-12
B:240,1.318119723e-05,1.935586638e-05,2.631014697e-05,2.686634886e-05,3.359438141e-05,5.501565841e-05,6.554455931e-05,6.440790584e-05,0.0001017149205,0.0001039556852,0.000108877251,0.0002945417015,0.0001098039936,0.0001097514123,0.0004100167167,0.001289871346,0.001599708572,0.0004748069632,0.001381390327,0.002464276623,0.02318406553,0.004286948927,0.003334579467,0.01269348771,0.0050950674,0.001893276906,0.001657964669,0.002212191101,0.001267587849,0.0009716318686,0.0009019007085,9.091705546e-05,0.0007066052547,0.0005140450018,0.0001839458046,0.0002256687861,9.627211102e-05,0.0001365813811,0.0006736300752,4.444931364e-05,4.326027789e-05,4.106170822e-05,0.0007386870602,0.0001772441566,0.0001679993591,0.0009014773218,0.000116475024,9.871558546e-05,0.0001198482135,0.0001077605803,0.0001188198147,6.53253657e-05,5.700063183e-05,5.644636702e-05,5.792200277e-05,9.177202361e-05,0.0001597101081,4.383102889e-05,5.759026552e-05,6.507976819e-05,2.761572469e-05,5.442679495e-05,3.733881937e-05,1.960521337e-05,1.88694915e-05,1.816824786e-05,1.167735858e-05,7.993119556e-06,4.739729888e-06,3.923733032e-06,1.962146026e-06,1.379733826e-06,9.246689975e-07,6.002627876e-07,3.02399998e-07,1.707133412e-07,1.051385911e-07,5.477881142e-08,2.189085603e-08,1.545910028e-08,7.313481974e-09,3.933049357e-09,1.493041993e-09,9.836710022e-10,4.425361262e-10,2.635019741e-10,5.392935176e-11,2.878318791e-11,7.527882466e-07,1.191279211e-06,1.752006201e-06,2.005986488e-06,2.670422815e-06,4.604116072e-06,6.001246756e-06,6.673223793e-06,1.08409397e-05,1.283536861e-05,1.234536016e-05,2.493306239e-05,1.765507461e-05,1.49204451e-05,2.614199368e-05,0.0001039373059,2.806014155e-05,5.055275814e-05,7.692031666e-05,5.829275667e-05,0.0009804510881,0.000154237097,0.0001781888755,0.0001953281116,0.0003536380891,0.000382027324,0.0001055391436,0.001588071523,0.0005831550255,0.001318939495,0.001180162287,0.0007497269078,0.003810433112,0.002529065966,0.005103504163,0.01812345233,0.01226764685,0.01393020548,0,0.014034941,0.005354268885,0.008870450334,0.0131692305,0.01085289708,0.002463831959,0.002540109721,0.00165735019,0.005148317849,0.0007758462193,0.001412397788,0.001606078496,0.0007633630116,0.0008449755737,0.001008441874,0.0007600987703,0.0001466276597,0.0005273823803,0.0003490783073,0.0001161692422,0.0001283420258,0.000133557327,5.44112775e-05,1.921471367e-05,3.173559487e-05,1.788669955e-05,4.938915711e-06,5.000181133e-06,3.678159202e-06,1.48096298e-06,6.941815142e-07,5.898709358e-07,2.95540783e-07,1.008608491e-07,6.779384153e-08,4.053224771e-08,1.525918953e-08,9.959642931e-09,4.898698783e-09,2.591412164e-09,6.151894746e-10,3.407518778e-10,3.820470746e-11,1.696193886e-11
B:241,1.219849643e-06,2.039448965e-06,3.064761413e-06,4.058571478e-06,6.007379747e-06,1.02359621e-05,1.377256744e-05,1.890073536e-05,3.113292823e-05,3.677253477e-05,4.374857608e-05,7.135522676e-05,6.807074911e-05,5.550629955e-05,0.0001624892687,0.0001813748231,0.0001758887989,0.0001658062332,0.0006463853712,0.0002616452555,0.00242758117,0.0006256630233,0.00152839034,0.004095761472,0.0004204808444,0.0005825027151,0.001402465314,0.00151581405,0.000435481612,0.0004731521356,0.001192944229,7.915683473e-05,0.0003551941167,0.0003478052566,7.490091378e-05,0.0001547049211,9.057381788e-05,0.0001076584349,0.0001444023408,5.851939408e-05,4.871015807e-05,5.285822282e-05,9.996730322e-05,0.0001170077889,7.869670217e-05,6.021634781e-05,0.0001702584864,8.771569153e-05,8.814562283e-05,9.338055506e-05,0.0001730215612,9.344612805e-05,0.0001328761018,0.0003491760397,9.631393642e-05,0.000142058111,0.0002592076437,3.054948794e-05,7.449203017e-05,7.892812306e-05,2.74944785e-05,7.004659397e-05,5.189413513e-05,2.032681244e-05,2.05236248e-05,2.609457763e-05,1.664633e-05,1.074140689e-05,6.882929798e-06,6.134237838e-06,2.743211143e-06,2.013543694e-06,1.511390111e-06,9.994466368e-07,4.516682783e-07,2.827369243e-07,1.809689367e-07,9.060516316e-08,3.683609092e-08,2.762928197e-08,1.334270516e-08,7.36675714e-09,2.766365626e-09,1.894719087e-09,8.839407061e-10,5.368647366e-10,1.163377692e-10,6.296883628e-11,8.349220019e-07,1.336265802e-06,1.954049262e-06,2.210621902e-06,3.044462357e-06,5.403551803e-06,7.219616029e-06,7.858314037e-06,1.468691475e-05,1.824089746e-05,1.903803316e-05,2.820262006e-05,3.837998895e-05,2.994584902e-05,5.408643826e-05,0.0001048513272,7.998866908e-05,6.252377786e-05,0.0002242857972,0.0001090483625,0.001498507294,0.0007754173336,0.0006283531299,0.0005323193723,0.0006459234963,0.0005928395124,0.00041332428,0.001757277342,0.0005648043554,0.0007697818043,0.001356249847,0.0008984066237,0.002907572899,0.001075080271,0.00601311917,0.01377324407,0.01529124266,0.01951847362,0.014034941,0,0.006601899723,0.0071142946,0.008043129819,0.01753934979,0.009345290797,0.003455093062,0.003868876885,0.002758464947,0.002488873877,0.001763459677,0.001908380123,0.0007846139304,0.000793533858,0.001200068222,0.0008871103159,0.0001612101633,0.0005844119228,0.0004669155296,0.000150898318,0.0001667461978,0.0001864143037,8.255155751e-05,2.67788694e-05,4.966560259e-05,2.90375537e-05,7.782542653e-06,8.316315436e-06,6.477395791e-06,2.645697086e-06,1.169899588e-06,1.10292984e-06,5.642313846e-07,1.913834852e-07,1.310206492e-07,8.221234989e-08,3.114690075e-08,1.957354155e-08,1.038497368e-08,5.582333353e-09,1.308869509e-09,7.33398566e-10,8.322404027e-11,3.79305467e-11
B:242,5.13070045e-07,8.245475177e-07,1.182052375e-06,1.430815213e-06,1.959474035e-06,3.397557966e-06,4.231155812e-06,5.023025269e-06,8.749189111e-06,1.116439927e-05,1.016258778e-05,1.399384039e-05,2.172360826e-05,2.300898628e-05,3.445082023e-05,3.588629677e-05,7.057517365e-05,7.34055342e-05,0.0001519511903,0.0001672282531,0.000349865868,0.000220821703,0.0004617251949,0.003589169154,0.0002688170377,0.0002570759732,0.001399055834,0.003631064159,0.0002386933343,0.0001445473934,0.0003384568094,0.0002369725875,8.30388199e-05,0.0001445057829,3.661816896e-05,4.951970025e-05,4.60362537e-05,4.351786226e-05,4.578457445e-05,3.322977653e-05,3.947133341e-05,0.000102671045,0.0002218575102,0.0005513531898,9.500060847e-05,0.001198896737,0.003836144588,0.0003985226519,0.0003982717641,0.0002128299716,0.0004494185126,0.0001464163302,4.335503426e-05,0.0001208755806,0.0002184957154,7.299452045e-05,0.0001081147339,1.788351727e-05,1.098131518e-05,5.066115504e-05,2.147165819e-05,1.757536341e-05,1.808402876e-05,1.908449086e-05,2.050877615e-05,1.5829106e-05,1.224586727e-05,9.227339098e-06,6.978863595e-06,5.78028683e-06,3.091170215e-06,2.815601081e-06,1.884184196e-06,1.28003299e-06,7.030641332e-07,4.727906927e-07,2.987974874e-07,1.438933852e-07,7.571957833e-08,5.323156815e-08,2.510771425e-08,1.352525209e-08,6.319997688e-09,4.041804135e-09,1.756449918e-09,1.127673319e-09,2.280741938e-10,1.162385556e-10,4.275598434e-06,5.779417774e-06,7.611984841e-06,6.768302429e-06,6.65271134e-06,1.318257925e-05,1.629390604e-05,1.366257001e-05,2.129722425e-05,3.450718038e-05,2.702629065e-05,6.352402851e-05,7.182579167e-05,8.301935796e-05,7.756509302e-05,0.0003293669745,0.001240073893,0.0002786038394,0.0003848130267,0.0007152716154,0.01431016218,0.001660331455,0.001724250012,0.01883806983,0.01469970896,0.002345421995,0.001639176025,0.01458565346,0.0009153363436,0.0004606913964,0.01522402392,0.002332767385,0.001119001793,0.0009623935224,0.001693098791,0.005301278641,0.005772161086,0.006316548727,0.005354268885,0.006601899723,0,0.004959145126,0.004930927565,0.005493947709,0.01298066217,0.006625830369,0.001578449327,0.00286519548,0.0003579514344,0.001278994089,0.0005984783109,0.0002103850699,0.0003338856026,0.0002564413664,0.0001744713874,5.863403798e-05,0.0001774586843,0.0001025844465,5.208401785e-05,7.866839581e-05,6.931954713e-05,3.303331278e-05,1.620064999e-05,2.706449106e-05,1.56768745e-05,5.368731002e-06,6.566552171e-06,4.559044839e-06,2.073913956e-06,1.124579457e-06,1.016802674e-06,5.255159647e-07,1.997044933e-07,1.451336664e-07,8.970906885e-08,3.580614846e-08,2.65886523e-08,1.322390952e-08,7.493962555e-09,1.767360843e-09,1.044012514e-09,1.499918137e-10,5.793050805e-11
B:243,5.995482374e-06,9.350345042e-06,1.338120246e-05,1.641430437e-05,2.138859392e-05,3.543929749e-05,4.211242086e-05,4.955744548e-05,7.568590323e-05,9.147696328e-05,7.653685873e-05,0.000130215171,0.0001257741,0.0001168527832,0.0002691998234,0.0003242292843,0.000224728595,0.0005037902269,0.00106642152,0.0002639918985,0.003753822238,0.001307474001,0.001478191056,0.01018663849,0.02052595214,0.002306497028,0.006693958137,0.00677512115,0.002378668679,0.002739458104,0.001085482085,0.0001701631353,0.0003773955935,0.0002957563174,0.0003863993318,0.0004792190973,9.911030053e-05,0.0001034335816,0.0006819215632,4.838041671e-05,0.0001011918767,0.0001019702235,0.001140118548,0.0001658618474,0.000273723951,0.004146688293,0.00170460089,0.0001221911472,0.0002144744063,0.0006475219798,0.0003116879947,6.939310341e-05,6.142208713e-05,0.0001163345176,0.0001505891675,4.757996311e-05,8.470249357e-05,3.100116085e-05,3.093155772e-05,5.150995432e-05,2.658097961e-05,5.733467315e-05,3.911399969e-05,2.937300213e-05,2.436022967e-05,3.059247331e-05,2.201766227e-05,1.509687495e-05,1.101758755e-05,9.82685515e-06,4.721068892e-06,3.741573753e-06,3.031743127e-06,2.079443585e-06,9.533264907e-07,6.721019401e-07,4.490662274e-07,2.175304249e-07,1.04491385e-07,7.773802232e-08,3.871994509e-08,2.225000682e-08,9.204136236e-09,6.342717198e-09,3.01664079e-09,1.944334076e-09,4.379540153e-10,2.344728712e-10,6.367295587e-07,9.576192482e-07,1.330948555e-06,1.247512991e-06,1.559520731e-06,2.621378194e-06,3.365962001e-06,2.688588667e-06,4.623828995e-06,6.013685213e-06,6.942678092e-06,2.252851728e-05,1.574161981e-05,2.034257764e-05,2.278032716e-05,0.0002121572599,0.000379197951,4.588949993e-05,6.476114776e-05,0.0002776942273,0.001262573738,0.0001396483864,0.0002464490275,0.000952794566,0.0003637127474,0.000241197964,0.0001513487009,0.003792537597,0.0001471265819,0.0002994583048,0.0003658937216,0.0005542845068,0.00143797347,0.0005128908906,0.002905471982,0.002492389995,0.007651697099,0.007889973241,0.008870450334,0.0071142946,0.004959145126,0,0.02527825138,0.00723800616,0.01113875192,0.01080426644,0.0100010908,0.002778013565,0.001629096947,0.001361762356,0.002444871218,0.0005829079425,0.0008240755359,0.0008337246558,0.0005657140956,0.000199975398,0.0006213279042,0.0003771526639,0.0001343401147,0.0002287071647,0.0002224545576,9.033707486e-05,3.804353809e-05,7.678070831e-05,4.285219132e-05,1.160048558e-05,1.533277336e-05,1.192166683e-05,4.907026003e-06,2.308506712e-06,2.428075826e-06,1.252954753e-06,4.373014799e-07,3.29267281e-07,2.130610532e-07,8.190542217e-08,5.363897645e-08,3.12316772e-08,1.736812831e-08,3.916555165e-09,2.361645571e-09,3.045472601e-10,1.331206227e-10
B:244,3.034786763e-06,4.814172881e-06,6.57428107e-06,7.872192896e-06,1.092397739e-05,1.82702201e-05,1.950578708e-05,2.613914546e-05,4.410954753e-05,4.925871157e-05,3.626224642e-05,8.533732353e-05,8.190634634e-05,7.290305932e-05,0.0001933095214,0.0002336812786,0.0002988902931,0.0003128534573,0.0008720541589,0.000885764227,0.00366101948,0.0004563646757,0.001690597228,0.01313700258,0.00517973416,0.0007270789177,0.002408011061,0.006454874314,0.00124970958,0.0003384202342,0.0009704748464,0.0005528064901,0.0003278101665,0.0003900430756,8.215546892e-05,0.0001547575097,0.0001155354589,9.139725101e-05,0.0002140076845,5.033812585e-05,0.0001527126891,4.03830695e-05,0.000480706057,9.020889192e-05,8.693103444e-05,0.0003353024052,0.0001646183099,0.0001975632644,0.0001343351351,0.0006176610172,5.291977938e-05,0.0001185922464,0.0002180055389,0.0002746532078,9.959597622e-05,8.737101928e-05,0.0004603401403,3.819923438e-05,5.762736563e-05,7.529820301e-05,5.379589538e-05,0.0001016420832,6.329814203e-05,2.776787563e-05,3.466305805e-05,5.682904451e-05,3.699497399e-05,2.631325725e-05,1.964808029e-05,1.988370903e-05,8.825694849e-06,7.525962136e-06,6.422687349e-06,4.552310528e-06,1.948535422e-06,1.50588378e-06,1.028014808e-06,4.80724651e-07,2.409424296e-07,1.860815446e-07,9.338451188e-08,5.465326641e-08,2.286840905e-08,1.609636461e-08,7.780178215e-09,5.11074031e-09,1.18074108e-09,6.32858317e-10,5.305470761e-07,8.356191935e-07,1.216545309e-06,1.601608397e-06,2.131275796e-06,3.415771623e-06,4.873763507e-06,6.770096084e-06,8.934294286e-06,1.078730588e-05,1.52010197e-05,2.173881383e-05,1.552341861e-05,2.027331083e-05,4.497569117e-05,5.216125504e-05,0.0001110044141,5.533190488e-05,0.0001391754038,0.0001819232515,0.000449095258,0.0002381180979,0.0002581785367,0.000964296218,0.0002084357904,0.0002518929394,0.0003316748192,0.004557674302,0.0003909624281,0.0002472698197,0.0002909716642,0.0005670953177,0.001332541155,0.0008296944064,0.002182953801,0.002425314203,0.004872138854,0.01065920778,0.0131692305,0.008043129819,0.004930927565,0.02527825138,0,0.0144461103,0.01046820136,0.007613845988,0.01010198333,0.01294175032,0.003525026704,0.00158302047,0.001607082775,0.002713504224,0.001050991774,0.001479578291,0.00130678594,0.0002655319143,0.001070465337,0.000812844323,0.0002419484031,0.0003502165107,0.0004617466859,0.0001908720369,6.693927398e-05,0.0001530848817,9.584202257e-05,2.286996007e-05,3.250797468e-05,2.688788813e-05,1.132177164e-05,4.870605226e-06,5.700108807e-06,3.018497221e-06,1.032831814e-06,7.899879065e-07,5.35334374e-07,2.066105061e-07,1.313481488e-07,8.108180484e-08,4.589457157e-08,1.014565544e-08,6.188392803e-09,8.212255451e-10,3.59261021e-10
B:245,9.019602418e-07,1.583546371e-06,2.482270909e-06,3.640123988e-06,5.759734369e-06,9.86393376e-06,1.3452531e-05,2.129487861e-05,3.444939512e-05,4.214230598e-05,5.133400147e-05,9.887720255e-05,8.700367558e-05,7.81986184e-05,0.0002072496543,0.0002685993699,0.0001017234894,0.0002051471971,0.0007819410288,0.0002040227514,0.002404196276,0.0005363971555,0.001161497607,0.003771170031,0.0003671738154,0.0008527830265,0.0008374747397,0.003874381332,0.0008669928242,0.0009667506109,0.004513296685,0.0001633076783,0.0006678369939,0.0007259739169,0.0001824120411,0.0003852099201,0.0002212280302,0.0002197621059,0.0002305066842,8.633317399e-05,4.99700618e-05,4.845543247e-05,8.268223547e-05,0.0001320514038,0.0001222497833,0.0004087580207,8.86329375e-05,0.0001118813821,0.0002817739478,0.0003275011124,0.0001392818632,0.0001675716681,0.0003401666136,0.001804616748,9.181948106e-05,0.0002095931474,0.0007767697778,7.496554626e-05,0.0001452354253,0.0001745728615,7.787110833e-05,0.0001759757883,0.0001426093164,7.448101575e-05,6.245760785e-05,0.0001077618445,7.848022211e-05,5.399477261e-05,3.897632863e-05,3.88168722e-05,1.749807406e-05,1.443010829e-05,1.278887313e-05,9.214954232e-06,3.9939581e-06,2.997551945e-06,2.090968906e-06,9.884951148e-07,4.933966914e-07,3.854868699e-07,1.982394979e-07,1.192830499e-07,4.856446327e-08,3.515537278e-08,1.746155549e-08,1.162424803e-08,2.851152014e-09,1.556988353e-09,8.633298402e-07,1.430638659e-06,2.231199939e-06,3.075632391e-06,4.327529962e-06,7.754528176e-06,1.125234843e-05,1.498523877e-05,2.364256469e-05,3.412874385e-05,3.913634457e-05,5.033419658e-05,6.532428437e-05,7.536606452e-05,0.0001102779861,0.0001129756903,7.566859438e-05,0.000112452756,0.0003632434945,9.371351329e-05,0.0002331127304,0.0004837486261,0.0008754050363,0.001772373255,0.001524726136,0.0008193472855,0.0002970866506,0.009699455385,0.0004634047324,0.0002503177622,0.0008358035251,0.0006851467821,0.0008023541292,0.0006294394209,0.001781427275,0.001966157789,0.00392477327,0.00470713016,0.01085289708,0.01753934979,0.005493947709,0.00723800616,0.0144461103,0,0.02163531691,0.006231509252,0.01074069799,0.01351205668,0.008943104036,0.004405658628,0.003739041669,0.001502574723,0.003172432392,0.002781740465,0.002084826451,0.0005047658465,0.001710893596,0.001503949266,0.0005378559677,0.0007098955802,0.0007965083735,0.0004095792973,0.0001406675351,0.0003071748008,0.0001903585759,5.112846297e-05,6.832807084e-05,5.686207114e-05,2.474666679e-05,1.057529886e-05,1.253199113e-05,6.726095191e-06,2.359543013e-06,1.787305686e-06,1.230836701e-06,4.833107283e-07,3.007676997e-07,1.921697482e-07,1.101603835e-07,2.434665852e-08,1.490117485e-08,1.991997217e-09,8.9571119e-10
B:246,8.675637145e-07,1.465650366e-06,2.246122051e-06,3.144944308e-06,4.599586846e-06,7.757119175e-06,1.006706098e-05,1.426770238e-05,2.200027963e-05,2.774939437e-05,2.736647462e-05,4.652303408e-05,4.697150464e-05,4.728743413e-05,7.894468915e-05,9.866008053e-05,8.482035566e-05,0.0001373973125,0.000326726261,0.0001701927838,0.0009033734338,0.0003777932583,0.0006269056486,0.003949195818,0.00121751834,0.0003368510944,0.002402234171,0.008892831471,0.0003534343902,0.0006342169571,0.001607318812,0.0002729795242,0.0002081171572,0.0002778883943,7.924556916e-05,0.0001616505807,0.0001177202,8.55457963e-05,3.701551158e-05,4.631293114e-05,6.779628198e-05,9.58556834e-05,0.0002278695406,0.0004024049813,0.0004077727596,0.000221482952,0.001279424919,0.0007942097494,0.0008619989128,0.002332513933,0.0001469315114,0.000331575199,0.0001397959471,0.002811648956,0.0002953802785,9.873992234e-05,0.0003589692962,0.0001042076045,0.0001085386804,6.750659597e-05,5.609391292e-05,7.845768127e-05,5.232787687e-05,6.855281247e-05,5.728550305e-05,6.164072575e-05,5.574687443e-05,4.299659465e-05,3.542203989e-05,3.187189905e-05,1.643044736e-05,1.492059483e-05,1.318438603e-05,9.533092156e-06,4.499079397e-06,3.638391415e-06,2.553776554e-06,1.175549108e-06,6.858080914e-07,5.179527576e-07,2.683599784e-07,1.623565424e-07,7.412244147e-08,5.265945777e-08,2.581507499e-08,1.784190362e-08,4.337626163e-09,2.318843407e-09,1.110767673e-06,1.628234719e-06,2.11987033e-06,2.293275552e-06,2.675960038e-06,4.426245715e-06,4.667689247e-06,4.979557132e-06,7.469459875e-06,9.741321438e-06,8.91892064e-06,1.421289631e-05,1.287549263e-05,2.464616851e-05,4.269889546e-05,4.952269902e-05,8.270853959e-05,0.0001667542354,0.0001396140753,0.0004595605265,0.002065244342,0.0002350000636,0.0007861475455,0.01404613174,0.00488450425,0.0007036915604,0.0007641515555,0.01493170403,0.0005862186849,0.0002331087136,0.002722506986,0.001846609514,0.0004956415831,0.0004001241596,0.001609797711,0.000701655624,0.00251507411,0.001647994977,0.002463831959,0.009345290797,0.01298066217,0.01113875192,0.01046820136,0.02163531691,0,0.00980180058,0.008685311149,0.008266858894,0.01342755427,0.0083467941,0.002908275552,0.001472112563,0.001424686477,0.002242536183,0.001036279108,0.0004060750334,0.001057247179,0.0005865448532,0.0003501197952,0.0005187832988,0.0004763118044,0.0002119986152,0.0001145678185,0.0002262599816,0.0001310246199,3.826294917e-05,5.986128017e-05,4.695755732e-05,2.085203929e-05,1.003502577e-05,1.212523327e-05,6.491186725e-06,2.38804038e-06,1.953354092e-06,1.334087121e-06,5.332024586e-07,3.576816107e-07,2.362539562e-07,1.388112435e-07,2.975400986e-08,1.941290508e-08,2.930163862e-09,1.24075796e-09
B:247,2.030060832e-06,3.39714233e-06,5.205594684e-06,7.580278147e-06,1.133990145e-05,1.815421801e-05,2.410904193e-05,3.61768193e-05,5.590388884e-05,6.378959814e-05,7.058531449e-05,0.0001195769562,0.0001283189807,0.0001094930602,0.0001895932113,0.0002260295941,0.0001689471819,0.0004183240837,0.0005424038999,0.0003854815192,0.001731349003,0.001140666533,0.0007775005348,0.00996643381,0.003189183342,0.003028664905,0.01180272283,0.007223472683,0.003640270337,0.002777599836,0.01394093549,0.0007760257942,0.0005829599976,0.0008578659816,0.002119895251,0.0009950262092,0.0003561667296,0.0004868142395,0.001269382243,0.0001378327537,0.0003428256384,4.540106197e-05,0.0001450901587,0.0001767747441,0.0002223086052,0.0003485337992,0.0004985129101,8.31405827e-05,0.0002067953454,0.0009548850865,0.0001032402889,8.846643852e-05,0.0002632774355,0.0005431473339,0.0001406227704,7.58941608e-05,0.0006530776512,6.793875523e-05,5.786102726e-05,0.0001249197656,0.0001441460426,6.932414511e-05,5.257478761e-05,4.148149767e-05,3.389584036e-05,5.296583682e-05,3.999498169e-05,2.997599384e-05,2.75543485e-05,3.229126678e-05,1.530835188e-05,1.418550453e-05,1.556859681e-05,1.216131941e-05,5.188427941e-06,4.869268759e-06,3.72155017e-06,1.650456734e-06,1.06290212e-06,8.365822204e-07,4.499557709e-07,2.877771744e-07,1.347289789e-07,9.936863819e-08,5.029348742e-08,3.643000854e-08,9.349207019e-09,5.017192461e-09,2.623021746e-07,4.340160623e-07,6.444353694e-07,8.008946089e-07,1.148193198e-06,2.007734953e-06,2.818752264e-06,3.255739494e-06,5.777950536e-06,8.489763007e-06,1.052103006e-05,1.017363498e-05,2.011645881e-05,2.892170739e-05,3.627759188e-05,3.399292595e-05,0.0001294922758,7.693271027e-05,0.0001015869965,5.540996303e-05,0.0007599962155,0.0001399690385,0.0004475090021,0.001579468544,0.001843972432,0.000475148017,0.0004217809143,0.005050066604,0.0002332810137,0.0001099208661,0.0007985505231,0.0008459992711,0.0003315624116,0.0002463348206,0.0007311010012,0.0006342889301,0.001505972994,0.0009934788582,0.002540109721,0.003455093062,0.006625830369,0.01080426644,0.007613845988,0.006231509252,0.00980180058,0,0.009775412729,0.006732726392,0.00616293955,0.008624301407,0.006832481737,0.002459719369,0.001218500599,0.001126379974,0.002180798202,0.0005461375463,0.0009052707421,0.0007926168655,0.0002819913717,0.0005220273914,0.0005611417353,0.0002346387986,0.0001042937286,0.0002913574867,0.0001736908501,3.917217136e-05,7.999876368e-05,7.07369597e-05,2.996187609e-05,1.299222985e-05,1.966995206e-05,1.080140359e-05,3.788046431e-06,3.352674776e-06,2.452956401e-06,9.712938952e-07,6.274711649e-07,4.693006293e-07,2.822329548e-07,5.752370654e-08,3.947150993e-08,6.264891624e-09,2.639023927e-09
B:248,2.850582384e-07,5.139238008e-07,8.363575216e-07,1.287498948e-06,2.104325087e-06,3.82150784e-06,5.612201648e-06,9.288303735e-06,1.616145103e-05,2.267819113e-05,2.752505592e-05,5.278819007e-05,6.601479476e-05,7.242289899e-05,0.0001076925469,0.0002085740815,0.0001062832251,0.0001809072253,0.0004187633092,0.0003886604897,0.0004999399346,0.0006593550194,0.0008857818466,0.0007956184863,0.001152803001,0.001673740257,0.001257571368,0.001251154892,0.001562216798,0.001541299735,0.006112966492,0.0002754643089,0.0003943754376,0.0008703344942,0.0005569709998,0.0004721247655,0.0003845545626,0.0003910762076,0.0005658120613,0.0001806240539,0.0001591135779,3.95241864e-05,0.0001416906232,5.060493809e-05,8.636358329e-05,0.0002770465976,4.36977781e-05,0.0001351761674,0.0001733167728,0.0001075113966,9.268034036e-05,0.0003241654804,0.0003277048584,0.0003605062263,0.0001494046267,0.0002018037189,0.002390516862,0.0001173154387,0.0001436036768,0.0004437948371,0.0004675313305,0.0004076354833,0.0002324390427,0.0001182892928,0.0001180496093,0.0002487949975,0.0001478495774,9.744660903e-05,0.0001048753431,0.0001183512862,4.574112023e-05,4.639838135e-05,5.126322927e-05,3.835972613e-05,1.454474911e-05,1.506337025e-05,1.121387724e-05,4.691548621e-06,3.018331795e-06,2.478092129e-06,1.318819532e-06,8.320443051e-07,3.888812084e-07,2.914266427e-07,1.485215698e-07,1.067181438e-07,2.753973386e-08,1.479420461e-08,1.826652186e-07,3.158420054e-07,5.09839703e-07,7.458095599e-07,1.116596269e-06,2.044245721e-06,3.191311151e-06,4.835634671e-06,7.706485622e-06,1.165894767e-05,1.575544185e-05,2.475702236e-05,2.756554271e-05,3.851565981e-05,5.979870324e-05,9.198841809e-05,3.185709504e-05,8.795264479e-05,0.0002062964449,0.0001023707259,0.0001320238626,0.0002907427437,0.0005046877667,0.0003319212377,0.0009636325764,0.0007401243726,0.0003069900332,0.0055013511,0.0008541324903,0.0001666196734,0.0003687993538,0.0009626416529,0.0003309278654,0.0004390232554,0.001460698727,0.0008781069928,0.002981898921,0.003586203896,0.00165735019,0.003868876885,0.001578449327,0.0100010908,0.01010198333,0.01074069799,0.008685311149,0.009775412729,0,0.0212334715,0.008396818775,0.008302657696,0.0138139078,0.0126203435,0.003652022214,0.00292229919,0.002690657847,0.001659292964,0.002448320558,0.002111879782,0.0008325273734,0.001053951336,0.001634458886,0.0008214114591,0.0002776572932,0.0007401053382,0.0005558384712,0.0001217167591,0.0002208910221,0.000202632324,9.486113544e-05,3.670449307e-05,5.693350144e-05,3.230820204e-05,1.13541096e-05,9.694537746e-06,7.287251163e-06,2.925819296e-06,1.832168812e-06,1.395956e-06,8.496833647e-07,1.720262243e-07,1.165917122e-07,1.864124154e-08,7.946452094e-09
B:249,2.458150008e-07,4.532797209e-07,7.571916723e-07,1.251966597e-06,2.122286272e-06,3.684920316e-06,5.572115326e-06,9.964592227e-06,1.622953054e-05,2.132557548e-05,3.115256216e-05,5.987742048e-05,5.909778109e-05,6.654128032e-05,0.0001503249139,0.0002031447052,6.640817801e-05,0.0001995037294,0.0005548309804,0.0002222514985,0.0009044387095,0.000598819931,0.0008841564724,0.001760780723,0.0003146712622,0.001211311749,0.000859807464,0.0008378442686,0.0005611801998,0.0007287173916,0.004967775502,0.00028864852,0.000230790111,0.0005808342729,0.0003172277275,0.0002555352565,0.000228976122,0.0002045666442,0.0003505739026,0.0001246842487,6.733223744e-05,7.33974162e-05,5.021877758e-05,7.446714577e-05,7.984532286e-05,0.000167251361,6.181767735e-05,0.0001885136151,0.0002168295527,0.0001040919343,0.000120360521,0.0001364596731,0.0003284394848,0.001113077842,0.0002805503489,0.0001036814882,0.0005067054004,0.0001987943167,9.26895626e-05,7.847738329e-05,0.0001042079523,9.564682562e-05,9.57445673e-05,0.0001095264803,6.146692016e-05,0.0001139808826,0.0001315294185,0.0001072638723,8.912567846e-05,9.037556791e-05,4.644616597e-05,4.463702614e-05,4.917854597e-05,4.009513233e-05,1.739288622e-05,1.629800788e-05,1.263102299e-05,5.642922411e-06,3.793420463e-06,3.042080093e-06,1.714612411e-06,1.162464833e-06,5.285904485e-07,4.116206776e-07,2.18918297e-07,1.636797851e-07,4.691178253e-08,2.588309104e-08,3.424540848e-07,5.804164803e-07,9.019092538e-07,1.244426821e-06,1.822412591e-06,3.194606428e-06,4.134617547e-06,5.495080278e-06,9.317548458e-06,1.234446893e-05,1.062972818e-05,1.753069187e-05,2.506469886e-05,1.968572385e-05,3.578786068e-05,4.424830512e-05,2.927303286e-05,4.125377997e-05,0.0002846014446,3.93235294e-05,0.0005440332045,0.0003484136553,0.001006343646,0.001061744609,0.001173886247,0.0006836430669,0.0004432045357,0.01840002355,0.0004292982698,0.0003331567553,0.0005407224361,0.0005007070808,0.0001636998668,0.0002950784485,0.0009634421837,0.0005487100437,0.00212131869,0.001724008006,0.005148317849,0.002758464947,0.00286519548,0.002778013565,0.01294175032,0.01351205668,0.008266858894,0.006732726392,0.0212334715,0,0.009923955588,0.008338480687,0.008217406751,0.01561532085,0.01187693263,0.004579436566,0.002095876996,0.0006271208284,0.003979499645,0.001487973427,0.0006366575543,0.001072644968,0.001168906042,0.0006956938215,0.0002833626299,0.0007457628084,0.0004768542179,0.0001393974928,0.0002511073243,0.0002268709688,0.0001079333082,4.593361488e-05,7.237492815e-05,4.136692322e-05,1.545552595e-05,1.354183229e-05,1.028995024e-05,4.261708096e-06,2.671120266e-06,2.153802907e-06,1.340252032e-06,2.715391461e-07,1.891082387e-07,3.143227371e-08,1.375053202e-08
B:250,2.554125377e-07,4.636322434e-07,7.807553387e-07,1.28436326e-06,2.119652702e-06,3.64836401e-06,5.568732877e-06,9.381195495e-06,1.52135348e-05,2.037641684e-05,2.794013951e-05,4.74653198e-05,5.648135572e-05,6.175692429e-05,9.789710229e-05,0.0001284390263,8.735079747e-05,0.0001579684099,0.0002376415973,0.0001221856414,0.0003209470365,0.0004612229414,0.0003649489216,0.001450240553,0.0007689556333,0.001258620898,0.002048025497,0.001956427973,0.0008872131795,0.0008638502885,0.01151068726,0.0006731783735,0.0003278736614,0.0004576211194,0.0009634716851,0.0003753457924,0.0001012150684,8.941942413e-05,0.0003830835087,9.96057961e-05,8.857300366e-05,6.524153081e-05,6.689724442e-05,6.568903976e-05,0.0003550144326,0.0002420359524,9.706205359e-05,0.0002942611207,0.001857394486,0.001301580526,0.0007068865986,0.0003173293186,0.001806208945,0.02613373195,0.002511073647,0.0003239419404,0.007391500544,0.0006171857669,0.001890253017,0.000902441242,0.000762713237,0.0003019746772,0.0005576142187,0.000161008457,0.0001284516877,0.0001679603622,0.000129466643,0.0001253345399,0.0001234126269,0.0001197812216,7.249334717e-05,8.085028973e-05,8.149293231e-05,6.189479822e-05,3.209012794e-05,3.31120377e-05,2.489112834e-05,1.027044738e-05,8.516026148e-06,6.556624925e-06,3.487043268e-06,2.193422482e-06,1.275849846e-06,9.261020904e-07,4.488814059e-07,3.461905858e-07,8.796377849e-08,4.554459935e-08,1.637277283e-07,2.633783237e-07,4.125599657e-07,6.531940754e-07,8.853320347e-07,1.336490743e-06,2.235714112e-06,3.499172667e-06,3.859843581e-06,5.068133631e-06,9.398453275e-06,1.000881106e-05,7.032714253e-06,1.369515585e-05,2.404402041e-05,1.866955749e-05,3.813290867e-05,2.909588103e-05,5.361440805e-05,4.096898373e-05,7.091449042e-05,0.0001221762183,0.0003708997535,0.0003429964329,0.0003330278689,0.0002478790795,0.001930672098,0.001318564923,0.0001303666169,6.893275803e-05,0.0001901605704,0.0001956644961,0.0001155634214,9.688437864e-05,0.0005652040757,0.0003695988217,0.001112750469,0.00130812848,0.0007758462193,0.002488873877,0.0003579514344,0.001629096947,0.003525026704,0.008943104036,0.01342755427,0.00616293955,0.008396818775,0.009923955588,0,0.0193026708,0.007687199807,0.006006650096,0.009219988564,0.01043974013,0.002852158643,0.001630358567,0.001323371742,0.002370199618,0.0007142356216,0.001107406138,0.0009520866041,0.0004003456553,0.0003693375779,0.0006474251788,0.0003699794667,0.0001118697391,0.0002673020597,0.0001962689062,9.187801988e-05,5.155826166e-05,7.528062532e-05,4.116896195e-05,1.637557221e-05,1.624476669e-05,1.158429771e-05,4.814784693e-06,3.65134465e-06,2.849841487e-06,1.822961311e-06,3.439083614e-07,2.669286301e-07,5.491527944e-08,2.04300528e-08
B:251,1.82516807e-07,3.314563051e-07,5.658557181e-07,9.570729949e-07,1.586780902e-06,2.734443133e-06,4.388616952e-06,7.632732546e-06,1.22954301e-05,1.68229028e-05,2.535873231e-05,4.220615966e-05,5.175934227e-05,6.106353895e-05,0.0001000337696,0.0001235559272,0.000112290853,0.0001777973811,0.0002060940793,0.0001197968011,0.0003577605254,0.0005150492508,0.0001692108406,0.0004546925388,0.0005733472196,0.00150275495,0.003367408477,0.0005700879015,0.0005646485977,0.001742442747,0.01786012384,0.000492553533,0.0006864833947,0.0002439656988,0.0009258040711,0.0006173209067,0.000123397164,0.0001354404141,0.0004862963961,4.998727655e-05,4.146734809e-05,8.114228858e-05,6.746863393e-05,3.925025048e-05,0.000154539528,0.0001112036721,0.0002178166897,0.0001511628801,0.0001442328222,0.0006284193245,0.0003173134121,0.0003382405882,0.0005933249621,0.00210840806,0.000166681998,0.0003363207141,0.001443451356,0.0004252838073,0.0001279642529,0.0003493871564,0.00049496618,0.00032681106,0.0001821173097,0.0001586304336,0.0002932833892,0.0002520101254,0.0001426611215,0.000108369778,0.0001164879241,0.0001725715648,5.217688036e-05,5.55936744e-05,0.0001009622532,7.781608794e-05,2.271112553e-05,3.711514082e-05,3.208897641e-05,1.136066822e-05,9.825023371e-06,8.850017401e-06,5.040141816e-06,3.380681277e-06,1.862136236e-06,1.49432207e-06,7.918569174e-07,6.266353635e-07,1.769293116e-07,9.366217932e-08,8.222829325e-08,1.475535585e-07,2.481560971e-07,3.940576056e-07,6.238239952e-07,1.08640006e-06,1.786804927e-06,2.804836878e-06,4.16784153e-06,6.123415598e-06,1.009754841e-05,1.368827932e-05,1.304713977e-05,2.108829542e-05,4.086060778e-05,4.248835377e-05,2.415933214e-05,5.338433982e-05,0.000112914158,3.33463009e-05,0.0001478297873,0.0001097271625,0.0003873831359,0.0005367648466,0.0006734834836,0.0001820739627,0.0002118491859,0.001454596332,0.0002193646175,4.383747243e-05,0.0002594341852,0.0002529990129,6.657418098e-05,0.0001096347157,0.0005743697869,0.0003743885843,0.001479001475,0.001443362263,0.001412397788,0.001763459677,0.001278994089,0.001361762356,0.00158302047,0.004405658628,0.0083467941,0.008624301407,0.008302657696,0.008338480687,0.0193026708,0,0.01625123533,0.008056611105,0.006831198827,0.01425765855,0.01402269508,0.002646658082,0.002029287742,0.001611754335,0.002175689335,0.0009536027251,0.001274394202,0.0007449422152,0.0002722820063,0.0008844074346,0.0006492409986,0.0001212239677,0.000306825123,0.0003663825277,0.0001618358878,5.744915609e-05,0.0001346447053,8.312537773e-05,2.745287265e-05,2.947459104e-05,2.491187502e-05,1.010812739e-05,6.352516885e-06,6.316238195e-06,4.133454652e-06,7.275591118e-07,5.8026949e-07,1.147389392e-07,4.575959462e-08
B:252,5.439475477e-08,1.062774029e-07,1.924293842e-07,3.507075721e-07,6.396812453e-07,1.177320098e-06,2.000738335e-06,3.844148009e-06,6.64366704e-06,9.933348624e-06,1.662794186e-05,3.167286875e-05,3.796069676e-05,5.37812138e-05,0.0001093006106,0.0001502541009,9.310857304e-05,0.0002481971928,0.000466767964,0.0002072001724,0.0005066946053,0.0007617170119,0.0006152639599,0.000726128874,0.000643245298,0.001505613966,0.0009019700374,0.0007613557603,0.0005446333534,0.0008622012424,0.004464327514,0.0002980920029,0.0001657545604,0.000447050603,0.0002719421251,0.0002284479042,0.0001898046811,0.0001625928214,0.0004342858388,0.0001069310739,9.349745011e-05,7.005840521e-05,5.015109783e-05,5.904569029e-05,0.0001327367509,0.0001218006529,4.424293819e-05,6.809334266e-05,0.0001497833644,9.925447271e-05,6.16411801e-05,0.0001847716794,0.0001970418503,0.0003859269257,0.0001664795585,0.0004063005207,0.003113699344,0.0004493025565,0.0004294563748,0.0009971224474,0.001182214366,0.001086186765,0.0005323037192,0.0005254061869,0.0001653014194,0.0005093690438,0.000247107267,0.000137236325,0.0002812891731,0.0002846297246,9.405172205e-05,0.0001033667682,0.0001840943776,0.0001390155358,4.211714938e-05,6.879523612e-05,5.665538642e-05,2.052872988e-05,1.805889923e-05,1.634475273e-05,9.572477957e-06,6.749542404e-06,3.525144451e-06,2.93437034e-06,1.625511072e-06,1.298857909e-06,3.938110196e-07,2.137825867e-07,3.646451829e-08,6.615900134e-08,1.1628221e-07,1.895151341e-07,2.951471336e-07,5.464104512e-07,9.312933059e-07,1.499060223e-06,2.326829185e-06,3.750326027e-06,5.455434141e-06,8.704891624e-06,1.083229025e-05,1.487888782e-05,1.810559867e-05,4.119947929e-05,2.891743421e-05,2.446686904e-05,3.361734165e-05,5.050235652e-05,5.800067224e-05,5.189172938e-05,8.441548431e-05,9.997765742e-05,0.0002080849054,6.645220011e-05,8.36833417e-05,0.0004381739274,0.0001201766632,3.017880278e-05,8.127189643e-05,6.493253854e-05,3.865438569e-05,6.855334249e-05,0.0004936405871,0.0003773943986,0.001470671022,0.001248380407,0.001606078496,0.001908380123,0.0005984783109,0.002444871218,0.001607082775,0.003739041669,0.002908275552,0.006832481737,0.0138139078,0.008217406751,0.007687199807,0.01625123533,0,0.01864850091,0.009461616222,0.008830169775,0.01173002156,0.005864645625,0.006810369158,0.00295528524,0.001159681629,0.003389350603,0.00276449246,0.001371152194,0.0005737373668,0.001687543867,0.001416657327,0.0002933227006,0.0007139063179,0.0007266705012,0.0004005330929,0.0001290972928,0.0002972532387,0.0001819987593,6.707180147e-05,6.529611749e-05,5.612928421e-05,2.358905555e-05,1.413353064e-05,1.440181609e-05,9.553920403e-06,1.720194479e-06,1.329149099e-06,2.597016266e-07,1.091138157e-07
B:253,2.915005331e-08,5.653354522e-08,1.019558905e-07,1.869253908e-07,3.378850702e-07,6.085453606e-07,1.034593252e-06,1.988646725e-06,3.345002944e-06,4.86647973e-06,8.315604451e-06,1.537269272e-05,1.780678126e-05,2.467121403e-05,5.09832274e-05,6.397976911e-05,4.276610972e-05,0.00010337807,0.0001838459993,7.462740946e-05,0.0002308201727,0.000244416819,0.0001738626098,0.0004365575185,0.000176007438,0.0003656506042,0.000338785105,0.0002910551671,0.0001784201217,0.0002408521284,0.001742983991,0.0002449446537,8.196002097e-05,0.0001337745915,0.0001194866514,5.645050025e-05,5.09906601e-05,3.643500536e-05,9.203194709e-05,6.248368915e-05,4.164640824e-05,6.076607734e-05,6.113591755e-05,4.102961815e-05,6.134461322e-05,0.0001003559534,3.522514274e-05,0.0002114494621,9.73339992e-05,0.0001226967276,0.0002801836883,0.000668916938,0.0009270182206,0.001815712134,0.0002155086649,0.00105383963,0.01404704716,0.001551083172,0.0003332531123,0.002287249698,0.003289670502,0.001604574999,0.0009501565282,0.0009807689072,0.0004164286667,0.0003304055474,0.0002104598086,0.0002750411377,0.0001500230934,0.0001225086925,0.0001475025611,0.0001409141585,0.0001275554608,0.000130286375,8.459348413e-05,7.680353991e-05,6.203476119e-05,3.030753152e-05,2.771046194e-05,2.09556987e-05,1.279200376e-05,9.545885329e-06,5.411809936e-06,4.427283119e-06,2.346178843e-06,1.999751367e-06,6.487494414e-07,3.555700555e-07,4.390056168e-08,7.714414762e-08,1.386552415e-07,2.408798815e-07,3.565514484e-07,6.111487145e-07,1.158925032e-06,1.799135155e-06,2.269634044e-06,3.812041595e-06,7.031115948e-06,7.041021318e-06,7.830793556e-06,1.496231251e-05,1.987627895e-05,1.60075461e-05,2.90075593e-05,2.168245382e-05,2.314355679e-05,4.103165485e-05,6.482619527e-05,3.08086688e-05,0.0002263825418,8.745841648e-05,6.671292837e-05,7.137855492e-05,0.0006542556132,0.001609802131,7.311626553e-05,5.556838799e-05,1.593153039e-05,7.043214333e-05,2.440582302e-05,6.126667992e-05,0.0002395834765,0.0002180550526,0.0007338991872,0.0007907115157,0.0007633630116,0.0007846139304,0.0002103850699,0.0005829079425,0.002713504224,0.001502574723,0.001472112563,0.002459719369,0.0126203435,0.01561532085,0.006006650096,0.008056611105,0.01864850091,0,0.02495692877,0.009332484044,0.00812113112,0.009568590066,0.01210265117,0.003044770344,0.001390911002,0.001616742475,0.002788836059,0.001031774976,0.0005852430276,0.001318485575,0.0007455795212,0.0003269888846,0.0006235417662,0.000537282275,0.0002686644794,0.0001562473117,0.0002549508415,0.0001522298739,6.58170162e-05,6.984339773e-05,5.305050255e-05,2.382895565e-05,1.71227956e-05,1.657885369e-05,1.137520727e-05,2.017638071e-06,1.717459297e-06,3.95824305e-07,1.576480011e-07
B:254,1.328187373e-08,2.552243282e-08,4.623828463e-08,8.469784643e-08,1.504125609e-07,2.720013578e-07,4.731499028e-07,8.961406077e-07,1.50281042e-06,2.245109777e-06,3.834870416e-06,6.758225042e-06,8.547516887e-06,1.203290413e-05,2.201677849e-05,2.798486362e-05,2.838107935e-05,4.699445584e-05,6.746150254e-05,4.432377605e-05,0.0001384797203,8.178792898e-05,7.788815936e-05,0.0001605485218,9.510461221e-05,0.0001320090109,0.0004489761108,0.0002468534362,0.0002468504191,0.0002059130718,0.0023888098,0.0004371011911,9.015585304e-05,5.546712714e-05,0.0001804381425,6.23040634e-05,1.63842135e-05,1.22264803e-05,2.835192935e-05,2.785244388e-05,1.664547874e-05,4.107243608e-05,4.549815247e-05,4.145638132e-05,5.986379214e-05,4.778991943e-05,2.119996175e-05,0.0003020418007,0.0001890158427,0.0001243842604,0.0003500272077,0.0009165401155,0.0006467071795,0.003076432751,0.0002813989022,0.001125386462,0.01464506497,0.001567769713,0.0002706904452,0.001383933315,0.002161021594,0.001302595756,0.0005208684256,0.0004477744986,0.0004716425468,0.0004546850199,0.0002633758775,0.0002941237485,0.0002377087353,0.0002892633402,0.0001260062052,0.0001176328357,0.0002573288013,0.0001850713688,6.222153624e-05,0.0001128069681,0.0001073327858,3.637192863e-05,3.89980927e-05,3.585397763e-05,2.125735697e-05,1.439156603e-05,9.929809871e-06,8.292718843e-06,4.312402947e-06,3.747955101e-06,1.132359684e-06,5.894633527e-07,2.964834405e-08,5.242329311e-08,9.28822563e-08,1.725598391e-07,2.674153673e-07,4.304426705e-07,8.450395802e-07,1.481326489e-06,1.758938454e-06,2.695941758e-06,6.372181238e-06,6.820377686e-06,4.909061153e-06,1.261858447e-05,2.901996355e-05,1.011875013e-05,2.257342569e-05,3.442676977e-05,5.14655637e-05,4.29890522e-05,5.881186564e-05,9.234927973e-05,9.419152803e-05,8.168754234e-05,0.0001274091445,8.036468084e-05,0.0003246397765,0.0008443059356,6.698796836e-05,3.316000221e-05,0.0001163635297,3.133063456e-05,1.330099329e-05,4.217442495e-05,0.0002116229164,0.0002257302276,0.0006696974755,0.0009224518416,0.0008449755737,0.000793533858,0.0003338856026,0.0008240755359,0.001050991774,0.003172432392,0.001424686477,0.001218500599,0.003652022214,0.01187693263,0.009219988564,0.006831198827,0.009461616222,0.02495692877,0,0.01577333545,0.009816783873,0.007448202507,0.01693079865,0.01167502598,0.002137838866,0.001327056308,0.00148841866,0.002583207688,0.0005492949404,0.001114494263,0.0009067560369,0.0002311815813,0.0006185180374,0.0005986671367,0.0002552536869,0.0001211825608,0.0003229281767,0.0001874178812,6.394602687e-05,8.913650409e-05,7.70818466e-05,3.067837829e-05,2.206896647e-05,2.647202429e-05,1.851931831e-05,2.754466476e-06,2.685807637e-06,6.86094846e-07,2.470799777e-07
B:255,6.303870442e-09,1.239846576e-08,2.322189684e-08,4.468002705e-08,8.200747224e-08,1.523081441e-07,2.823300835e-07,5.664969702e-07,9.632320177e-07,1.520463298e-06,2.896211561e-06,5.286428591e-06,6.641612738e-06,1.071652773e-05,2.244299357e-05,2.758277974e-05,2.879524587e-05,5.946105102e-05,9.927151309e-05,4.846265202e-05,0.0002101293479,0.0001353619209,0.0001211984675,0.0002597420929,0.0001118019013,0.0001325720228,0.0001407490864,0.0002016458454,5.286529183e-05,5.642536451e-05,0.0006461031537,3.155085704e-05,2.916874491e-05,7.105132255e-05,1.575520348e-05,1.487059056e-05,1.771686823e-05,8.877820541e-06,2.884117903e-05,1.512129041e-05,2.314701411e-05,5.53115067e-05,2.495948805e-05,4.686983599e-05,0.0001059762414,2.027424426e-05,3.779739702e-05,0.0001384287059,0.0001223364088,0.0001108449312,0.0001103441455,0.0003915537093,0.0001682867716,0.001774199748,0.0002558409336,0.0004656378254,0.003853141368,0.000593298321,0.0003678728515,0.0002809220716,0.0002535413124,0.0006628505699,0.0005087787929,0.0007964165436,0.0009962775728,0.0006053463418,0.0005819381391,0.0005600501088,0.0003255898346,0.0004913548869,0.0001421063292,0.0001412529805,0.0003680316776,0.0002733068223,6.303116801e-05,0.0001656649642,0.0001598267694,4.7508325e-05,5.344669538e-05,5.741607291e-05,3.540227265e-05,2.547530315e-05,1.616550081e-05,1.471802979e-05,8.336159165e-06,7.235366208e-06,2.372345962e-06,1.257265869e-06,9.386442504e-09,1.807876742e-08,3.480094681e-08,6.33268264e-08,1.064100532e-07,2.029010533e-07,3.965278294e-07,6.767417159e-07,1.051229956e-06,1.877740482e-06,3.509590877e-06,4.973682991e-06,6.357590387e-06,1.129879743e-05,1.854892655e-05,2.727554304e-05,2.536787042e-05,2.968001457e-05,4.346231022e-05,3.01340293e-05,3.555073993e-05,7.451937422e-05,0.0001066005071,8.467569372e-05,0.0001409224029,7.653466235e-05,0.0001783823858,0.0003641144613,9.572422451e-05,1.635550982e-05,2.640065424e-05,6.001292851e-05,8.21866771e-06,3.824973523e-05,0.0001826360697,0.0002141268879,0.0006991995154,0.0007568088629,0.001008441874,0.001200068222,0.0002564413664,0.0008337246558,0.001479578291,0.002781740465,0.002242536183,0.001126379974,0.00292229919,0.004579436566,0.01043974013,0.01425765855,0.008830169775,0.009332484044,0.01577333545,0,0.02463987393,0.006717750048,0.00933463501,0.0145562612,0.009249865527,0.003821630581,0.003204867406,0.00147118043,0.001625343694,0.002364930161,0.001738450912,0.000435930684,0.0009522821299,0.00138014579,0.0007299000732,0.0001870841088,0.0006532399909,0.0004782559314,0.0001537349269,0.000182167371,0.0001849732576,7.971385217e-05,4.473839073e-05,6.251363402e-05,4.543654463e-05,6.76200741e-06,6.188856731e-06,1.505948062e-06,5.854372303e-07
B:256,4.006299884e-09,8.2245887e-09,1.599387174e-08,3.208353136e-08,6.211801264e-08,1.18687232e-07,2.24698901e-07,4.656144074e-07,8.236302269e-07,1.35193511e-06,2.643673196e-06,5.012423843e-06,6.509524888e-06,1.122628871e-05,2.396157162e-05,3.056196086e-05,3.104636591e-05,7.791624836e-05,0.0001261880334,6.349539297e-05,0.0002280028383,0.0002802023944,0.0001765066556,0.0003157790993,0.0002381172032,0.0005141580747,0.0004359211877,0.0002877177869,0.0001327799665,0.0003437533508,0.002712413722,0.0001094092775,0.0001126433202,0.0001415844242,9.78091005e-05,8.747247112e-05,4.796080982e-05,3.913955203e-05,0.0001126857127,2.92304583e-05,3.317664492e-05,3.56807616e-05,3.271589291e-05,3.037532849e-05,6.307910458e-05,4.41387193e-05,3.376896682e-05,5.126134419e-05,5.565723147e-05,5.579132391e-05,7.128806117e-05,0.0001226396589,0.0002203260962,0.0004792876269,0.0002034471853,0.000281273234,0.002140067164,0.0008234099443,0.0006820514941,0.0006935339239,0.001639177023,0.0005104102242,0.0006258737042,0.001056871391,0.001048633403,0.0002680060872,0.000245424722,0.0005981125178,0.0003234367706,0.0002401618016,0.0001422944226,0.0001510041953,0.0001917369778,0.0001647488785,9.196410174e-05,0.0001265641917,0.0001095415018,5.305820856e-05,6.300041022e-05,5.131182941e-05,3.671018357e-05,3.313856028e-05,1.845285962e-05,1.754273801e-05,1.075303828e-05,1.007873052e-05,3.940726997e-06,2.214912345e-06,4.731568089e-09,9.049776815e-09,1.779886641e-08,3.350516682e-08,5.510740123e-08,1.046497422e-07,2.145165422e-07,3.754687417e-07,5.532472691e-07,1.02080635e-06,2.006020167e-06,2.797662539e-06,3.542300279e-06,6.594695125e-06,1.070431944e-05,1.471343534e-05,1.901885364e-05,1.750405895e-05,2.183582327e-05,1.756196068e-05,2.848273088e-05,4.030431849e-05,3.079424654e-05,2.027005406e-05,5.092177262e-05,3.92162498e-05,6.391288723e-05,0.0001273887965,4.909650443e-05,1.4282805e-05,1.226307345e-05,2.011380081e-05,5.218326162e-06,2.728769783e-05,0.0001226929092,0.0001794588588,0.0005254475802,0.0005559529437,0.0007600987703,0.0008871103159,0.0001744713874,0.0005657140956,0.00130678594,0.002084826451,0.001036279108,0.002180798202,0.002690657847,0.002095876996,0.002852158643,0.01402269508,0.01173002156,0.00812113112,0.009816783873,0.02463987393,0,0.008254049724,0.01327736382,0.01027770833,0.01348617934,0.01258894925,0.005960063778,0.001654917855,0.0009843589479,0.004267848548,0.001913336737,0.0004469622904,0.001590136788,0.001396475951,0.0009114481047,0.0003085650322,0.0008695799952,0.0005387559534,0.0002461911343,0.0002651563236,0.0002448826574,0.000111519191,6.819928912e-05,9.203436605e-05,6.799203004e-05,1.066807391e-05,9.801985608e-06,2.452292546e-06,1.02302707e-06
B:257,1.124623346e-09,2.270771e-09,4.328118663e-09,8.534128736e-09,1.61874976e-08,3.020138478e-08,5.580709582e-08,1.140200832e-07,1.973670965e-07,3.094751667e-07,5.88274798e-07,1.099907357e-06,1.381063247e-06,2.179178962e-06,4.589148324e-06,5.793594411e-06,5.519496978e-06,1.196080446e-05,1.990650797e-05,1.070552308e-05,3.350052182e-05,3.106242267e-05,2.798067533e-05,4.598962038e-05,3.478090615e-05,3.801622137e-05,7.834303117e-05,9.428936361e-05,5.561751758e-05,3.253961057e-05,0.0003384461789,0.0001145069579,1.825336284e-05,5.161429276e-05,2.311406906e-05,1.005820927e-05,7.299043903e-06,6.76379053e-06,6.827961603e-06,1.92480546e-05,2.346347602e-05,5.607041224e-05,6.543829125e-05,5.285965194e-05,8.176328586e-05,3.840578847e-05,4.286642929e-05,0.0002230132965,0.000117416224,0.0001128971602,0.000433089008,0.0007458781863,0.0006207603399,0.001460445526,0.002100203415,0.0004279034903,0.0160236343,0.001564091411,0.003419756593,0.01397714907,0.01173630672,0.003481599704,0.003785698016,0.0170328322,0.004105488964,0.001330385834,0.0005037520658,0.0004138098361,0.000701522496,0.0004005773905,0.0002944589459,0.0002008832432,0.0001957734635,0.0001947065776,0.0001874267721,0.000160100445,0.0001453826061,9.059049789e-05,0.000106522939,8.125841985e-05,5.52738735e-05,4.946617539e-05,3.723941263e-05,3.44284063e-05,1.772381461e-05,1.853596466e-05,7.153949806e-06,3.927616518e-06,8.083413593e-09,1.50799432e-08,3.023545685e-08,5.994202045e-08,9.588545139e-08,1.721354483e-07,3.867322345e-07,6.520399352e-07,8.367403381e-07,1.652816749e-06,3.847483435e-06,3.767808009e-06,4.642668673e-06,1.182247489e-05,1.963801902e-05,1.264836814e-05,3.039607442e-05,3.315851528e-05,2.071412742e-05,4.383699587e-05,3.82591639e-05,7.905207244e-05,8.272520068e-05,5.497288392e-05,4.618880953e-05,4.170272427e-05,0.0005603254665,0.0001085849801,2.214404664e-05,2.463518505e-05,4.588412447e-05,1.089784381e-05,2.676875574e-06,1.781363681e-05,4.46849202e-05,6.133521824e-05,0.0001273997489,0.000209655017,0.0001466276597,0.0001612101633,5.863403798e-05,0.000199975398,0.0002655319143,0.0005047658465,0.0004060750334,0.0005461375463,0.001659292964,0.0006271208284,0.001630358567,0.002646658082,0.005864645625,0.009568590066,0.007448202507,0.006717750048,0.008254049724,0,0.007944783614,0.006350629333,0.006943588155,0.01119195069,0.00666431645,0.002617378936,0.0009340004826,0.0007947371434,0.002385669004,0.0007078140182,0.0004918654021,0.0005873382602,0.0003235720059,0.0002499481818,0.0003852543143,0.0002420917881,0.0001094570373,0.0001919638616,0.0001411257541,6.441508375e-05,6.109640262e-05,8.214720563e-05,6.31937061e-05,8.514114428e-06,1.079942026e-05,3.734899576e-06,1.313384452e-06
B:258,6.276342635e-10,1.292765219e-09,2.571773303e-09,5.295929517e-09,1.024783028e-08,1.992205414e-08,3.989190408e-08,8.432523716e-08,1.492871612e-07,2.578115428e-07,5.372982234e-07,1.00179815e-06,1.376665527e-06,2.565340124e-06,5.529992159e-06,6.928353525e-06,9.470230885e-06,2.057732345e-05,3.293720048e-05,2.058795508e-05,9.784709485e-05,6.995357847e-05,5.717388514e-05,0.0001742225049,8.122250764e-05,9.26843116e-05,6.036357062e-05,0.0001639585565,3.969584178e-05,3.920476072e-05,0.0002227601441,3.334741901e-05,1.069495799e-05,3.150996558e-05,6.057539683e-06,7.744048002e-06,7.212535354e-06,4.591289089e-06,1.363046286e-05,5.783962194e-06,9.496407018e-06,1.535668956e-05,1.6594762e-05,1.549154008e-05,2.938672585e-05,1.465495212e-05,2.339665359e-05,3.107353992e-05,5.945713052e-05,5.064993376e-05,4.573542318e-05,9.16297564e-05,0.000124829355,8.178825089e-05,0.0002051194823,0.0001748004641,0.0005955036152,0.0004775869862,0.0007509186385,0.001116078287,0.001202814027,0.0005303319808,0.0008014797829,0.002994143214,0.0003598947605,0.0006282146582,0.0005100594444,0.002626704181,0.0006978370032,0.000634503494,0.0002672065472,0.0005053842504,0.0008649065056,0.0004850058251,0.0001652595364,0.0002833903849,0.0003712331961,9.211706067e-05,0.0001061069136,0.0001470537247,9.528257799e-05,6.195617524e-05,5.422503358e-05,5.495040029e-05,3.030294388e-05,2.90753578e-05,1.077201288e-05,5.656309618e-06,1.317437966e-09,2.590864612e-09,5.163716919e-09,1.020610019e-08,1.781412029e-08,3.397823745e-08,7.112354239e-08,1.344157699e-07,2.075925523e-07,3.785164537e-07,8.018084885e-07,1.227324069e-06,1.533188818e-06,2.956496902e-06,5.743697207e-06,7.726007888e-06,8.902083357e-06,1.127305549e-05,1.982299619e-05,1.171829903e-05,2.123609249e-05,3.416079692e-05,4.63319296e-05,2.576954242e-05,5.242959116e-05,3.142359068e-05,4.007508942e-05,0.0001782043811,4.030154029e-05,7.685092961e-06,1.098481479e-05,1.869295331e-05,2.352375319e-06,1.45815306e-05,5.407573937e-05,0.000102168543,0.0002656130625,0.00036573893,0.0005273823803,0.0005844119228,0.0001774586843,0.0006213279042,0.001070465337,0.001710893596,0.001057247179,0.0009052707421,0.002448320558,0.003979499645,0.001323371742,0.002029287742,0.006810369158,0.01210265117,0.01693079865,0.00933463501,0.01327736382,0.007944783614,0,0.02395832692,0.007670521045,0.008232947224,0.0127058064,0.01477285584,0.002068593464,0.002676997941,0.002196033698,0.001702143128,0.001505281993,0.001838150958,0.001159844267,0.0003108341488,0.001298017522,0.0008853390644,0.0002709775271,0.0004067597959,0.0004829508325,0.0001918304706,0.000104399893,0.0002115287522,0.0001680927889,1.89713322e-05,2.190437636e-05,6.608117146e-06,2.40406452e-06
B:259,3.157176635e-10,6.671742833e-10,1.364499241e-09,2.910726017e-09,5.815791814e-09,1.151470343e-08,2.372453466e-08,5.167217835e-08,9.300601029e-08,1.651340232e-07,3.581347859e-07,6.818503193e-07,9.42178071e-07,1.851168581e-06,4.140951799e-06,5.176471745e-06,7.045923689e-06,1.695168341e-05,2.743766225e-05,1.643275769e-05,7.663920792e-05,6.9971373e-05,5.121823749e-05,0.0001455737999,8.166771906e-05,0.0001202530787,9.013223391e-05,0.0001285597265,3.220356541e-05,6.7168149e-05,0.00044702038,2.348760601e-05,2.144578906e-05,4.796440416e-05,1.384066795e-05,1.580375308e-05,8.827540789e-06,6.410784941e-06,2.049799934e-05,6.237964983e-06,1.332453991e-05,1.988681708e-05,2.117200767e-05,2.691325685e-05,4.901901573e-05,2.217183603e-05,2.840612256e-05,8.302346343e-05,6.913032989e-05,4.64848597e-05,5.784747869e-05,0.0002654510031,0.0001355713418,0.0005271349795,0.0003050825781,0.0003726457792,0.002740780832,0.0005487498112,0.0009008162355,0.0003132623208,0.0003676077536,0.0005213242904,0.001135079175,0.003392549135,0.001155290334,0.0008269604503,0.002551958765,0.001246240444,0.0008969299465,0.0006865832807,0.0004738921748,0.0003487822188,0.0005328719589,0.0003294102561,0.0001135851023,0.0003618486764,0.0002767331911,0.0001157651136,0.0001266352101,0.0001561719337,0.0001044897005,8.448956608e-05,6.342331496e-05,6.780697136e-05,4.213277493e-05,4.050079028e-05,1.734381541e-05,9.531381526e-06,8.446051139e-10,1.713992216e-09,3.663182512e-09,7.385564573e-09,1.296525984e-08,2.632255482e-08,5.898845096e-08,1.066781844e-07,1.694643065e-07,3.489089345e-07,7.443735951e-07,1.048389493e-06,1.588689133e-06,3.227154204e-06,5.449056689e-06,8.30999508e-06,1.273924522e-05,1.228960604e-05,1.519341284e-05,1.702942871e-05,2.309323262e-05,3.831322666e-05,3.092427171e-05,1.857482314e-05,4.928390777e-05,4.005858764e-05,6.646254503e-05,9.250780975e-05,3.771482945e-05,6.771156869e-06,1.040121486e-05,2.027483497e-05,2.153221489e-06,1.194236116e-05,3.546147789e-05,7.163294246e-05,0.0001765344342,0.0002259002238,0.0003490783073,0.0004669155296,0.0001025844465,0.0003771526639,0.000812844323,0.001503949266,0.0005865448532,0.0007926168655,0.002111879782,0.001487973427,0.002370199618,0.001611754335,0.00295528524,0.003044770344,0.01167502598,0.0145562612,0.01027770833,0.006350629333,0.02395832692,0,0.01258218193,0.01015866163,0.009358485894,0.0127025432,0.006148002669,0.00699758712,0.002693149199,0.0006181305982,0.003451945324,0.00268984228,0.001359744359,0.0004475694363,0.001608864961,0.001279981351,0.0004462852411,0.0005559254269,0.0006759806054,0.000327267317,0.0001542217712,0.0003336382582,0.0002789614793,3.445189103e-05,3.650899248e-05,1.09469147e-05,4.440534663e-06
B:260,1.334465425e-10,2.838804579e-10,5.820350629e-10,1.246239218e-09,2.510926584e-09,4.953976739e-09,1.012078263e-08,2.201300807e-08,3.974433685e-08,6.987738012e-08,1.497937654e-07,2.847884136e-07,3.924072145e-07,7.594703225e-07,1.667426278e-06,2.066320161e-06,2.732051024e-06,6.678418008e-06,1.017471059e-05,5.814190743e-06,2.643964016e-05,2.660386125e-05,1.463536077e-05,4.200574916e-05,2.746740117e-05,4.23041625e-05,4.116951227e-05,5.239254257e-05,1.692231953e-05,2.204708791e-05,0.0002659946741,2.352134318e-05,9.076574649e-06,5.115688741e-05,6.82563292e-06,8.833608682e-06,4.69457383e-06,3.767815759e-06,8.562897466e-06,6.392088807e-06,1.511118118e-05,2.504298364e-05,3.292340049e-05,3.585286163e-05,5.857177883e-05,3.734998738e-05,5.045466352e-05,0.0001159155701,0.000126035467,0.0001030228726,9.00696912e-05,0.0004005465185,0.0001394964607,0.000293261507,0.0006556808025,0.0005564089627,0.001773139806,0.0006299705137,0.002188136475,0.0007888851081,0.005909627708,0.001152829169,0.002765369261,0.008653241356,0.01867204853,0.002558291146,0.004043808845,0.01273606607,0.001673005385,0.003278525583,0.0005987585924,0.001143491509,0.0008423960225,0.0004796192918,0.0003493272277,0.0001868677227,0.0002282741969,0.0001307084968,0.000226700592,0.0001234573723,0.0001019359488,0.0001126498585,9.311681767e-05,9.066106071e-05,5.079440519e-05,6.088286569e-05,2.812448624e-05,1.592696087e-05,8.21418617e-10,1.645151007e-09,3.611305885e-09,7.500338307e-09,1.287119482e-08,2.582239175e-08,6.165620071e-08,1.088735379e-07,1.63560337e-07,3.576882232e-07,8.180007933e-07,9.820075345e-07,1.593135056e-06,3.601281233e-06,5.890138276e-06,7.300443791e-06,1.518441894e-05,1.400397496e-05,1.187053426e-05,1.99593014e-05,2.579740278e-05,3.99472137e-05,1.417717719e-05,3.358028904e-05,3.356716457e-05,3.130225271e-05,0.0001050718502,6.404631943e-05,1.895562346e-05,9.235298933e-06,1.700485299e-05,8.336060176e-06,1.488262024e-06,7.712894708e-06,1.668442908e-05,3.174304095e-05,6.373782867e-05,9.473601059e-05,0.0001161692422,0.000150898318,5.208401785e-05,0.0001343401147,0.0002419484031,0.0005378559677,0.0003501197952,0.0002819913717,0.0008325273734,0.0006366575543,0.0007142356216,0.002175689335,0.001159681629,0.001390911002,0.002137838866,0.009249865527,0.01348617934,0.006943588155,0.007670521045,0.01258218193,0,0.01909305398,0.00797115668,0.006078832091,0.01153251931,0.008103872654,0.002292079387,0.0009448799696,0.001381888031,0.001933572526,0.0006613234337,0.0004471680082,0.0008389833146,0.0004557330263,0.0003551226778,0.000431712083,0.0003194664043,0.0001634742767,0.0001649592462,0.0002447430887,0.0002122293923,2.55371197e-05,3.3911219e-05,1.442481813e-05,5.269230337e-06
B:261,5.097647579e-11,1.093085694e-10,2.282467197e-10,4.968268154e-10,1.007617323e-09,2.034340492e-09,4.312716022e-09,9.543912505e-09,1.75450148e-08,3.229258521e-08,7.186354926e-08,1.38365519e-07,2.024366294e-07,4.131111846e-07,9.284759104e-07,1.207757732e-06,1.868900666e-06,4.371612179e-06,7.167092658e-06,5.209211644e-06,2.449569909e-05,2.182058528e-05,1.820371209e-05,5.862104865e-05,4.225732348e-05,4.223256086e-05,3.498099937e-05,9.206607525e-05,2.27168526e-05,2.647290505e-05,0.0001585465559,1.910614024e-05,5.863955736e-06,2.019239652e-05,5.240748305e-06,7.071954455e-06,3.056857519e-06,2.882515815e-06,6.113472534e-06,3.609865836e-06,7.216918464e-06,9.572448514e-06,1.846918525e-05,1.06479096e-05,1.397913165e-05,1.882791156e-05,1.230703884e-05,2.938703601e-05,2.361196438e-05,3.627018441e-05,5.121952575e-05,9.228583347e-05,6.147449383e-05,0.0001374647706,0.0004811469411,0.0001742779161,0.0009568551118,0.0006684573969,0.00116385548,0.005032093301,0.001828436506,0.000534247792,0.001318587128,0.01368183371,0.006476988947,0.0004623457624,0.0009898690969,0.002801278691,0.002247364352,0.0005344012029,0.0004585520836,0.0006645594921,0.0007438880032,0.00042532094,0.0002001137952,0.0003119111806,0.0003332595464,0.000190516068,0.0001359559426,0.0002105414461,0.0001450547883,9.552255368e-05,0.0001109379466,0.0001341369875,6.821222632e-05,7.476729222e-05,3.526039513e-05,1.895158844e-05,3.823874395e-10,7.598724607e-10,1.646427135e-09,3.471748506e-09,5.971520359e-09,1.167136611e-08,2.795021497e-08,5.070892909e-08,7.402298492e-08,1.577346441e-07,3.764517604e-07,4.445473615e-07,6.651961358e-07,1.598258108e-06,2.833642335e-06,2.531266295e-06,6.283231419e-06,6.940430387e-06,6.493340006e-06,5.872568997e-06,1.520826679e-05,2.179222393e-05,6.237371965e-06,2.57775096e-05,2.809915695e-05,1.974513033e-05,5.132140396e-05,9.070835975e-05,1.321571405e-05,8.39854232e-06,1.543481671e-05,5.942504395e-06,1.097956989e-06,5.888109499e-06,1.162407042e-05,3.113920128e-05,5.759802643e-05,9.704945853e-05,0.0001283420258,0.0001667461978,7.866839581e-05,0.0002287071647,0.0003502165107,0.0007098955802,0.0005187832988,0.0005220273914,0.001053951336,0.001072644968,0.001107406138,0.0009536027251,0.003389350603,0.001616742475,0.001327056308,0.003821630581,0.01258894925,0.01119195069,0.008232947224,0.01015866163,0.01909305398,0,0.01787192361,0.00884136968,0.006123367577,0.0141425268,0.01316981435,0.002042602233,0.00131041376,0.001434504887,0.003119797264,0.0005952193772,0.001155216333,0.0009779129087,0.0003070629468,0.0006156552907,0.0006467864735,0.0002310396622,0.0001544427783,0.0004490866441,0.0003704398394,2.811640519e-05,5.08874634e-05,1.988967214e-05,6.83851012e-06
B:262,2.627798165e-11,5.752760081e-11,1.242210084e-10,2.80239144e-10,5.808025096e-10,1.199779656e-09,2.660861035e-09,6.024979527e-09,1.118176939e-08,2.158099088e-08,5.048800327e-08,9.703545631e-08,1.456248566e-07,3.214450395e-07,7.350816869e-07,9.289700633e-07,1.611627062e-06,3.904371428e-06,6.168601589e-06,4.70533424e-06,2.440506444e-05,2.099159518e-05,1.558947853e-05,7.129473385e-05,3.702556384e-05,4.333513913e-05,5.091159593e-05,8.143375388e-05,1.68366027e-05,2.815039135e-05,0.0002526248187,1.53712177e-05,9.752634396e-06,2.111499456e-05,5.260804466e-06,6.158153306e-06,2.285052661e-06,1.691290724e-06,5.832810874e-06,1.531244531e-06,5.32440903e-06,7.534873893e-06,1.068172775e-05,1.53450146e-05,2.697798426e-05,1.911465188e-05,2.815686556e-05,6.978993123e-05,7.444785393e-05,5.872529851e-05,7.507976811e-05,0.0002859886198,7.143947401e-05,0.0001849972831,0.0004546713951,0.0003330347227,0.0009980658763,0.0004642314925,0.001217399343,0.001301249465,0.001370329456,0.0007326112547,0.001252096754,0.003716900987,0.0003277127055,0.0009365631172,0.0004024388001,0.003573348464,0.001155340271,0.001159806272,0.0008658872082,0.001081588258,0.001403608391,0.0009132039695,0.0008732978747,0.0004321747227,0.0005546324928,0.0001954451334,0.0001525552872,0.0002892266114,0.0001972774263,0.0001165323946,0.000153865697,0.0001995063383,0.0001122451132,0.0001233214186,6.513863099e-05,3.561107207e-05,1.047692298e-10,2.236043617e-10,5.117686636e-10,1.091810473e-09,2.023458229e-09,4.383086986e-09,1.052276174e-08,1.992162299e-08,3.421940442e-08,7.666987312e-08,1.716746276e-07,2.601859927e-07,4.592984196e-07,9.662371897e-07,1.665773997e-06,3.135151591e-06,5.456979485e-06,5.116998431e-06,6.703790353e-06,1.225673827e-05,1.540879508e-05,1.939248022e-05,2.555914218e-05,2.027693023e-05,2.924813253e-05,2.383737506e-05,7.451604639e-05,4.998577136e-05,1.956112246e-05,2.391176826e-06,6.081330956e-06,1.153150631e-05,9.452720253e-07,3.913301922e-06,8.709235784e-06,2.365598516e-05,5.076516788e-05,7.560915956e-05,0.000133557327,0.0001864143037,6.931954713e-05,0.0002224545576,0.0004617466859,0.0007965083735,0.0004763118044,0.0005611417353,0.001634458886,0.001168906042,0.0009520866041,0.001274394202,0.00276449246,0.002788836059,0.00148841866,0.003204867406,0.005960063778,0.00666431645,0.0127058064,0.009358485894,0.00797115668,0.01787192361,0,0.01943607385,0.006815914063,0.009992651845,0.01347612577,0.004626732476,0.004648285679,0.003912514563,0.001594036177,0.00138439382,0.002805453122,0.001841863532,0.0007533406819,0.0009906434463,0.001495565711,0.0006847522426,0.0002725652689,0.0009272674345,0.0009134653165,8.163451769e-05,0.0001050471782,3.984655165e-05,1.511288821e-05
B:263,1.077573396e-11,2.382911174e-11,5.19414313e-11,1.185928531e-10,2.486831988e-10,5.155426015e-10,1.149425637e-09,2.620969467e-09,4.887805219e-09,9.470467823e-09,2.228276156e-08,4.294714721e-08,6.450009978e-08,1.434822551e-07,3.280069269e-07,4.122573223e-07,7.094145439e-07,1.761815448e-06,2.725837609e-06,2.028925488e-06,1.038339778e-05,9.67617867e-06,6.428547355e-06,2.859840141e-05,1.628221411e-05,2.025530677e-05,2.307869194e-05,3.480948469e-05,9.306507025e-06,1.278917553e-05,0.0001349731868,1.349385375e-05,4.453086878e-06,1.801695503e-05,3.260393382e-06,3.947258869e-06,1.348349657e-06,1.062030194e-06,3.096137452e-06,1.24204231e-06,4.58717443e-06,6.68995014e-06,9.999035509e-06,1.376245648e-05,2.334146939e-05,1.837383808e-05,2.536145101e-05,6.580246461e-05,7.182539523e-05,5.624361902e-05,6.427338116e-05,0.0002808391947,8.234228454e-05,0.0001644398217,0.0003100271727,0.0003355199506,0.0006480765634,0.0003087052116,0.0008406885456,0.0004718697402,0.001045357389,0.0003980352214,0.002197336445,0.003119719734,0.0012369392,0.000346467785,0.006340634184,0.01665849476,0.001571600384,0.0005113866603,0.002584608593,0.005071407018,0.00129542862,0.001128589729,0.0005917657809,0.0004222751026,0.0004102001995,0.0002266528212,0.0002183190281,0.0001223141128,0.0001034382059,0.0001970082751,0.000114371316,0.0001470210347,0.0001116319449,0.0001452626641,9.808461238e-05,5.911538723e-05,7.547935452e-11,1.609310033e-10,3.793845935e-10,8.206737882e-10,1.49858511e-09,3.276033045e-09,8.20893865e-09,1.508213901e-08,2.53866989e-08,6.002340793e-08,1.382927186e-07,1.889852941e-07,3.600578399e-07,7.993255294e-07,1.318174761e-06,2.307797279e-06,4.736930626e-06,4.261557488e-06,4.312418854e-06,1.046943331e-05,1.249597335e-05,1.559446734e-05,1.263525723e-05,2.01081748e-05,1.938588584e-05,1.820108918e-05,5.014357448e-05,3.87755355e-05,1.21643175e-05,2.735546295e-06,6.668378305e-06,6.980187336e-06,6.772543255e-07,2.506285808e-06,4.38410811e-06,1.141212475e-05,2.173974834e-05,3.338299103e-05,5.44112775e-05,8.255155751e-05,3.303331278e-05,9.033707486e-05,0.0001908720369,0.0004095792973,0.0002119986152,0.0002346387986,0.0008214114591,0.0006956938215,0.0004003456553,0.0007449422152,0.001371152194,0.001031774976,0.002583207688,0.00147118043,0.001654917855,0.002617378936,0.01477285584,0.0127025432,0.006078832091,0.00884136968,0.01943607385,0,0.01391987839,0.01056993456,0.009070612738,0.00892347034,0.01294644398,0.004107154519,0.001239015244,0.0006615781758,0.003651506426,0.001568832562,0.0006524180252,0.0009871869269,0.00115865629,0.0006257788515,0.0003241718932,0.0008994329608,0.0009190425319,9.513781112e-05,0.0001260910186,5.404630666e-05,2.32232334e-05
B:264,3.505591929e-12,7.751527848e-12,1.687229152e-11,3.848783931e-11,8.07381105e-11,1.671948947e-10,3.718947575e-10,8.491167471e-10,1.590166255e-09,3.065463033e-09,7.187568973e-09,1.393863569e-08,2.108845992e-08,4.623747732e-08,1.058763292e-07,1.355843431e-07,2.327270643e-07,5.700219871e-07,9.000349344e-07,6.728842206e-07,3.501961985e-06,3.279055186e-06,2.347533617e-06,9.227968048e-06,7.736070224e-06,7.168179608e-06,4.881288387e-06,2.068182413e-05,7.582402058e-06,4.904207629e-06,3.029900218e-05,1.250615235e-05,8.397556823e-07,1.151298526e-05,1.549498294e-06,1.991687986e-06,6.35941872e-07,6.420386516e-07,1.283957288e-06,9.637951782e-07,3.332099811e-06,4.992904288e-06,8.424702306e-06,9.706689823e-06,1.558465104e-05,1.497791201e-05,1.796324066e-05,4.404615887e-05,5.485965401e-05,4.188554441e-05,4.332314192e-05,0.0001772767167,0.000105545485,0.0001272230521,0.0002220836865,0.0002055287024,0.0003677498226,0.000568983269,0.0008215844144,0.0006674010453,0.002205343767,0.002139775412,0.0008957841191,0.01439829472,0.003613097636,0.003867114743,0.01595951063,0.009170634073,0.003064648201,0.002451412698,0.01382112741,0.002457592817,0.001067301973,0.001096812992,0.001823466547,0.0008554037751,0.0003373198025,0.0008842921105,0.0002020141212,0.0001687638042,0.0001462105868,0.0001375398117,0.0001237782398,0.0001822023319,0.0001024009153,0.0001366012968,0.0001183842507,7.235984831e-05,5.592957017e-11,1.175849305e-10,2.793826083e-10,6.105046124e-10,1.09422371e-09,2.360107401e-09,6.087118128e-09,1.095089115e-08,1.776500079e-08,4.307336831e-08,1.025399926e-07,1.256150362e-07,2.477498465e-07,5.786211373e-07,9.407562814e-07,1.407084256e-06,3.350412983e-06,3.005900604e-06,2.466349772e-06,6.867420595e-06,8.100494688e-06,1.005144529e-05,4.847555895e-06,1.556803209e-05,9.790164762e-06,9.695780774e-06,2.976638128e-05,2.198074614e-05,5.023077379e-06,2.516531835e-06,5.227739845e-06,2.458609466e-06,3.690962236e-07,1.307425123e-06,1.898609174e-06,5.067178026e-06,7.801403784e-06,1.467365067e-05,1.921471367e-05,2.67788694e-05,1.620064999e-05,3.804353809e-05,6.693927398e-05,0.0001406675351,0.0001145678185,0.0001042937286,0.0002776572932,0.0002833626299,0.0003693375779,0.0002722820063,0.0005737373668,0.0005852430276,0.0005492949404,0.001625343694,0.0009843589479,0.0009340004826,0.002068593464,0.006148002669,0.01153251931,0.006123367577,0.006815914063,0.01391987839,0,0.008859570336,0.006514363183,0.006508692821,0.01337596074,0.007483854055,0.003695849137,0.004828371645,0.000990181554,0.002197865823,0.00081219707,0.000629590458,0.000627826297,0.0003475887866,0.0003848222392,0.0005563058586,0.0005206894059,4.169564674e-05,0.0001148522917,5.50549151e-05,2.434484998e-05
B:265,1.900451627e-12,4.305295708e-12,9.756780417e-12,2.305543089e-11,4.947853389e-11,1.065131783e-10,2.504607826e-10,5.856387848e-10,1.125278032e-09,2.33223424e-09,5.755715522e-09,1.125172516e-08,1.82668093e-08,4.380572543e-08,1.019366705e-07,1.335583984e-07,2.722592157e-07,6.71547416e-07,1.060030321e-06,1.006611565e-06,5.241965445e-06,4.69817733e-06,3.705565943e-06,2.123627898e-05,1.209532689e-05,1.231181323e-05,2.266229955e-05,3.516864335e-05,6.957559506e-06,1.034238771e-05,0.0001405134624,1.007012179e-05,3.90572126e-06,6.391169608e-06,2.152653719e-06,2.258232461e-06,5.47524968e-07,4.559029596e-07,1.461072303e-06,3.439437522e-07,1.410030885e-06,1.656685929e-06,3.189271558e-06,3.948070134e-06,6.751222011e-06,7.606903429e-06,1.00709018e-05,2.384937651e-05,2.890042334e-05,3.258641165e-05,3.539410548e-05,0.0001380164217,6.267196403e-05,0.0001390427191,0.000176071797,0.0003473224321,0.0002127722359,0.0002853194523,0.0004349730502,0.0002949748359,0.0003640577063,0.0005784551497,0.0006730659006,0.001242054147,0.00275457444,0.001157037121,0.001480619484,0.003043159236,0.001302971245,0.001066509267,0.00259915212,0.0005040922698,0.001069127128,0.00073883333,0.001733193053,0.0006717688109,0.0005975706402,0.0002198735772,0.0003078362068,0.0006178318684,0.0003163317031,0.0002263078245,0.0002753995523,0.0005111437404,0.0002018686598,0.0002453125913,0.0001697334645,9.355141671e-05,1.139208327e-11,2.485992623e-11,5.917915366e-11,1.314327281e-10,2.498421893e-10,5.572158695e-10,1.405419927e-09,2.750745659e-09,4.886674498e-09,1.148208652e-08,2.691933396e-08,4.182281482e-08,8.04748814e-08,1.758768897e-07,3.129009973e-07,6.10399502e-07,1.244503701e-06,1.179078053e-06,1.56042986e-06,3.335807417e-06,5.019280525e-06,5.288319587e-06,7.005547108e-06,1.078946297e-05,1.043376943e-05,8.260388031e-06,2.501892657e-05,3.096084663e-05,6.312956444e-06,1.167978228e-06,2.821229391e-06,3.986706016e-06,3.038431638e-07,1.046255063e-06,1.593654671e-06,5.7037016e-06,1.02723393e-05,1.726398545e-05,3.173559487e-05,4.966560259e-05,2.706449106e-05,7.678070831e-05,0.0001530848817,0.0003071748008,0.0002262599816,0.0002913574867,0.0007401053382,0.0007457628084,0.0006474251788,0.0008844074346,0.001687543867,0.001318485575,0.001114494263,0.002364930161,0.004267848548,0.0007947371434,0.002676997941,0.00699758712,0.008103872654,0.0141425268,0.009992651845,0.01056993456,0.008859570336,0,0.02547672764,0.006063778224,0.008923200595,0.01379924702,0.01433724338,0.001865030838,0.002838046014,0.002142465347,0.002305458042,0.001482087774,0.001828073047,0.001005325455,0.0004135178689,0.001898087046,0.001976157002,0.0001151037591,0.0001926348474,0.0001002879168,3.633114862e-05
B:266,8.234573537e-13,1.887847213e-12,4.354036582e-12,1.048108784e-11,2.275994458e-11,4.949972642e-11,1.187225651e-10,2.805063962e-10,5.414381833e-10,1.144400257e-09,2.880677594e-09,5.626851738e-09,9.228722283e-09,2.27985738e-08,5.334049867e-08,6.907009136e-08,1.461487699e-07,3.671890409e-07,5.695304035e-07,5.498230991e-07,2.928629738e-06,2.666265301e-06,1.973912709e-06,1.240706598e-05,6.807477912e-06,7.258598165e-06,1.375814858e-05,2.064916936e-05,4.732082529e-06,6.117392737e-06,9.215186001e-05,8.462219108e-06,2.377661267e-06,5.611869047e-06,1.457510597e-06,1.497097709e-06,3.356550318e-07,2.708749956e-07,9.005743456e-07,2.336858592e-07,1.219930433e-06,1.590132643e-06,2.804120255e-06,4.355098388e-06,7.56998023e-06,7.783512521e-06,1.12845571e-05,2.955159462e-05,3.469065287e-05,3.187594244e-05,5.036933184e-05,0.0001691584705,6.228755891e-05,0.0001476034645,0.0002931993602,0.0002755935338,0.0003119380747,0.0003359174753,0.0007376883151,0.0004509089094,0.0007237554116,0.0006091646103,0.0006463243783,0.002202808211,0.00057700897,0.00105861635,0.000556833287,0.002511719206,0.001080531968,0.001550182031,0.00372756317,0.001292860154,0.001343747142,0.00291039135,0.002459199818,0.0009140480782,0.0006163863964,0.0004743685122,0.0005212738099,0.0004062790507,0.0002256811966,0.0001318424387,0.000350254067,0.0004178177199,0.0002137288946,0.0002904833923,0.0002291261205,0.0001363271351,6.896799269e-12,1.553019076e-11,3.893802886e-11,8.760492929e-11,1.689417643e-10,3.964200702e-10,1.039104126e-09,1.984991488e-09,3.664253484e-09,9.232979011e-09,2.165664025e-08,3.276116598e-08,7.067046841e-08,1.56902091e-07,2.632415679e-07,5.843084271e-07,1.23779304e-06,1.09220178e-06,1.272339216e-06,4.098109208e-06,4.68536242e-06,4.893677483e-06,7.70984354e-06,1.125322237e-05,8.140571705e-06,7.416747279e-06,3.790665286e-05,1.735599832e-05,5.122190105e-06,7.094498817e-07,2.198315995e-06,3.352644537e-06,2.198398374e-07,6.483437322e-07,9.24983337e-07,3.117279321e-06,5.589941583e-06,9.254398091e-06,1.788669955e-05,2.90375537e-05,1.56768745e-05,4.285219132e-05,9.584202257e-05,0.0001903585759,0.0001310246199,0.0001736908501,0.0005558384712,0.0004768542179,0.0003699794667,0.0006492409986,0.001416657327,0.0007455795212,0.0009067560369,0.001738450912,0.001913336737,0.002385669004,0.002196033698,0.002693149199,0.002292079387,0.01316981435,0.01347612577,0.009070612738,0.006514363183,0.02547672764,0,0.007189921134,0.01085430442,0.01025561509,0.01276810773,0.005174529629,0.007621771633,0.002837557631,0.001106417573,0.003527324986,0.0028759927,0.00115050404,0.0006208371776,0.002295687808,0.002896298511,0.0002369270383,0.0003071302658,0.0001428416628,6.098344021e-05
B:267,2.906632113e-13,6.676365479e-13,1.533654911e-12,3.695348654e-12,8.064955775e-12,1.743146549e-11,4.140354753e-11,9.833251719e-11,1.900265523e-10,3.94324581e-10,9.87841214e-10,1.954356324e-09,3.146943298e-09,7.593940861e-09,1.799261423e-08,2.347272025e-08,4.650708598e-08,1.189891821e-07,1.896208886e-07,1.632341137e-07,8.880324827e-07,8.693431972e-07,6.323954074e-07,3.113812012e-06,2.530117992e-06,2.353945121e-06,2.418973984e-06,6.891130365e-06,2.427314823e-06,1.937702912e-06,1.553783317e-05,4.360909581e-06,4.381009544e-07,2.803985588e-06,6.529986322e-07,6.790965053e-07,1.608926127e-07,1.680163321e-07,3.8871207e-07,1.802743144e-07,7.215744851e-07,9.188701983e-07,1.830839794e-06,2.137424458e-06,3.371320238e-06,4.084716899e-06,5.235019817e-06,1.265605914e-05,1.535735897e-05,1.442259232e-05,2.013544143e-05,6.500266239e-05,4.11485353e-05,6.84046912e-05,6.485975556e-05,0.0001011502791,0.0001320182146,0.0001177080204,0.0001324692895,0.0001531763601,0.0002543672925,0.0002044831247,0.0004035400394,0.0004478085533,0.0004835724641,0.0007924078553,0.002772799461,0.01367172995,0.002406196864,0.003474036148,0.01059504888,0.01164532952,0.002511004972,0.006400849281,0.01446800421,0.00212646703,0.0009275724691,0.001704499836,0.0007051337008,0.0004913264845,0.0001243727483,0.000197926934,0.0001206562504,0.000162065505,0.0001191776764,0.0001720134709,0.0002375095837,0.0001598830603,4.994305533e-12,1.084785446e-11,2.674781773e-11,5.968034927e-11,1.106640934e-10,2.511332191e-10,6.669508449e-10,1.232096774e-09,2.154783274e-09,5.443970249e-09,1.307943057e-08,1.719433275e-08,3.808538801e-08,8.742591633e-08,1.446718612e-07,2.555455594e-07,6.534167474e-07,5.573565693e-07,5.24684679e-07,1.732751411e-06,2.10851166e-06,2.202400668e-06,1.721358594e-06,5.662488606e-06,2.99320952e-06,2.785926892e-06,8.168838487e-06,7.487252823e-06,1.58151845e-06,6.116603555e-07,1.227220565e-06,8.859143631e-07,9.099459468e-08,2.775357963e-07,3.451561229e-07,1.167601174e-06,1.734233016e-06,3.287815175e-06,4.938915711e-06,7.782542653e-06,5.368731002e-06,1.160048558e-05,2.286996007e-05,5.112846297e-05,3.826294917e-05,3.917217136e-05,0.0001217167591,0.0001393974928,0.0001118697391,0.0001212239677,0.0002933227006,0.0003269888846,0.0002311815813,0.000435930684,0.0004469622904,0.0007078140182,0.001702143128,0.0006181305982,0.0009448799696,0.002042602233,0.004626732476,0.00892347034,0.006508692821,0.006063778224,0.007189921134,0,0.008293202364,0.006649336982,0.006568236615,0.01110568241,0.004350597132,0.001893587586,0.001053154302,0.0006425155694,0.001533634308,0.0004233808738,0.0003591028601,0.0006925142873,0.0008757351904,7.741361691e-05,0.000156053396,0.0001085671278,6.61958373e-05
B:268,1.165582231e-13,2.719120151e-13,6.420829613e-13,1.57844318e-12,3.490295327e-12,7.77409447e-12,1.918447227e-11,4.615415483e-11,9.13343893e-11,2.000575796e-10,5.161795101e-10,1.027316502e-09,1.770470414e-09,4.519259969e-09,1.074887263e-08,1.450671503e-08,3.302799609e-08,8.380025274e-08,1.33708677e-07,1.434107714e-07,7.784147244e-07,7.392341654e-07,5.95007213e-07,3.869688934e-06,2.788167759e-06,2.447602927e-06,4.653669832e-06,1.030920582e-05,2.834381751e-06,2.574169596e-06,3.730115567e-05,5.433212183e-06,8.052204309e-07,2.184252843e-06,7.04332834e-07,6.593375091e-07,1.175827068e-07,1.176568019e-07,3.213142143e-07,1.009052958e-07,4.918566616e-07,5.698054114e-07,1.240973658e-06,1.467739479e-06,2.353007965e-06,3.655030907e-06,4.210667959e-06,1.005783472e-05,1.299048699e-05,1.422873982e-05,1.945419916e-05,6.023508984e-05,4.728296057e-05,8.430654652e-05,7.106305176e-05,0.0001065841498,0.0002113650186,0.0001015484151,0.0001384159944,0.0001217730758,0.0002400607787,0.0004655487068,0.0003739172916,0.001306907052,0.0007302897828,0.001292442766,0.005019238212,0.00260722524,0.0004459777729,0.001128266486,0.01290772705,0.004319327403,0.0004995024393,0.001165852107,0.008481576975,0.002861206607,0.0008774781918,0.0009465123909,0.001025200654,0.0009550812266,0.0003278916787,0.0005074179914,0.0003094768137,0.0006495396377,0.000234382191,0.0003222459428,0.0003117325424,0.0001943120168,1.979352828e-12,4.425622709e-12,1.127170309e-11,2.570818799e-11,4.904219154e-11,1.150783204e-10,3.121331232e-10,5.893805532e-10,1.07388882e-09,2.793749551e-09,6.782270648e-09,9.442939771e-09,2.175877149e-08,5.048334156e-08,8.479472278e-08,1.657463574e-07,4.240556448e-07,3.759919429e-07,3.796561091e-07,1.335255385e-06,1.795219159e-06,1.692062199e-06,1.685945068e-06,5.810712176e-06,2.844962714e-06,2.580628517e-06,8.761725998e-06,9.989311325e-06,1.55439893e-06,4.985433457e-07,1.118774952e-06,9.532916022e-07,7.761170155e-08,2.187909002e-07,2.478820066e-07,1.004304492e-06,1.466369775e-06,2.8649762e-06,5.000181133e-06,8.316315436e-06,6.566552171e-06,1.533277336e-05,3.250797468e-05,6.832807084e-05,5.986128017e-05,7.999876368e-05,0.0002208910221,0.0002511073243,0.0002673020597,0.000306825123,0.0007139063179,0.0006235417662,0.0006185180374,0.0009522821299,0.001590136788,0.0004918654021,0.001505281993,0.003451945324,0.001381888031,0.00131041376,0.004648285679,0.01294644398,0.01337596074,0.008923200595,0.01085430442,0.008293202364,0,0.01904567707,0.009296279954,0.006635001121,0.01348502465,0.01361346356,0.002067566354,0.001234015909,0.001422081374,0.003251625712,0.0006568574296,0.002014638692,0.002697994492,0.0001949710631,0.0003204851075,0.0001632312143,6.793991472e-05
B:269,5.418260685e-14,1.283652471e-13,3.107610097e-13,7.806920814e-13,1.748939067e-12,3.970904369e-12,1.008535865e-11,2.451321071e-11,4.894592017e-11,1.110697179e-10,2.93417904e-10,5.82107192e-10,1.031526621e-09,2.746709617e-09,6.535987454e-09,8.780471903e-09,2.147177584e-08,5.478168899e-08,8.534028754e-08,1.004617128e-07,5.420759296e-07,5.022359852e-07,3.990789334e-07,3.075559632e-06,1.781391624e-06,1.707382395e-06,4.590350652e-06,7.131109953e-06,1.616539869e-06,1.787873271e-06,3.840437633e-05,3.858385752e-06,7.428272202e-07,1.407037193e-06,4.522596727e-07,4.191427843e-07,6.718353993e-08,5.856506471e-08,1.943424816e-07,4.158117437e-08,2.632854813e-07,3.051113259e-07,6.425441802e-07,9.902820361e-07,1.745946007e-06,2.372958396e-06,3.476686578e-06,8.970164e-06,1.177661941e-05,1.340259066e-05,2.326962884e-05,7.023734649e-05,4.349043989e-05,0.0001025970526,0.0001571007985,0.0001996794204,0.000220582508,0.0002870129163,0.0004674601195,0.0001358945323,0.0002769469686,0.0007265895625,0.0004393604799,0.0005985180226,0.0008249628053,0.001332563699,0.001287686808,0.00106529921,0.001020642102,0.001254640171,0.002343575044,0.0004501183806,0.001039033313,0.0004348349546,0.002369034352,0.0009982169338,0.001013456816,0.0008053227087,0.0009999939141,0.001293660122,0.000895275247,0.001121039503,0.0004741707349,0.001158339434,0.0003904369679,0.0003982082132,0.0004377306192,0.0002608849922,6.073124894e-13,1.417336473e-12,3.707996258e-12,8.601264147e-12,1.722752619e-11,4.240897141e-11,1.153659187e-10,2.273060013e-10,4.482389884e-10,1.182226039e-09,2.834862454e-09,4.555448072e-09,1.085957359e-08,2.433374913e-08,4.15482369e-08,1.054857308e-07,2.408497591e-07,2.097835919e-07,2.603156047e-07,1.036259379e-06,1.1972383e-06,1.105251322e-06,2.330307947e-06,4.192541427e-06,2.26265275e-06,2.050293539e-06,1.533766595e-05,6.463086717e-06,1.425003563e-06,2.010546823e-07,5.823161166e-07,9.958213914e-07,5.214313828e-08,1.345617187e-07,1.483610382e-07,6.145287002e-07,9.900207481e-07,1.786389853e-06,3.678159202e-06,6.477395791e-06,4.559044839e-06,1.192166683e-05,2.688788813e-05,5.686207114e-05,4.695755732e-05,7.07369597e-05,0.000202632324,0.0002268709688,0.0001962689062,0.0003663825277,0.0007266705012,0.000537282275,0.0005986671367,0.00138014579,0.001396475951,0.0005873382602,0.001838150958,0.00268984228,0.001933572526,0.001434504887,0.003912514563,0.004107154519,0.007483854055,0.01379924702,0.01025561509,0.006649336982,0.01904567707,0,0.01928280444,0.006400550949,0.01022052615,0.01441978182,0.008106314031,0.003883825388,0.004303707224,0.001247192504,0.001948134344,0.004061449493,0.005022134174,0.0003088123701,0.000470639585,0.0002842613159,0.0001221689827
B:270,1.952005392e-14,4.652511376e-14,1.135404384e-13,2.877166776e-13,6.484935509e-13,1.479163295e-12,3.78793957e-12,9.258542643e-12,1.855097422e-11,4.239704935e-11,1.129107618e-10,2.244594263e-10,3.996123458e-10,1.074723179e-09,2.568430658e-09,3.441381719e-09,8.50211457e-09,2.196101907e-08,3.41192149e-08,3.966929217e-08,2.193058355e-07,2.085646957e-07,1.584779102e-07,1.237807269e-06,8.013330615e-07,7.378601903e-07,1.738707428e-06,3.333600536e-06,9.557689199e-07,7.696821041e-07,1.538019037e-05,2.609819673e-06,2.691905184e-07,9.027354535e-07,2.399558598e-07,2.216441213e-07,3.397967256e-08,3.162421076e-08,9.593721327e-08,2.617672923e-08,1.715957902e-07,2.048478191e-07,4.290398897e-07,6.663608219e-07,1.173521567e-06,1.650100521e-06,2.403878929e-06,6.206318623e-06,8.569773056e-06,9.271149179e-06,1.706539772e-05,4.933417646e-05,3.646473866e-05,7.149974605e-05,0.000107820637,0.0001350971818,0.0001595261579,0.0001922369416,0.0002954737033,0.0001284631919,0.000206864566,0.0004011707872,0.0002791617749,0.0003614342952,0.0004070460012,0.0009173626464,0.001114257007,0.001149834987,0.0007029989977,0.002828744404,0.006176376003,0.001276435221,0.000437849168,0.00526601164,0.01497667536,0.001420324749,0.0004423162509,0.002447162967,0.005779795089,0.00106940035,0.0007049924653,0.001077786988,0.0003291806321,0.0004218743275,0.0002589682017,0.000310788626,0.0005481175582,0.0004095447568,3.441471947e-13,8.078744611e-13,2.157854893e-12,5.022961835e-12,1.002564109e-11,2.508645465e-11,6.967473454e-11,1.345303397e-10,2.670688995e-10,7.274846761e-10,1.754580643e-09,2.692348718e-09,6.805699337e-09,1.551543191e-08,2.572061204e-08,6.568387118e-08,1.583412375e-07,1.353179032e-07,1.490303167e-07,7.118939587e-07,7.608529454e-07,6.983614564e-07,1.398067365e-06,2.937238593e-06,1.256247411e-06,1.234368419e-06,1.004074027e-05,3.284683784e-06,7.884466137e-07,1.393187677e-07,3.833890146e-07,5.432328062e-07,2.886563341e-08,6.925475027e-08,6.991713897e-08,2.724042922e-07,4.043667477e-07,7.643635805e-07,1.48096298e-06,2.645697086e-06,2.073913956e-06,4.907026003e-06,1.132177164e-05,2.474666679e-05,2.085203929e-05,2.996187609e-05,9.486113544e-05,0.0001079333082,9.187801988e-05,0.0001618358878,0.0004005330929,0.0002686644794,0.0002552536869,0.0007299000732,0.0009114481047,0.0003235720059,0.001159844267,0.001359744359,0.0006613234337,0.003119797264,0.001594036177,0.001239015244,0.003695849137,0.01433724338,0.01276810773,0.006568236615,0.009296279954,0.01928280444,0,0.009076055144,0.01066584713,0.00884464875,0.01107428385,0.01278830903,0.005209718658,0.00110425491,0.0007618093059,0.004090377219,0.004532130423,0.0003581756261,0.0007870450837,0.0002990961058,0.0001794691335
B:271,9.996371734e-15,2.395526172e-14,5.839030887e-14,1.481461124e-13,3.3686046e-13,7.693569137e-13,1.955581213e-12,4.81849724e-12,9.768864103e-12,2.207943407e-11,5.847386983e-11,1.191797856e-10,2.122350895e-10,5.555470428e-10,1.348774977e-09,1.893205842e-09,4.413828403e-09,1.136769017e-08,1.875377811e-08,2.132061176e-08,1.118742052e-07,1.128940135e-07,9.97204995e-08,5.821457902e-07,5.040809898e-07,4.210740187e-07,7.487265552e-07,1.897741868e-06,6.115370955e-07,5.324025204e-07,5.931360932e-06,1.138893348e-06,1.913980658e-07,3.829517144e-07,1.483203888e-07,1.288496476e-07,2.097291042e-08,2.412870312e-08,5.974383154e-08,1.869219903e-08,8.708458319e-08,9.89725933e-08,2.281753884e-07,2.550649032e-07,4.084325755e-07,6.987046213e-07,8.437197767e-07,1.966576773e-06,2.843765421e-06,3.215639493e-06,5.173166775e-06,1.42756111e-05,1.509401978e-05,2.501300207e-05,2.228239088e-05,3.660451931e-05,7.944166954e-05,4.52512591e-05,5.44076223e-05,9.669775099e-05,0.0001140218521,0.0001081149095,9.987618432e-05,0.0002919730823,0.000146150354,0.0004515939329,0.0005593254862,0.00126891114,0.001406461291,0.001557062131,0.01281972513,0.00644634338,0.00245717326,0.01431358698,0.01343270903,0.003431057402,0.002529308315,0.01193939403,0.002607540281,0.0013967044,0.0005698135431,0.0005497480243,0.0003078209056,0.0003605058293,0.0004287769913,0.0002924717041,0.000447770422,0.0003296255008,2.463961913e-13,5.527683463e-13,1.43242391e-12,3.261933794e-12,6.203324815e-12,1.486368761e-11,4.12054054e-11,7.627665354e-11,1.423108185e-10,3.829629039e-10,9.336336222e-10,1.235962484e-09,3.147649782e-09,7.360094516e-09,1.20384017e-08,2.377670276e-08,6.769455871e-08,5.769367143e-08,5.232156292e-08,2.340124534e-07,2.955101311e-07,2.63469443e-07,2.54504542e-07,1.241871058e-06,4.494046488e-07,4.12457105e-07,1.728837252e-06,1.943189709e-06,2.258664308e-07,1.144776994e-07,2.024470987e-07,1.356142549e-07,1.146454373e-08,3.095943134e-08,3.084546782e-08,1.523731163e-07,2.022112005e-07,4.236618625e-07,6.941815142e-07,1.169899588e-06,1.124579457e-06,2.308506712e-06,4.870605226e-06,1.057529886e-05,1.003502577e-05,1.299222985e-05,3.670449307e-05,4.593361488e-05,5.155826166e-05,5.744915609e-05,0.0001290972928,0.0001562473117,0.0001211825608,0.0001870841088,0.0003085650322,0.0002499481818,0.0003108341488,0.0004475694363,0.0004471680082,0.0005952193772,0.00138439382,0.0006615781758,0.004828371645,0.001865030838,0.005174529629,0.01110568241,0.006635001121,0.006400550949,0.009076055144,0,0.006975035965,0.00596905422,0.007217282389,0.009762584846,0.005621215165,0.002449543986,0.004451176761,0.0010367247,0.002226219888,0.0006397718913,0.0003868704904,0.0002257823614,0.0001662491541
B:272,3.215604287e-15,7.857934759e-15,1.988275908e-14,5.184399402e-14,1.195742637e-13,2.827025554e-13,7.542918547e-13,1.880586479e-12,3.885681498e-12,9.378281375e-12,2.577243393e-11,5.209324101e-11,9.915509234e-11,2.798068457e-10,6.772620622e-10,9.508233325e-10,2.598664939e-09,6.731935309e-09,1.063917275e-08,1.471424815e-08,8.00383346e-08,7.653470178e-08,6.557518041e-08,5.692240154e-07,3.721249059e-07,3.227401543e-07,1.040244782e-06,1.875886807e-06,4.490391844e-07,4.243289997e-07,1.076885599e-05,1.120171476e-06,1.823977987e-07,2.713886463e-07,1.091513958e-07,9.250821877e-08,1.153651902e-08,1.113971838e-08,3.578911459e-08,6.893799046e-09,4.73175486e-08,4.906653588e-08,1.201677281e-07,1.671089972e-07,2.874874329e-07,5.301413438e-07,6.979950076e-07,1.747150895e-06,2.45427138e-06,3.250358089e-06,5.922504031e-06,1.61067361e-05,1.464611523e-05,3.405791029e-05,4.253665324e-05,5.592732314e-05,0.0001194693538,8.51064982e-05,0.0001445743541,9.425176451e-05,0.0001378595055,0.0001861314993,0.0002692037798,0.0001680433515,0.0002588659447,0.000344097487,0.0004195771374,0.0005802076776,0.0006075102766,0.0006555671393,0.001254933615,0.002256747117,0.00114813037,0.0009325563986,0.00453426942,0.00156978169,0.001148910929,0.001943157796,0.0004774677472,0.0009123373295,0.0005667853387,0.004415677711,0.0007095682788,0.001185832804,0.001041605626,0.0006107803974,0.0007112784605,0.0004991750468,5.593273539e-14,1.335815837e-13,3.636376143e-13,8.620321956e-13,1.756221138e-12,4.483322301e-12,1.268108281e-11,2.507761335e-11,5.131093294e-11,1.421250778e-10,3.491978326e-10,5.555609889e-10,1.456478608e-09,3.356159658e-09,5.74176683e-09,1.499167602e-08,3.853293296e-08,3.360888624e-08,3.989118361e-08,1.875557852e-07,2.353459165e-07,1.952235448e-07,4.10764419e-07,1.112285963e-06,4.457525353e-07,4.082777854e-07,3.333938024e-06,1.846674877e-06,2.704198925e-07,5.45034306e-08,1.34843961e-07,1.923659649e-07,9.27421209e-09,2.213045695e-08,2.002306809e-08,1.006238575e-07,1.426174962e-07,2.853230685e-07,5.898709358e-07,1.10292984e-06,1.016802674e-06,2.428075826e-06,5.700108807e-06,1.253199113e-05,1.212523327e-05,1.966995206e-05,5.693350144e-05,7.237492815e-05,7.528062532e-05,0.0001346447053,0.0002972532387,0.0002549508415,0.0003229281767,0.0006532399909,0.0008695799952,0.0003852543143,0.001298017522,0.001608864961,0.0008389833146,0.001155216333,0.002805453122,0.003651506426,0.000990181554,0.002838046014,0.007621771633,0.004350597132,0.01348502465,0.01022052615,0.01066584713,0.006975035965,0,0.02622190988,0.007995112611,0.008466959795,0.0136050152,0.01397443967,0.002656971707,0.004217230339,0.007760459449,0.001924283792,0.0006238363014,0.0004692995504,0.0003046176566
B:273,1.312743251e-15,3.237424929e-15,8.301054937e-15,2.190056093e-14,5.091162727e-14,1.215524922e-13,3.287449049e-13,8.246413583e-13,1.71369739e-12,4.201796903e-12,1.166990855e-11,2.36149877e-11,4.553163898e-11,1.30663871e-10,3.169203314e-10,4.458393193e-10,1.248015908e-09,3.254734084e-09,5.114798287e-09,7.286420764e-09,3.961144431e-08,3.817269317e-08,3.251047777e-08,2.928706286e-07,1.890432911e-07,1.663209045e-07,5.629335354e-07,9.93813413e-07,2.473399645e-07,2.221064086e-07,6.058973112e-06,6.882641633e-07,9.778249791e-08,1.578399763e-07,5.955855271e-08,5.026137541e-08,5.94686353e-09,5.672719609e-09,1.860853472e-08,3.44493235e-09,2.604185006e-08,2.731147939e-08,6.627061746e-08,1.006090107e-07,1.78740351e-07,3.192847673e-07,4.54461759e-07,1.1701037e-06,1.689547824e-06,2.215112648e-06,4.420177448e-06,1.182264116e-05,1.076456946e-05,2.532235964e-05,3.663465193e-05,4.628819989e-05,8.591635423e-05,8.96104062e-05,0.0001400339599,8.033359552e-05,0.0001377532633,0.0002583854877,0.0001912664638,0.000153709172,0.0002914408726,0.0005068648552,0.0003833894981,0.0002528648903,0.0006037275524,0.0005956992956,0.001059792608,0.0005769206048,0.001186520444,0.0003469037956,0.001237757557,0.001032799005,0.001718048009,0.003096780502,0.001490923384,0.001226065007,0.003256150356,0.001987274622,0.0007143497226,0.00108805336,0.000872132122,0.0004780725115,0.0007322697208,0.0005593524414,2.331063266e-14,5.679687766e-14,1.575644262e-13,3.766947577e-13,7.817509362e-13,2.047065869e-12,5.84839789e-12,1.166444449e-11,2.467726271e-11,6.961748059e-11,1.708669945e-10,2.810098655e-10,7.641510613e-10,1.754170509e-09,2.983336347e-09,8.528969206e-09,2.164140042e-08,1.861351919e-08,2.254449078e-08,1.188158089e-07,1.370522569e-07,1.134231856e-07,2.89230009e-07,6.974301451e-07,2.61854316e-07,2.470740947e-07,2.621777488e-06,9.815788911e-07,1.651834912e-07,2.809329626e-08,7.350544482e-08,1.208656556e-07,5.103902979e-09,1.157336237e-08,9.97378217e-09,4.948199862e-08,7.008279323e-08,1.392498674e-07,2.95540783e-07,5.642313846e-07,5.255159647e-07,1.252954753e-06,3.018497221e-06,6.726095191e-06,6.491186725e-06,1.080140359e-05,3.230820204e-05,4.136692322e-05,4.116896195e-05,8.312537773e-05,0.0001819987593,0.0001522298739,0.0001874178812,0.0004782559314,0.0005387559534,0.0002420917881,0.0008853390644,0.001279981351,0.0004557330263,0.0009779129087,0.001841863532,0.001568832562,0.002197865823,0.002142465347,0.002837557631,0.001893587586,0.01361346356,0.01441978182,0.00884464875,0.00596905422,0.02622190988,0,0.01267498975,0.01026584641,0.01089670958,0.01448278135,0.008343001388,0.008530815037,0.007682685532,0.0005555711207,0.003104071965,0.000567975434,0.0003930206785
B:274,4.281251749e-16,1.059253117e-15,2.724516429e-15,7.214630083e-15,1.683417022e-14,4.028550094e-14,1.09246562e-13,2.751456965e-13,5.739617879e-13,1.408791169e-12,3.92474553e-12,7.983624303e-12,1.542636682e-11,4.427692393e-11,1.079996827e-10,1.526122466e-10,4.258575028e-10,1.118694037e-09,1.775030384e-09,2.4702992e-09,1.371877771e-08,1.354397198e-08,1.136102026e-08,9.917529374e-08,7.390014328e-08,6.13825309e-08,1.757644155e-07,3.959059388e-07,1.218170681e-07,8.353900373e-08,1.935253575e-06,3.804723e-07,3.178299136e-08,8.322027998e-08,2.637676125e-08,2.220550687e-08,2.557920902e-09,2.615173846e-09,7.959155816e-09,1.790688754e-09,1.367109983e-08,1.501483698e-08,3.537154336e-08,5.47284664e-08,9.949170483e-08,1.767518691e-07,2.60747306e-07,6.65666368e-07,1.051337177e-06,1.339485639e-06,2.675199179e-06,7.230555445e-06,7.941880719e-06,1.531433773e-05,2.198131468e-05,3.380952001e-05,5.746273176e-05,5.921114379e-05,9.265685217e-05,9.606591902e-05,0.0001184032678,0.0001470310179,0.0001950895671,0.0001696884752,0.0002189960205,0.000298888466,0.0002450445812,0.0004689890434,0.0006712508929,0.0006495960658,0.0006683089052,0.002161578301,0.002146006865,0.0006833841411,0.01471786778,0.0009935104924,0.003165350802,0.008771870854,0.01610430334,0.003014304842,0.004043477793,0.01377418108,0.001056455455,0.002331381453,0.002499626671,0.0005574972433,0.0008510419584,0.0008260815541,1.123400996e-14,2.743350011e-14,7.683910143e-14,1.831875658e-13,3.79150934e-13,1.003607672e-12,2.893560376e-12,5.683504745e-12,1.21468197e-11,3.48608944e-11,8.53793094e-11,1.367235104e-10,3.874721835e-10,8.945957485e-10,1.483583185e-09,4.334980087e-09,1.122391835e-08,9.545161559e-09,1.062391923e-08,6.474908173e-08,6.835425604e-08,5.727358639e-08,1.466179879e-07,3.750025498e-07,1.18446355e-07,1.196619453e-07,1.422510436e-06,4.094967926e-07,7.590711968e-08,1.556478558e-08,3.740372508e-08,5.463209619e-08,2.333482011e-09,5.02810942e-09,4.023696128e-09,1.897070749e-08,2.463185575e-08,5.186314229e-08,1.008608491e-07,1.913834852e-07,1.997044933e-07,4.373014799e-07,1.032831814e-06,2.359543013e-06,2.38804038e-06,3.788046431e-06,1.13541096e-05,1.545552595e-05,1.637557221e-05,2.745287265e-05,6.707180147e-05,6.58170162e-05,6.394602687e-05,0.0001537349269,0.0002461911343,0.0001094570373,0.0002709775271,0.0004462852411,0.0003551226778,0.0003070629468,0.0007533406819,0.0006524180252,0.00081219707,0.002305458042,0.001106417573,0.001053154302,0.002067566354,0.008106314031,0.01107428385,0.007217282389,0.007995112611,0.01267498975,0,0.01874966594,0.007931731321,0.006094673923,0.009134971103,0.008953609262,0.005267118254,0.002090789262,0.001844254081,0.0004513198105,0.0004849144223
B:275,1.864527978e-16,4.674751119e-16,1.22163898e-15,3.2664352e-15,7.714727761e-15,1.884086038e-14,5.186318092e-14,1.317121663e-13,2.808139129e-13,7.065855291e-13,1.982635919e-12,4.096219687e-12,8.24624876e-12,2.391847248e-11,5.853141907e-11,8.690515431e-11,2.509265784e-10,6.516015078e-10,1.057428196e-09,1.656941716e-09,8.725403073e-09,8.630874566e-09,8.275776667e-09,7.18912185e-08,5.20564751e-08,4.307303766e-08,1.553926426e-07,3.085087122e-07,7.90664725e-08,6.957378449e-08,1.845370433e-06,1.92932753e-07,3.282883391e-08,3.40902216e-08,1.676334022e-08,1.34119471e-08,1.435252151e-09,1.501335811e-09,4.757637795e-09,7.839921469e-10,5.454635369e-09,5.162996325e-09,1.4052215e-08,1.787302198e-08,3.076989567e-08,7.252952642e-08,9.230909115e-08,2.243539015e-07,3.521996987e-07,5.3596663e-07,1.057959626e-06,2.632187413e-06,3.392393505e-06,7.825949847e-06,9.269991791e-06,1.316698157e-05,3.880827943e-05,2.806423138e-05,4.015253812e-05,5.989861953e-05,8.089400854e-05,7.994320564e-05,9.080068228e-05,0.0001651530523,0.0001336191999,0.0001903923481,0.0001871369893,0.0001619061486,0.0002367274302,0.000754608778,0.0007514376931,0.0006554607089,0.0006345346638,0.005890891126,0.0008513182755,0.0003478940423,0.0008642156421,0.01288725931,0.006106469589,0.0003821412764,0.001283723206,0.004055964851,0.002162242644,0.000694406332,0.001899717383,0.0008594879813,0.0007938449555,0.0007568185761,3.491391723e-15,8.469924043e-15,2.353109096e-14,5.623019456e-14,1.164054633e-13,3.063539542e-13,8.861544712e-13,1.765183879e-12,3.779375548e-12,1.080147184e-11,2.688854898e-11,4.308688328e-11,1.232698079e-10,2.881939584e-10,4.958240244e-10,1.349816236e-09,3.830837096e-09,3.365715484e-09,3.928121163e-09,2.168471284e-08,2.866323611e-08,2.196040534e-08,4.945702662e-08,1.813304589e-07,5.675969464e-08,5.245756988e-08,5.270218014e-07,3.195707189e-07,3.403684562e-08,9.339076831e-09,1.898532867e-08,2.4696288e-08,1.072541712e-09,2.471834683e-09,1.953350375e-09,1.183715572e-08,1.551248447e-08,3.316556061e-08,6.779384153e-08,1.310206492e-07,1.451336664e-07,3.29267281e-07,7.899879065e-07,1.787305686e-06,1.953354092e-06,3.352674776e-06,9.694537746e-06,1.354183229e-05,1.624476669e-05,2.947459104e-05,6.529611749e-05,6.984339773e-05,8.913650409e-05,0.000182167371,0.0002651563236,0.0001919638616,0.0004067597959,0.0005559254269,0.000431712083,0.0006156552907,0.0009906434463,0.0009871869269,0.000629590458,0.001482087774,0.003527324986,0.0006425155694,0.001234015909,0.003883825388,0.01278830903,0.009762584846,0.008466959795,0.01026584641,0.01874966594,0,0.01802902872,0.009203139354,0.007320208978,0.01074872077,0.02142322039,0.002723304402,0.001021533108,0.0006181989941,0.0006373755697
B:276,6.875421784e-17,1.748240675e-16,4.685676168e-16,1.278538836e-15,3.051726587e-15,7.600543253e-15,2.155309255e-14,5.521135324e-14,1.186952855e-13,3.097664774e-13,8.902570854e-13,1.82807351e-12,3.792517645e-12,1.148842729e-11,2.817063681e-11,4.136438826e-11,1.289828014e-10,3.395965669e-10,5.364888132e-10,9.025137595e-10,4.912394937e-09,4.783574759e-09,4.3642589e-09,4.531918828e-08,2.980207608e-08,2.500189167e-08,1.080678708e-07,1.961084514e-07,4.767013384e-08,3.9556224e-08,1.418345833e-06,1.54359675e-07,1.92130127e-08,2.559964889e-08,1.033552976e-08,8.310254201e-09,7.825045623e-10,7.643570643e-10,2.622680512e-09,4.055293947e-10,3.6730288e-09,3.692212701e-09,9.554585508e-09,1.519235298e-08,2.808785739e-08,5.747768305e-08,8.425770108e-08,2.187483713e-07,3.483028905e-07,5.036084514e-07,1.069763253e-06,2.790483462e-06,3.228121643e-06,7.515316557e-06,1.119464711e-05,1.595812233e-05,3.60212257e-05,3.536115588e-05,6.0871977e-05,5.640212435e-05,8.78702504e-05,0.0001374099225,0.0001584768212,0.0001091926399,0.0002359651744,0.0003745678752,0.0001463490711,0.0002003227444,0.0007564183257,0.0005274737236,0.000589816483,0.001373290567,0.001509442868,0.0008956447358,0.002976466986,0.0008534881463,0.00120408884,0.002711449846,0.0005010429783,0.0007243480085,0.0004237916181,0.00170919855,0.001509775331,0.001659662647,0.001987385505,0.0016609857,0.001503293027,0.001214117164,1.616983416e-15,4.095893262e-15,1.185384655e-14,2.892662982e-14,6.217810823e-14,1.711719488e-13,5.030706756e-13,1.019903181e-12,2.302096113e-12,6.770816922e-12,1.676767303e-11,2.901820998e-11,8.570743821e-11,1.982458208e-10,3.369734016e-10,1.101793303e-09,2.874285081e-09,2.466516631e-09,3.083735806e-09,1.951261105e-08,2.184387181e-08,1.708865408e-08,5.516737217e-08,1.41560538e-07,4.437351504e-08,4.28024266e-08,6.259068348e-07,2.006080428e-07,2.911923471e-08,4.725149845e-09,1.199651411e-08,2.221843346e-08,7.542698357e-10,1.576946886e-09,1.14185678e-09,6.466979099e-09,8.600718815e-09,1.80989783e-08,4.053224771e-08,8.221234989e-08,8.970906885e-08,2.130610532e-07,5.35334374e-07,1.230836701e-06,1.334087121e-06,2.452956401e-06,7.287251163e-06,1.028995024e-05,1.158429771e-05,2.491187502e-05,5.612928421e-05,5.305050255e-05,7.70818466e-05,0.0001849732576,0.0002448826574,0.0001411257541,0.0004829508325,0.0006759806054,0.0003194664043,0.0006467864735,0.001495565711,0.00115865629,0.000627826297,0.001828073047,0.0028759927,0.001533634308,0.001422081374,0.004303707224,0.005209718658,0.005621215165,0.0136050152,0.01089670958,0.007931731321,0.01802902872,0,0.01371839398,0.006718679876,0.01165774735,0.01166239534,0.005913385831,0.003051978439,0.001193911453,0.001107202812
B:277,2.337145227e-17,5.973290352e-17,1.611978706e-16,4.424759577e-16,1.060878046e-15,2.656381539e-15,7.582531617e-15,1.949676488e-14,4.208776632e-14,1.106324436e-13,3.195692502e-13,6.577199391e-13,1.373631907e-12,4.189926858e-12,1.030039003e-11,1.516080732e-11,4.769519432e-11,1.263609263e-10,1.997185548e-10,3.36540759e-10,1.851087551e-09,1.828659899e-09,1.641644196e-09,1.718585906e-08,1.198541543e-08,9.878016423e-09,4.049426614e-08,8.105274011e-08,2.236164629e-08,1.576354949e-08,5.474041425e-07,8.097741549e-08,7.246366084e-09,1.296753032e-08,4.595300406e-09,3.697709704e-09,3.358666762e-10,3.352296616e-10,1.128678807e-09,1.891501936e-10,1.805903211e-09,1.876293395e-09,4.730740827e-09,7.940475061e-09,1.510667744e-08,3.01000054e-08,4.651686755e-08,1.220625339e-07,2.045783041e-07,2.90005456e-07,6.339899818e-07,1.669876897e-06,2.064640389e-06,4.435913139e-06,7.007833136e-06,1.084031861e-05,2.164525034e-05,2.469635548e-05,4.195154454e-05,4.56319927e-05,6.372941192e-05,0.000103405261,0.000123751963,9.502113973e-05,0.0001722032526,0.0002925552069,0.000140324881,0.0001501698703,0.000451998863,0.0003375587412,0.000208012851,0.0006281031212,0.001443203685,0.0006653464163,0.001944545454,0.0005993679677,0.003609813469,0.007513610132,0.001414831377,0.0004658372338,0.006059476169,0.02001421716,0.001313355515,0.0006477571065,0.00104311938,0.002128789653,0.001031177273,0.0009539608952,6.768257759e-16,1.735172896e-15,5.089923936e-15,1.244647893e-14,2.698830927e-14,7.56263556e-14,2.239635784e-13,4.526019591e-13,1.044271247e-12,3.118752186e-12,7.700322875e-12,1.341260091e-11,4.093321721e-11,9.470252584e-11,1.584365932e-10,5.477916339e-10,1.424363812e-09,1.209942003e-09,1.472214634e-09,1.041298344e-08,1.074572923e-08,8.50595307e-09,2.999099417e-08,7.403895526e-08,2.101788661e-08,2.121517008e-08,3.636645998e-07,8.485715315e-08,1.423094592e-08,2.275714339e-09,5.762738923e-09,1.091697569e-08,3.475736712e-10,6.932642592e-10,4.746216979e-10,2.550540715e-09,3.260694802e-09,7.002246848e-09,1.525918953e-08,3.114690075e-08,3.580614846e-08,8.190542217e-08,2.066105061e-07,4.833107283e-07,5.332024586e-07,9.712938952e-07,2.925819296e-06,4.261708096e-06,4.814784693e-06,1.010812739e-05,2.358905555e-05,2.382895565e-05,3.067837829e-05,7.971385217e-05,0.000111519191,6.441508375e-05,0.0001918304706,0.000327267317,0.0001634742767,0.0002310396622,0.0006847522426,0.0006257788515,0.0003475887866,0.001005325455,0.00115050404,0.0004233808738,0.003251625712,0.001247192504,0.00110425491,0.002449543986,0.01397443967,0.01448278135,0.006094673923,0.009203139354,0.01371839398,0,0.01184046517,0.01239033275,0.01188884977,0.01552019064,0.01332875257,0.0008714720518,0.001002015358
B:278,1.521922847e-17,3.913984435e-17,1.05746492e-16,2.915134552e-16,7.05685551e-16,1.771822093e-15,5.045126147e-15,1.310561866e-14,2.8604921e-14,7.471321838e-14,2.160117814e-13,4.551379281e-13,9.506332739e-13,2.856409545e-12,7.148338319e-12,1.093073325e-11,3.300949482e-11,8.774710764e-11,1.462973638e-10,2.410365222e-10,1.289977867e-09,1.337777879e-09,1.354202644e-09,1.157675579e-08,9.879232863e-09,7.69815563e-09,2.720807724e-08,6.319006506e-08,1.920941891e-08,1.443141658e-08,3.520346197e-07,4.941856921e-08,6.982634975e-09,7.680554253e-09,3.526378467e-09,2.64592431e-09,2.511273749e-10,2.867803686e-10,8.971566976e-10,1.562100591e-10,1.200723423e-09,1.223349233e-09,3.128871484e-09,4.429064454e-09,8.167316765e-09,1.825837474e-08,2.474686037e-08,6.115588408e-08,1.105699736e-07,1.507474981e-07,3.133303885e-07,7.911585667e-07,1.217375772e-06,2.239238126e-06,2.743753301e-06,4.87591514e-06,1.22564819e-05,9.857828077e-06,1.316741417e-05,2.822475359e-05,3.284392398e-05,2.725592972e-05,4.174333896e-05,7.912993987e-05,5.684034587e-05,5.704944859e-05,0.0001607116735,0.0001573875645,0.0001410072595,8.41176606e-05,0.0006315022453,0.0003631182498,0.001215063055,0.0005457152366,0.0009732647948,0.002076665806,0.00243544078,0.01243387218,0.009919378496,0.002480436648,0.01701993047,0.01073963869,0.005808879463,0.001635742314,0.01251556862,0.002367850398,0.001167823312,0.001313791328,5.525971319e-16,1.376574202e-15,3.988295005e-15,9.559701986e-15,1.999431683e-14,5.496861869e-14,1.631311615e-13,3.151947874e-13,7.034482584e-13,2.113390261e-12,5.216721093e-12,8.09499167e-12,2.556493486e-11,6.022530253e-11,9.747911176e-11,2.973874155e-10,8.488310821e-10,7.202322953e-10,7.113372647e-10,5.528172546e-09,6.067399923e-09,4.653807431e-09,1.15864005e-08,4.435303411e-08,1.016463042e-08,1.055673728e-08,1.396055789e-07,6.836500722e-08,6.19256047e-09,2.248933621e-09,4.299209651e-09,4.435079458e-09,1.84670404e-10,3.918888627e-10,2.79618847e-10,1.883877194e-09,2.204049526e-09,5.150730703e-09,9.959642931e-09,1.957354155e-08,2.65886523e-08,5.363897645e-08,1.313481488e-07,3.007676997e-07,3.576816107e-07,6.274711649e-07,1.832168812e-06,2.671120266e-06,3.65134465e-06,6.352516885e-06,1.413353064e-05,1.71227956e-05,2.206896647e-05,4.473839073e-05,6.819928912e-05,6.109640262e-05,0.000104399893,0.0001542217712,0.0001649592462,0.0001544427783,0.0002725652689,0.0003241718932,0.0003848222392,0.0004135178689,0.0006208371776,0.0003591028601,0.0006568574296,0.001948134344,0.0007618093059,0.004451176761,0.002656971707,0.008343001388,0.009134971103,0.007320208978,0.006718679876,0.01184046517,0,0.01069815825,0.009573011768,0.01513720163,0.01893517349,0.001081275512,0.001281658824
B:279,3.592098925e-18,9.406456483e-18,2.617869468e-17,7.328172441e-17,1.794103106e-16,4.655057807e-16,1.368403189e-15,3.569734265e-15,7.975784026e-15,2.191597759e-14,6.43544039e-14,1.352125856e-13,3.012815981e-13,9.42371969e-13,2.330838813e-12,3.658791132e-12,1.224066453e-11,3.22162453e-11,5.209655168e-11,1.025176175e-10,5.406385895e-10,5.370981715e-10,5.568617559e-10,6.014412043e-09,4.145664004e-09,3.372775612e-09,1.767065479e-08,3.3412009e-08,8.067213652e-09,6.600692504e-09,2.767784875e-07,2.55163302e-08,3.577045826e-09,3.097175277e-09,1.508149274e-09,1.159149959e-09,9.113531685e-11,9.240166013e-11,3.314309961e-10,3.960183108e-11,3.899690604e-10,3.574938795e-10,1.021543167e-09,1.559312272e-09,2.942584656e-09,7.436730121e-09,1.065356201e-08,2.737959363e-08,4.774230545e-08,7.89690927e-08,1.765835955e-07,4.410226036e-07,6.5388307e-07,1.58625334e-06,2.307104691e-06,3.559713515e-06,1.050239853e-05,1.001882304e-05,1.657372852e-05,2.51734991e-05,3.921722361e-05,5.354332756e-05,6.524493521e-05,9.699040063e-05,0.0001321236471,0.0002014667696,0.0001536121222,0.0001604764907,0.0003171348545,0.0004880808796,0.0001582958586,0.0004051538005,0.000482784841,0.0005422246115,0.0005805401111,0.0005078070615,0.0005172040454,0.001550097455,0.003207649263,0.001179373932,0.001032399286,0.004608317156,0.002280149445,0.001614208248,0.001761073288,0.002233550706,0.00191857846,0.00193179173,8.125033271e-17,2.128657021e-16,6.349875116e-16,1.578558507e-15,3.51726738e-15,1.010510413e-14,3.039907017e-14,6.321097126e-14,1.520092973e-13,4.613804238e-13,1.158634862e-12,2.112449201e-12,6.723694551e-12,1.572380797e-11,2.716121451e-11,9.724504615e-11,2.68979014e-10,2.341147082e-10,3.041345765e-10,2.18290177e-09,2.574002371e-09,1.882291826e-09,6.981637223e-09,2.162776558e-08,5.728043439e-09,5.533286486e-09,9.948750503e-08,3.629941141e-08,3.818411045e-09,7.327599295e-10,1.611441188e-09,2.991861282e-09,8.666367239e-11,1.761493305e-10,1.1136123e-10,7.599895344e-10,9.576173833e-10,2.133837915e-09,4.898698783e-09,1.038497368e-08,1.322390952e-08,3.12316772e-08,8.108180484e-08,1.921697482e-07,2.362539562e-07,4.693006293e-07,1.395956e-06,2.153802907e-06,2.849841487e-06,6.316238195e-06,1.440181609e-05,1.657885369e-05,2.647202429e-05,6.251363402e-05,9.203436605e-05,8.214720563e-05,0.0002115287522,0.0003336382582,0.0002447430887,0.0004490866441,0.0009272674345,0.0008994329608,0.0005563058586,0.001898087046,0.002295687808,0.0006925142873,0.002014638692,0.004061449493,0.004090377219,0.0010367247,0.004217230339,0.008530815037,0.008953609262,0.01074872077,0.01165774735,0.01239033275,0.01069815825,0,0.05096462754,0.007335845138,0.01116398329,0.001984006297,0.002346581211
B:280,1.456064748e-18,3.851733316e-18,1.08815166e-17,3.084108092e-17,7.615585265e-17,2.000435009e-16,5.973217476e-16,1.569898887e-15,3.536954068e-15,9.898635276e-15,2.943408526e-14,6.205462426e-14,1.406616081e-13,4.481352556e-13,1.11476882e-12,1.759712413e-12,6.053799637e-12,1.609368683e-11,2.603509125e-11,5.264466633e-11,2.813336972e-10,2.828908401e-10,2.929208354e-10,3.275082373e-09,2.336193442e-09,1.87579564e-09,1.002802209e-08,1.984258116e-08,5.104400357e-09,3.800827454e-09,1.671471567e-07,1.766984761e-08,2.03918497e-09,2.068648195e-09,9.135843102e-10,6.977916631e-10,5.166008386e-11,5.287293528e-11,1.906414143e-10,2.371942153e-11,2.526285792e-10,2.408625003e-10,6.652539163e-10,1.086641349e-09,2.113489989e-09,5.107669974e-09,7.652590912e-09,2.00122772e-08,3.622863217e-08,5.812209165e-08,1.327857924e-07,3.387278004e-07,5.159487256e-07,1.187047125e-06,1.824571165e-06,2.992040012e-06,8.118069189e-06,8.489392548e-06,1.437666483e-05,2.246122974e-05,3.466337277e-05,5.078858391e-05,6.421922311e-05,9.024938224e-05,0.0001401921948,0.0002159722939,0.0001665939147,0.0002036210877,0.0004693419004,0.0004366546218,0.0001863719627,0.000664947238,0.0009180663606,0.0002629641154,0.0006415533459,0.0007767028678,0.0007420386245,0.001048365655,0.0008533863207,0.001241283097,0.0005757643397,0.001927331633,0.001746976266,0.001733108129,0.001908623751,0.002031283159,0.002988872587,0.002897777215,4.684155518e-17,1.244543748e-16,3.777895715e-16,9.410759276e-16,2.112539153e-15,6.180538262e-15,1.873150836e-14,3.864584582e-14,9.468597198e-14,2.919905588e-13,7.292466993e-13,1.336306884e-12,4.365710809e-12,1.020135335e-11,1.727171752e-11,6.562266223e-11,1.784502985e-10,1.535347948e-10,1.94926885e-10,1.539698352e-09,1.67672535e-09,1.244599794e-09,5.028932361e-09,1.470157588e-08,3.635219942e-09,3.649396948e-09,7.471963012e-08,2.192035976e-08,2.500713989e-09,4.517610485e-10,1.023198428e-09,1.971004613e-09,5.318503281e-11,1.031109456e-10,6.151823138e-11,4.073397073e-10,4.962386826e-10,1.130309807e-09,2.591412164e-09,5.582333353e-09,7.493962555e-09,1.736812831e-08,4.589457157e-08,1.101603835e-07,1.388112435e-07,2.822329548e-07,8.496833647e-07,1.340252032e-06,1.822961311e-06,4.133454652e-06,9.553920403e-06,1.137520727e-05,1.851931831e-05,4.543654463e-05,6.799203004e-05,6.31937061e-05,0.0001680927889,0.0002789614793,0.0002122293923,0.0003704398394,0.0009134653165,0.0009190425319,0.0005206894059,0.001976157002,0.002896298511,0.0008757351904,0.002697994492,0.005022134174,0.004532130423,0.002226219888,0.007760459449,0.007682685532,0.005267118254,0.02142322039,0.01166239534,0.01188884977,0.009573011768,0.05096462754,0,0.007476447045,0.008969285669,0.002671069005,0.003166896236
B:281,3.998366166e-19,1.055457459e-18,2.976079081e-18,8.449728085e-18,2.083814414e-17,5.436975136e-17,1.62096456e-16,4.261852501e-16,9.521450962e-16,2.645762984e-15,7.88704194e-15,1.655028757e-14,3.687922395e-14,1.175975067e-13,2.935334119e-13,4.523655855e-13,1.541838377e-12,4.137491424e-12,6.650994402e-12,1.270380067e-11,7.000232739e-11,7.074924569e-11,6.849913804e-11,7.666870774e-10,5.718571582e-10,4.503567634e-10,2.115211072e-09,4.521562416e-09,1.268233766e-09,8.450963112e-10,3.303096225e-08,4.819630681e-09,4.199095192e-10,6.034199668e-10,2.344376756e-10,1.804920113e-10,1.380160757e-11,1.439975972e-11,5.003469478e-11,7.130578706e-12,7.533680256e-11,7.495867908e-11,2.000827465e-10,3.375321266e-10,6.641008404e-10,1.501464986e-09,2.352716655e-09,6.185159867e-09,1.129247998e-08,1.745652796e-08,3.988517933e-08,1.03781974e-07,1.528911319e-07,3.329921174e-07,5.391632134e-07,9.119266777e-07,2.062600294e-06,2.468138131e-06,4.355123595e-06,6.060297983e-06,9.005459701e-06,1.422938755e-05,2.100088919e-05,2.09315428e-05,3.438998774e-05,5.956590778e-05,5.869665025e-05,4.946966213e-05,8.516835579e-05,0.0001315391251,8.700564584e-05,0.0001359845106,0.0001830625128,0.0001636568615,0.0004179532617,0.0005682603051,0.0004398465508,0.0004981235549,0.002097256018,0.002081728686,0.0009845373887,0.01404540175,0.001632232539,0.001768334178,0.008784926314,0.007173985053,0.006751475616,0.006577474168,1.494975343e-17,3.965664379e-17,1.205281111e-16,2.991882739e-16,6.688892994e-16,1.958803368e-15,5.940937731e-15,1.214731757e-14,2.973205572e-14,9.195621162e-14,2.288647894e-13,4.139354447e-13,1.360922848e-12,3.176766421e-12,5.311456255e-12,2.030480237e-11,5.474279555e-11,4.664494161e-11,5.758554459e-11,4.711511427e-10,4.839070617e-10,3.670280816e-10,1.513628526e-09,4.110416314e-09,9.978335915e-10,1.026849263e-09,2.224688494e-08,4.91633752e-09,6.923464062e-10,1.19971264e-10,2.791910969e-10,5.432459529e-10,1.469498894e-11,2.78545205e-11,1.655700317e-11,1.023688398e-10,1.215447568e-10,2.791974615e-10,6.151894746e-10,1.308869509e-09,1.767360843e-09,3.916555165e-09,1.014565544e-08,2.434665852e-08,2.975400986e-08,5.752370654e-08,1.720262243e-07,2.715391461e-07,3.439083614e-07,7.275591118e-07,1.720194479e-06,2.017638071e-06,2.754466476e-06,6.76200741e-06,1.066807391e-05,8.514114428e-06,1.89713322e-05,3.445189103e-05,2.55371197e-05,2.811640519e-05,8.163451769e-05,9.513781112e-05,4.169564674e-05,0.0001151037591,0.0002369270383,7.741361691e-05,0.0001949710631,0.0003088123701,0.0003581756261,0.0006397718913,0.001924283792,0.0005555711207,0.002090789262,0.002723304402,0.005913385831,0.01552019064,0.01513720163,0.007335845138,0.007476447045,0,0.01370720733,0.006774103254,0.00742086553
B:282,1.627968492e-19,4.342844794e-19,1.237321799e-18,3.530389429e-18,8.789273856e-18,2.329976922e-17,7.002404737e-17,1.85212241e-16,4.217731747e-16,1.190160462e-15,3.554436877e-15,7.57079982e-15,1.739337359e-14,5.554227718e-14,1.389674806e-13,2.237439243e-13,7.731359622e-13,2.057009617e-12,3.376810783e-12,6.948869225e-12,3.697915779e-11,3.762361204e-11,4.018189204e-11,4.400682191e-10,3.30898884e-10,2.600422883e-10,1.365556875e-09,2.873448451e-09,7.767326914e-10,5.509284741e-10,2.311401424e-08,2.762751704e-09,2.974196943e-10,2.958714402e-10,1.331572112e-10,1.005327639e-10,7.184135851e-12,7.624491145e-12,2.722255486e-11,3.309089559e-12,3.471869418e-11,3.27902852e-11,9.212933541e-11,1.476525522e-10,2.927884645e-10,7.448004411e-10,1.144961232e-09,2.979269029e-09,5.700835293e-09,9.608727775e-09,2.241047825e-08,5.717750027e-08,9.522535557e-08,2.188883861e-07,3.491555445e-07,6.074953538e-07,1.628650702e-06,1.948081623e-06,3.363286881e-06,5.560284719e-06,9.205823104e-06,1.430465219e-05,2.031254585e-05,2.682455841e-05,4.636134497e-05,7.571796663e-05,8.028593868e-05,8.111777858e-05,0.0001551601725,0.0002032062465,0.0001325775408,0.000220924923,0.000269829694,0.0002972832758,0.0002530246154,0.0003469808732,0.0003303014044,0.001120948993,0.0009925171744,0.001925205706,0.002508309902,0.003093972555,0.002508368279,0.002349477212,0.009867266935,0.0106089636,0.008963578484,0.007910874771,5.351681225e-18,1.424123508e-17,4.31968566e-17,1.073561159e-16,2.422065606e-16,7.13157841e-16,2.16540092e-15,4.483498567e-15,1.118245076e-14,3.461566858e-14,8.656431988e-14,1.601612977e-13,5.362524394e-13,1.255309217e-12,2.132220395e-12,8.301357229e-12,2.305857456e-11,1.996473938e-11,2.549416311e-11,2.125521503e-10,2.30977268e-10,1.699130864e-10,7.343406843e-10,2.236175957e-09,5.14039039e-10,5.214746425e-10,1.229144065e-08,3.176024134e-09,3.562222827e-10,6.988496694e-11,1.469208233e-10,2.815916144e-10,7.211167859e-12,1.382473051e-11,7.874153753e-12,5.513356642e-11,6.498958317e-11,1.524663882e-10,3.407518778e-10,7.33398566e-10,1.044012514e-09,2.361645571e-09,6.188392803e-09,1.490117485e-08,1.941290508e-08,3.947150993e-08,1.165917122e-07,1.891082387e-07,2.669286301e-07,5.8026949e-07,1.329149099e-06,1.717459297e-06,2.685807637e-06,6.188856731e-06,9.801985608e-06,1.079942026e-05,2.190437636e-05,3.650899248e-05,3.3911219e-05,5.08874634e-05,0.0001050471782,0.0001260910186,0.0001148522917,0.0001926348474,0.0003071302658,0.000156053396,0.0003204851075,0.000470639585,0.0007870450837,0.0003868704904,0.0006238363014,0.003104071965,0.001844254081,0.001021533108,0.003051978439,0.01332875257,0.01893517349,0.01116398329,0.008969285669,0.01370720733,0,0.008568013859,0.008969479855
B:283,8.895011867e-21,2.445352386e-20,7.218132795e-20,2.117081812e-19,5.421194682e-19,1.491558827e-18,4.633257805e-18,1.255526111e-17,2.967700694e-17,8.728206397e-17,2.672690919e-16,5.877975504e-16,1.425383124e-15,4.674670012e-15,1.197666044e-14,2.054374853e-14,7.376136594e-14,1.994244876e-13,3.435230902e-13,7.664730688e-13,4.054332571e-12,4.354851932e-12,5.258397098e-12,5.44112634e-11,4.905264528e-11,3.655727955e-11,1.964802198e-10,4.823026874e-10,1.525929456e-10,9.681089687e-11,3.796529582e-09,5.17664178e-10,5.573711988e-11,4.926331372e-11,2.094416787e-11,1.484982395e-11,9.374293615e-13,1.078678036e-12,3.996809316e-12,4.797531037e-13,5.484382351e-12,5.543518304e-12,1.45094251e-11,2.587901007e-11,5.527847137e-11,1.337735469e-10,2.17920518e-10,5.830736619e-10,1.249255264e-09,1.950509881e-09,4.675135633e-09,1.253248386e-08,2.341180983e-08,4.525197395e-08,7.61849741e-08,1.610825954e-07,3.729652134e-07,4.809390339e-07,8.36333154e-07,1.760761982e-06,2.409249019e-06,3.739635836e-06,6.371020728e-06,9.08256399e-06,1.245483028e-05,2.253785796e-05,3.64896744e-05,3.946518178e-05,4.850128185e-05,7.061718444e-05,9.034444264e-05,7.888469638e-05,0.0001195388476,0.0001723233506,0.0001990559548,0.0002446920916,0.0003067709447,0.000411891823,0.0005841517421,0.00101676444,0.002009935212,0.001419969308,0.001208342466,0.001559785021,0.01780109265,0.009129479038,0.02437277765,0.01877005391,5.781527298e-19,1.59461595e-18,5.027848841e-18,1.251263005e-17,2.886504278e-17,8.919392337e-17,2.755504758e-16,5.594131525e-16,1.476425092e-15,4.755738078e-15,1.172786326e-14,2.18088002e-14,7.901012217e-14,1.854618975e-13,2.975373221e-13,1.327746024e-12,3.625740798e-12,3.077107525e-12,3.479595584e-12,3.850885609e-11,3.550852711e-11,2.660231039e-11,1.313232585e-10,4.001050607e-10,6.902244479e-11,7.888128538e-11,2.405898039e-09,5.721395011e-10,5.068708686e-11,1.354858919e-11,2.566293192e-11,3.991964622e-11,9.298543037e-13,1.6478202e-12,8.58499352e-13,6.724168739e-12,7.006303141e-12,1.828167159e-11,3.820470746e-11,8.322404027e-11,1.499918137e-10,3.045472601e-10,8.212255451e-10,1.991997217e-09,2.930163862e-09,6.264891624e-09,1.864124154e-08,3.143227371e-08,5.491527944e-08,1.147389392e-07,2.597016266e-07,3.95824305e-07,6.86094846e-07,1.505948062e-06,2.452292546e-06,3.734899576e-06,6.608117146e-06,1.09469147e-05,1.442481813e-05,1.988967214e-05,3.984655165e-05,5.404630666e-05,5.50549151e-05,0.0001002879168,0.0001428416628,0.0001085671278,0.0001632312143,0.0002842613159,0.0002990961058,0.0002257823614,0.0004692995504,0.000567975434,0.0004513198105,0.0006181989941,0.001193911453,0.0008714720518,0.001081275512,0.001984006297,0.002671069005,0.006774103254,0.008568013859,0,0.05427579334
B:284,4.219746172e-21,1.153739014e-20,3.396848774e-20,9.898355827e-20,2.512114533e-19,6.892144668e-19,2.136457393e-18,5.724418687e-18,1.3420219e-17,3.953525885e-17,1.201904187e-16,2.591969478e-16,6.290388392e-16,2.067809385e-15,5.192749723e-15,8.692502398e-15,3.1882897e-14,8.514644786e-14,1.402624602e-13,3.20059856e-13,1.696621145e-12,1.741698034e-12,1.941715411e-12,2.282568293e-11,1.741964274e-11,1.356300448e-11,7.96420346e-11,1.7476186e-10,5.042345045e-11,3.148164908e-11,1.534013931e-09,2.204403721e-10,1.729412922e-11,2.080302798e-11,8.044921944e-12,6.132415619e-12,3.791473623e-13,3.980637863e-13,1.474897326e-12,1.695853054e-13,2.142023619e-12,2.09758988e-12,5.780828534e-12,1.051477035e-11,2.22043808e-11,5.40640441e-11,9.274905539e-11,2.513766598e-10,5.08702905e-10,8.751852693e-10,2.144943559e-09,5.762847081e-09,9.909964411e-09,2.261176899e-08,4.14757108e-08,7.925646173e-08,1.881823162e-07,2.792325959e-07,5.403352643e-07,8.980206822e-07,1.53323322e-06,2.888711119e-06,4.820018785e-06,6.099550225e-06,1.211623026e-05,2.393282092e-05,2.961415059e-05,3.795068492e-05,7.630626374e-05,0.0001195813002,9.180757205e-05,0.0001959181182,0.0003105488238,0.0003432725043,0.0003527179345,0.000660983477,0.0008847546475,0.0005818692687,0.001228379129,0.002142618846,0.001548716011,0.001971570994,0.002644043413,0.004249770935,0.005639773214,0.006163051139,0.02915715684,0.02571835787,1.948251712e-19,5.427299671e-19,1.704963424e-18,4.314623353e-18,1.01735468e-17,3.136999427e-17,9.655664847e-17,2.050667804e-16,5.458651589e-16,1.728312316e-15,4.310547182e-15,8.671875966e-15,3.015072087e-14,7.006880599e-14,1.18878848e-13,5.39319833e-13,1.435831138e-12,1.23496209e-12,1.708659617e-12,1.577399113e-11,1.53741108e-11,1.157459033e-11,6.467386498e-11,1.685935738e-10,3.699350341e-11,3.881681932e-11,1.225076056e-09,2.027389233e-10,2.754846419e-11,4.21315825e-12,9.177071616e-12,2.226233082e-11,4.66343883e-13,8.252558411e-13,4.052900839e-13,2.698379995e-12,3.0720743e-12,7.38875714e-12,1.696193886e-11,3.79305467e-11,5.793050805e-11,1.331206227e-10,3.59261021e-10,8.9571119e-10,1.24075796e-09,2.639023927e-09,7.946452094e-09,1.375053202e-08,2.04300528e-08,4.575959462e-08,1.091138157e-07,1.576480011e-07,2.470799777e-07,5.854372303e-07,1.02302707e-06,1.313384452e-06,2.40406452e-06,4.440534663e-06,5.269230337e-06,6.83851012e-06,1.511288821e-05,2.32232334e-05,2.434484998e-05,3.633114862e-05,6.098344021e-05,6.61958373e-05,6.793991472e-05,0.0001221689827,0.0001794691335,0.0001662491541,0.0003046176566,0.0003930206785,0.0004849144223,0.0006373755697,0.001107202812,0.001002015358,0.001281658824,0.002346581211,0.003166896236,0.00742086553,0.008969479855,0.05427579334,0
