residue_id,A:1,A:2,A:3,A:4,A:5,A:6,A:7,A:8,A:9,A:10,A:11,A:12,A:13,A:14,A:15,A:16,A:17,A:18,A:19,A:20,A:21,A:22,A:23,A:24,A:25,A:26,A:27,A:28,A:29,A:30,A:31,A:32,A:33,A:34,A:35,A:36,A:37,A:38,A:39,A:40,A:41,A:42,A:43,A:44,A:45,A:46,A:47,A:48,A:49,A:50,A:51,A:52,A:53,A:54,A:55,A:56,A:57,A:58,A:59,A:60,A:61,A:62,A:63,A:64,A:65,A:66,A:67,A:68,A:69,A:70,A:71,A:72,A:73,A:74,A:75,A:76,A:77,A:78,A:79,A:80,A:81,A:82,A:83,A:84,A:85,A:86,A:87,A:88,A:89,A:90,A:91,A:92,A:93,A:94,A:95,A:96,A:97,A:98,A:99,A:100,A:101,A:102,A:103,A:104,A:105,A:106,A:107,A:108,A:109,A:110,A:111,A:112,A:113,A:114,A:115,A:116,A:117,A:118,A:119,A:120,A:121,A:122,A:123,A:124,A:125,A:126,A:127,A:128,A:129,A:130,A:131,A:132,A:133,A:134,A:135,A:136,A:137,A:138,A:139,A:140,A:141,A:142,A:143,A:144,A:145,A:146,A:147,A:148,A:149,A:150,A:151,A:152,A:153,A:154,A:155,A:156,A:157,A:158,A:159,A:160,A:161,A:162,A:163,A:164,A:165,A:166,A:167,A:168,A:169
A:1,0,0.04458445814,0.01301214047,0.01037895365,0.0009324491635,0.0008552828164,0.0003897139581,0.0001374040781,0.0002094426453,2.37625546e-05,1.273409353e-05,2.245467109e-05,1.09381099e-05,8.554496443e-06,1.993485314e-05,4.484663215e-05,4.047222774e-05,1.913922052e-05,6.278919173e-05,6.535153143e-05,1.997675963e-05,1.279829276e-05,6.335276369e-05,0.0007178245693,5.963535731e-05,3.983563196e-05,2.897158325e-05,1.082196219e-05,7.443988793e-06,4.089290174e-06,3.391824575e-06,5.561256251e-06,1.58703367e-05,2.828566302e-05,3.870185248e-05,0.0001420211034,0.0002970028556,0.0009584947355,0.000857779723,0.002313224381,0.002350301806,0.004570338737,0.005461722553,0.007455513643,0.005952480051,0.004329170594,0.005532457034,0.004973018828,0.02833355723,0.009490506793,0.006520224581,0.006054327236,0.002890115193,0.001026193122,0.0008152812429,0.0002881641677,0.0001627800273,0.0002576485403,3.973048724e-05,2.424795986e-05,8.856238844e-06,7.429550327e-06,4.36704999e-06,4.587626169e-06,9.101667822e-06,1.894218285e-05,1.310122601e-05,1.330811305e-05,6.063718255e-05,6.226270384e-05,0.0001207948017,5.195349475e-05,0.0001178322031,0.0002793749324,0.0006557176613,0.0009036114883,0.0002133760941,0.0002832571404,9.54837557e-05,0.0001159068282,1.836288391e-05,1.009007478e-05,6.464299605e-06,2.201445244e-06,1.011551915e-06,1.091322303e-06,2.630243039e-06,2.642468844e-06,5.730419271e-06,2.633340739e-06,3.679319991e-06,7.657136851e-06,1.085794259e-05,3.478332842e-06,3.903915847e-06,2.83294041e-05,4.150783701e-06,3.623213088e-06,5.202807441e-06,4.340655022e-06,2.127316315e-06,7.850317789e-06,1.46967969e-05,1.563027676e-05,8.547188076e-06,1.916456718e-06,3.438610987e-06,5.826157015e-05,7.387023085e-05,0.0001472736262,0.0002254750879,9.630218401e-05,7.79427863e-05,2.559096907e-05,1.46924833e-05,9.778871826e-06,7.048362975e-06,1.116588421e-05,3.193430054e-06,1.106449617e-06,3.71294159e-07,2.313927185e-07,3.190459698e-07,7.046480414e-07,9.165053262e-07,2.79213474e-07,3.766464959e-07,4.847067236e-07,1.108792631e-06,2.950716341e-06,3.633067567e-06,1.931050388e-06,2.987759089e-06,1.309045441e-05,5.70510409e-06,3.7984136e-06,2.15548861e-06,1.155869894e-05,4.758517226e-05,6.333818997e-05,4.533930305e-05,3.961187034e-05,2.330675069e-05,8.92094102e-06,3.811638054e-06,9.791729676e-06,3.934158326e-06,2.668421244e-06,1.582075152e-06,6.175371679e-06,7.593323426e-06,8.954535543e-06,1.294216019e-05,2.424867574e-05,4.538191325e-05,6.23718285e-05,0.0003396410133,8.123403328e-05,0.0001408712646,0.0003990924558,0.0001002972845,0.0001336159546,9.898617817e-05,1.003565174e-05,7.356150409e-05,7.728393832e-05,1.519151319e-05,3.024591001e-05,2.673527112e-05
A:2,0.04458445814,0,0.02641073268,0.009577009274,0.002585458675,0.0006400471812,0.0008477982638,0.0002429170437,0.0003576746161,4.973063705e-05,2.392430399e-05,3.336388994e-05,1.583558093e-05,1.464532966e-05,3.479520774e-05,7.369353909e-05,6.107037914e-05,3.583336505e-05,0.0001287970565,0.0001568843681,3.483279665e-05,1.682232324e-05,0.0001216834802,0.001473124393,0.0001215595182,8.380411945e-05,6.436204638e-05,2.499314098e-05,1.49311205e-05,8.385706814e-06,7.289455374e-06,9.728444353e-06,3.160723225e-05,5.213002317e-05,6.483128911e-05,0.0002908903222,0.0004765345346,0.001875668821,0.001303151238,0.004140883572,0.002827250019,0.005652409861,0.005153864226,0.005191903955,0.003118235005,0.002050790553,0.006870551136,0.003865235998,0.007382530337,0.01134583174,0.006473476802,0.006714541109,0.004697808206,0.002171280895,0.001676612516,0.0003781483188,0.0002371464779,0.0003401242706,4.883156692e-05,3.542557253e-05,1.507366569e-05,1.288330011e-05,8.482836685e-06,8.865916494e-06,1.62914338e-05,3.87721485e-05,2.453778879e-05,2.162948076e-05,0.0001069812449,9.212077669e-05,0.0001700443844,6.75004119e-05,0.0001659850907,0.0004056534241,0.0007558067029,0.0002733730846,0.0002045966509,0.0003126948109,9.065148665e-05,0.0001630308113,3.035612841e-05,1.877199625e-05,8.814628831e-06,2.375548607e-06,1.644961192e-06,1.835418519e-06,4.593973743e-06,5.022204746e-06,1.214307136e-05,4.961735613e-06,6.621988209e-06,1.472203872e-05,2.015580865e-05,5.756789729e-06,6.819093323e-06,5.274116393e-05,7.273182706e-06,7.02057574e-06,9.537550774e-06,5.979089402e-06,3.81550731e-06,1.254910296e-05,2.503076321e-05,2.537599326e-05,1.334142533e-05,1.842027672e-06,2.882276434e-06,4.150973555e-05,3.469285289e-05,6.373214664e-05,9.900106039e-05,5.155640949e-05,6.74536599e-05,2.507778681e-05,1.244776712e-05,1.060567241e-05,9.832746582e-06,1.133361451e-05,4.920582277e-06,1.432926274e-06,6.130399099e-07,3.652423979e-07,4.674220011e-07,1.199163164e-06,1.47907043e-06,3.640123057e-07,4.196227683e-07,5.610740294e-07,1.26093107e-06,2.970755966e-06,3.570667486e-06,1.898374163e-06,2.881457836e-06,8.836399827e-06,3.319936301e-06,3.579802491e-06,1.627984709e-06,8.816331434e-06,1.985672164e-05,3.949707059e-05,3.9328752e-05,2.916654038e-05,1.687634134e-05,7.572553229e-06,6.7452234e-06,2.119965054e-05,8.707017757e-06,4.984968842e-06,1.808368266e-06,9.175420913e-06,3.913819409e-06,9.907187932e-06,9.801737184e-06,1.236096219e-05,2.053124134e-05,2.361414092e-05,0.0001231450481,2.278257828e-05,4.096123937e-05,0.0005531199705,2.979423567e-05,2.127282516e-05,5.097461306e-05,3.20588534e-05,2.487696125e-05,2.655961156e-05,5.216644891e-06,1.046130878e-05,1.585353557e-05
A:3,0.01301214047,0.02641073268,0,0.03004102135,0.006974416292,0.006069387905,0.001246840599,0.001223425114,0.001303561628,8.39464051e-05,8.461444879e-05,6.863925905e-05,2.604729402e-05,2.700158516e-05,2.847432262e-05,0.0001876071879,5.008176147e-05,3.601935381e-05,0.0001775082194,0.0002114817414,3.165995811e-05,1.190578937e-05,0.0001272617373,0.001528549095,0.0001071525623,7.167704012e-05,9.71818021e-05,3.38827315e-05,1.968884639e-05,1.178028139e-05,1.844320783e-05,1.463449349e-05,5.357820125e-05,8.81433185e-05,7.365785589e-05,0.0003489500059,0.0003047701645,0.001484596144,0.001076879972,0.002199454957,0.002937664047,0.002889612981,0.004745993817,0.003420415225,0.003597704382,0.001591219334,0.004524021381,0.003691024952,0.001666793617,0.006332847859,0.006768140793,0.006547686749,0.009686275623,0.008175241692,0.003890324442,0.0009086985844,0.000366882292,0.0005460357072,6.14711473e-05,5.304359558e-05,1.989357192e-05,2.711533875e-05,2.327802411e-05,2.28322457e-05,3.157931696e-05,8.260149246e-05,3.595997546e-05,2.663334292e-05,0.0001730518627,0.0001563760913,0.0002703738128,9.132038285e-05,0.0002633288173,0.000434354722,0.001956752734,0.00500588053,0.0007385737317,0.001298630275,0.000185171555,0.000387603617,3.891622298e-05,5.089836843e-05,1.840824109e-05,2.940059955e-06,3.98657424e-06,4.776248552e-06,1.596449137e-05,2.040421938e-05,4.609799504e-05,1.819173381e-05,2.60007178e-05,6.20085701e-05,6.465999276e-05,1.68234236e-05,1.948978292e-05,0.0002760379038,1.963033873e-05,1.666074113e-05,1.979384448e-05,1.480556135e-05,9.04527169e-06,3.519532186e-05,3.356474059e-05,3.381425653e-05,4.032021434e-05,8.675245656e-06,1.210264013e-05,0.0002710949,0.00037055907,0.0007354417907,0.001085447968,0.0002260881177,0.0002319353828,6.425346699e-05,3.092806675e-05,8.188994774e-06,8.730629849e-06,2.856558135e-05,1.238419401e-05,2.425742128e-06,1.58838346e-06,9.642824902e-07,1.142382463e-06,4.202499137e-06,4.613939933e-06,1.270977425e-06,2.144927583e-06,2.496160455e-06,7.074992855e-06,1.159549309e-05,1.807931686e-05,9.116583815e-06,1.519931916e-05,5.352957745e-05,2.552479991e-05,2.0766534e-05,7.941043176e-06,5.463905239e-05,0.0002346739315,0.0002384207801,0.00016322127,0.0001263667065,5.062838855e-05,2.581671886e-05,2.47629159e-05,1.845964954e-05,1.877097254e-05,2.111432487e-05,1.73227529e-05,5.391712571e-05,3.372030792e-05,1.942126831e-05,4.97903678e-05,7.217248179e-05,8.504277774e-05,0.0001058706044,8.992101608e-05,8.489505649e-05,0.0004391099714,0.002727256092,0.0001043302387,0.000362328691,0.0006780171757,3.674694906e-05,0.0001903425083,0.0003991834859,2.964783489e-05,8.379729959e-05,7.412440413e-05
A:4,0.01037895365,0.009577009274,0.03004102135,0,0.006714031622,0.005849092815,0.004876828601,0.0004184773664,0.001383005498,0.0002660452097,9.123300895e-05,0.0001137414265,3.577685957e-05,6.48733623e-05,4.582793865e-05,0.0003545207838,4.527326851e-05,4.728731836e-05,0.000183500869,0.0002136758638,5.00585225e-05,1.633468976e-05,0.0001412838783,0.001239113615,8.102596971e-05,5.017256614e-05,9.693252766e-05,4.583432272e-05,2.094673553e-05,1.215186785e-05,2.376937351e-05,1.348158598e-05,8.304846372e-05,0.0001198166944,8.653662503e-05,0.0004819023783,0.0004327609001,0.001753477887,0.001211659792,0.001951276919,0.002791653981,0.002473916533,0.002422034627,0.002574788007,0.0006777199249,0.0005700877416,0.001848295204,0.001412063818,0.001932553185,0.001820621324,0.01023427571,0.008202759266,0.01120548934,0.008738103123,0.005782154371,0.001923210337,0.001276273893,0.0007640650014,0.0001898823163,5.150269904e-05,3.094285341e-05,5.626137476e-05,6.419222066e-05,7.71043767e-05,0.0001218514214,0.0003137699017,0.00016790713,0.0001244841334,0.0006176074459,0.000473225463,0.0007005812473,0.000431735061,0.0006595812481,0.001717861539,0.004694076075,0.01153307439,0.003354845121,0.0008871007806,0.0004257761858,0.0007547412672,0.0002053941897,0.0001111368822,5.922033894e-05,1.834941994e-05,1.295581889e-05,1.172975311e-05,3.898649989e-05,3.712242344e-05,8.343295101e-05,3.360510771e-05,4.158784877e-05,0.000101468729,0.0001424167631,2.110243806e-05,2.587783958e-05,0.0003267849939,2.800152116e-05,4.261081524e-05,4.749064896e-05,1.85212725e-05,5.603915255e-05,8.484650598e-05,0.0001123022023,0.0001458500844,9.927083556e-05,1.805801979e-05,1.904259107e-05,0.0004869716845,0.000449229316,0.0009817810928,0.001699996363,0.0004209035526,0.0005382673389,0.0001330249732,0.0001344043436,5.911972856e-05,4.785150888e-05,0.0001264024534,3.149701553e-05,1.27879025e-05,6.248807651e-06,4.217307714e-06,4.671902133e-06,1.257911166e-05,1.326558711e-05,3.799193751e-06,5.437121169e-06,9.449454364e-06,2.395007737e-05,6.141552336e-05,6.343285908e-05,2.507686008e-05,4.132552464e-05,0.0001250907816,3.102816268e-05,4.917351648e-05,9.128986696e-06,9.299104447e-05,0.0003353806616,0.0003044295194,0.0003712464394,0.0002486605176,0.0002232825257,2.606347291e-05,3.234472757e-05,5.841946262e-05,4.031818886e-05,2.575851028e-05,2.850095712e-05,3.82852566e-05,0.0001074597444,6.605166219e-05,8.79125313e-05,0.0001205286395,0.0005065671708,0.0007028063237,0.0004387157299,0.0001450646208,0.0008804387816,0.0173121243,0.0008005691764,0.0006585125321,0.003959038045,0.0005075942316,0.001042873221,0.001602633938,9.821031784e-05,0.0001794269602,0.0002244576988
A:5,0.0009324491635,0.002585458675,0.006974416292,0.006714031622,0,0.01553786404,0.007053818447,0.009112159877,0.0032376772,0.0008922275695,0.0002737825176,0.0001666789662,7.616986475e-05,0.000213847164,8.342421596e-05,0.00223033806,4.102169548e-05,8.089006102e-05,5.844627635e-05,8.659448814e-05,0.0001000708482,4.358613532e-05,0.0001932995552,0.001009481524,8.013234649e-05,5.460296713e-05,0.0001148914243,3.227344627e-05,1.466382232e-05,7.532862882e-06,2.76149504e-05,2.044617309e-05,0.0001121216375,0.0001931066049,9.617333366e-05,0.0003540381605,0.0004201772291,0.001209772938,0.002413902333,0.001915016195,0.002298122987,0.001136965148,0.001079224701,0.0005017158607,0.0002968012245,0.0002585294917,0.0005619703882,0.000474671568,0.0002526728739,0.001209147203,0.003358638925,0.004977646193,0.006380585829,0.00708908447,0.007753955326,0.008202846474,0.001807123991,0.0005961186225,0.0003473887159,2.906464804e-05,7.004890494e-05,9.626149348e-05,0.0002066667393,0.000265649084,0.0002615728327,0.0006782198688,0.0002713233135,0.0002783260963,0.001007950057,0.0005246809854,0.00121181838,0.001480971165,0.001199579818,0.006606679805,0.007415689274,0.0063891894,0.01002676126,0.007571181633,0.001046969925,0.002154769809,0.0002122534054,0.0003198062853,0.0001489008632,1.931045297e-05,3.188594191e-05,3.015326715e-05,0.000117935062,0.0001105000649,0.0003797946464,0.0001440522134,0.0001099658085,0.0004037587698,0.0005623329892,5.296996308e-05,7.226893494e-05,0.001647662177,7.827915827e-05,0.0001024467255,8.990008126e-05,3.119345041e-05,5.611796768e-05,0.0001579007647,0.0002159599361,0.0002482438144,0.0002155176159,5.538607006e-05,4.1448809e-05,0.0003210210685,0.0008338514175,0.0006783108286,0.00109243578,0.0009063149134,0.0005312254416,0.0002355898582,9.421797259e-05,5.584533689e-05,6.480734648e-05,0.000130771852,2.072493294e-05,8.419840768e-06,7.065745132e-06,7.90082978e-06,8.676509714e-06,3.903045254e-05,3.861723858e-05,7.540382246e-06,9.861649281e-06,9.391633314e-06,3.703024142e-05,4.91448177e-05,6.242505813e-05,2.800708586e-05,4.915927432e-05,0.0001154474666,4.589705929e-05,7.620222988e-05,1.856400134e-05,0.0001431907538,0.0002511111512,0.0004077166613,0.0003231479051,0.0001908167555,0.0001023337334,3.129084599e-05,4.800562234e-05,5.068379964e-05,3.336863937e-05,7.840227728e-05,6.024554058e-05,0.000146093311,0.0001266311119,4.668249977e-05,0.0001025729421,0.0002527139015,9.931572511e-05,0.0001469235519,0.0001356052082,0.000392113192,0.0004058486977,0.000688623727,0.000381616972,0.001156442657,0.0005849170815,0.0001588588343,0.0001951251112,0.0002290401778,5.748458063e-05,0.0001762675071,0.0001163208564
A:6,0.0008552828164,0.0006400471812,0.006069387905,0.005849092815,0.01553786404,0,0.00951819385,0.01155068222,0.003854711248,0.0002854145032,0.000193674877,0.0002474846976,8.214545798e-05,9.0273634e-05,0.0001218786158,0.0007746604837,0.0002108840365,4.217003714e-05,5.057431529e-05,0.0001701039266,0.0002133745333,4.554391593e-05,0.0001317823555,0.0005778342907,8.213790246e-05,6.52612449e-05,0.000113685621,3.305125135e-05,2.778551765e-05,3.836620663e-06,3.957355055e-05,3.147298481e-05,0.000238304546,0.0002685994656,0.0001434331568,0.0006499854838,0.0007797694048,0.001805790059,0.001982629896,0.001605732863,0.001523172282,0.0007998426656,0.0003523207306,0.00028676323,0.0001180493441,0.0001478991555,0.0002715187245,0.0002550583877,0.0002468580693,0.0003332364892,0.0008867216334,0.002154685684,0.009380838975,0.008265066272,0.007472552169,0.006194089124,0.005362583879,0.002961094135,0.0009805777187,0.0001935208123,4.828464655e-05,5.236670009e-05,0.0001177211897,0.000186393025,0.0001612619129,0.0003046029907,9.26257749e-05,7.236174265e-05,0.0002527860888,0.0009693441557,0.0003179756309,0.0002415358086,0.0003273126526,0.004020117683,0.006470183333,0.005859698146,0.009034832514,0.007571745604,0.01067668766,0.003016525537,0.001057522583,0.0004465719748,7.877833975e-05,6.953165467e-05,6.641867136e-06,1.753568153e-05,3.961629017e-05,7.044501547e-05,0.0001198736138,2.567732279e-05,8.612028285e-05,0.0003123449543,0.0001662344518,3.3320152e-05,3.154937325e-05,0.001299570743,4.225938269e-05,3.802729846e-05,4.751683059e-05,8.336928751e-05,2.096922949e-05,0.0001154330538,5.378793763e-05,4.294913149e-05,0.000187056763,3.255335091e-05,5.927530553e-05,0.0005198234795,0.0009683971215,0.002613011081,0.001852334051,0.001165371551,0.0002322419287,0.0001680677187,5.154117471e-05,4.769500125e-05,1.370595205e-05,2.619574222e-05,9.233665842e-06,2.746181689e-06,5.761698132e-06,7.521537767e-06,7.483920702e-06,2.051383365e-05,7.856726394e-06,1.239129257e-05,5.304137482e-06,7.903085771e-06,2.282868388e-05,8.416784094e-06,3.48323746e-05,1.772571081e-05,3.710048377e-05,8.431533346e-05,6.185443376e-05,9.410296922e-05,3.232046787e-05,0.0001144539925,0.0008512584111,0.000262644633,0.0001452917015,0.0002825760919,3.56151591e-05,7.160839708e-05,2.101125954e-05,1.481715125e-05,3.163425509e-05,5.863338374e-05,7.379495317e-05,7.801624435e-05,9.135580464e-05,0.0001411524383,0.0001603023848,0.0001316416196,0.000246878863,0.0001231364417,0.0001798350275,0.0004263308333,0.002060993224,0.0008032235903,0.0005366148593,0.0005027109416,0.0009312861555,0.0003060173208,0.0002918001409,0.000872036267,9.463802367e-05,0.0002650948135,0.0001460864558
A:7,0.0003897139581,0.0008477982638,0.001246840599,0.004876828601,0.007053818447,0.00951819385,0,0.01039217299,0.008523785842,0.003328766393,0.0007859356364,0.0007234273974,0.0004066039621,0.0009114249565,0.0003340487049,0.007645981597,0.0003492418477,0.0004314183658,0.0004122214102,0.0002672332211,0.0001259293124,6.705333943e-05,7.701691642e-05,0.0007817803454,0.0001908729537,0.0002127294592,9.521442525e-05,4.135695141e-05,6.167977185e-05,5.94689114e-06,6.634875905e-05,4.662632905e-05,0.0004274080119,0.0006062744321,0.0002505058748,0.0008344997549,0.001961773862,0.002200279827,0.00283417762,0.001591580925,0.001134066695,0.001056813189,0.0004035609482,0.0002337346157,0.0001181943122,7.214353132e-05,0.0001401395474,0.0001595938806,0.0001476750391,0.0002932533792,0.0007374759419,0.001854505144,0.003987701153,0.006222177856,0.00765204249,0.007164541267,0.006966048026,0.006828959121,0.001178998775,0.0002824987087,9.090149288e-05,2.145321985e-05,4.969367707e-05,0.0001596372682,7.085005774e-05,0.0001711777206,4.15157357e-05,5.007222176e-05,0.000127245092,0.0006470500899,0.0004790337189,0.0006396896665,0.0003961869755,0.002238532884,0.01179770128,0.007920460809,0.01045571461,0.00556200534,0.005943113502,0.004020582779,0.0008805999661,0.001031934786,0.0005209150876,5.110327954e-05,0.0001198234378,9.287321739e-05,0.0004135230031,0.000350529288,0.001080319126,0.0005763684617,0.0003596708787,0.0004924607567,0.00180115684,0.0001564873614,0.0001552659167,0.000756459782,0.0001488391341,4.523417301e-05,1.764031694e-05,7.128599057e-05,0.0001023768528,7.818810118e-05,5.69426461e-05,6.781065942e-05,0.0001545817319,6.10460649e-05,8.622934173e-05,0.0004588090478,0.001191459944,0.001233394593,0.002041081656,0.0006342610436,0.0005100768592,0.0002958450881,0.0001242548301,0.0002026857847,0.000218605036,0.0003434081228,4.478576117e-05,2.286084391e-05,2.727496827e-05,3.920830911e-05,3.870611277e-05,0.0001789607244,0.0001386437008,2.855010632e-05,2.214687306e-05,1.692454204e-05,7.257345951e-05,6.260026958e-05,0.0001140211191,3.261429751e-05,7.349508925e-05,0.0001492750046,9.315576361e-05,0.0001632385466,4.869795597e-05,0.0002385998064,0.0006858711557,0.0004545732278,0.0004953300056,0.000174952668,0.0001677201484,7.259102605e-05,7.542300529e-05,0.0003015501892,3.890592932e-05,0.0001120252257,6.295042971e-05,0.0001653852572,0.0001712164409,4.401478741e-05,0.000195021209,0.0001314074447,0.0001229906591,0.0001920984071,0.000199583707,0.0004772894263,0.002523130304,0.0006623152978,0.0005139391548,0.0004708181757,0.0004763739305,0.0003490735602,0.0001641339255,0.0004430917857,9.098564258e-05,0.0002347435347,0.0001155422227
A:8,0.0001374040781,0.0002429170437,0.001223425114,0.0004184773664,0.009112159877,0.01155068222,0.01039217299,0,0.01942151968,0.01107213145,0.00272134293,0.0007451622139,0.0005516060769,0.002149099302,0.0004864683144,0.0098521376,0.000849556955,0.0003087519544,0.0002747475193,0.000913389473,0.0003744359579,9.802026404e-05,0.0001066180986,0.0003611902831,0.0001340058636,0.0001344205401,9.177229463e-05,4.525113286e-05,6.738116034e-05,2.984217154e-05,8.139592701e-05,5.810250561e-05,0.0006286915008,0.0005850547451,0.0003045550147,0.0007903369373,0.001826208803,0.00196735696,0.001752518043,0.001114513107,0.0006187702685,0.0005253947656,0.0001721501002,0.0001388795546,4.843468135e-05,3.444884329e-05,6.052412726e-05,7.556677021e-05,6.990220412e-05,9.332724158e-05,8.902799685e-05,0.0003136255679,0.001134802797,0.002374650176,0.007365534513,0.007652996675,0.004692470546,0.007603073286,0.001279620828,0.0008127431862,0.0001088901274,6.606402892e-05,2.14631744e-05,8.418344343e-05,5.381153072e-05,0.0001812667084,8.341178064e-05,6.258131328e-05,8.749394707e-05,0.0003671237687,0.0001241613097,0.0001604195648,9.563824405e-05,0.001266620944,0.003497553059,0.001884435107,0.002238454474,0.006284674288,0.005992096723,0.00674334305,0.006773024336,0.00206223985,0.0004116996669,8.103129847e-05,8.962829182e-05,9.344206353e-05,0.0002141277851,0.0003872946895,0.0006552893437,0.0003746515792,0.000368277468,0.001044605893,0.002346299694,0.0002758797326,0.0002702120507,0.007036412261,0.0001787959691,8.546933287e-05,0.0001173673412,0.0002777872993,0.0002784770659,4.439833676e-05,8.37357135e-05,5.443161668e-05,0.0001622500115,4.564894252e-05,4.697126938e-05,0.000334609309,0.0007184707886,0.0006594999759,0.00220266461,0.002085956432,0.001626342467,0.00170211094,0.0001759467455,0.000263310911,0.0002663585521,0.0002126541193,2.592609828e-05,1.761913541e-05,3.913439125e-05,5.248177407e-05,3.256096997e-05,0.0001260509345,0.0001022754384,2.384694593e-05,1.87427646e-05,2.568637185e-05,3.132977508e-05,7.329674942e-05,4.036489357e-05,2.304671335e-05,5.282355306e-05,4.153787752e-05,0.0001428362595,0.000172153593,6.390743273e-05,0.0002213773858,0.0007192987148,0.0005413196269,0.0004551562787,0.000663910788,0.0001465884286,0.0001124645011,9.290162218e-05,0.0002278358426,3.929122499e-05,0.0001530133279,0.0001011194569,0.0001463606464,0.0001240524309,6.897468568e-05,0.0001181035569,0.0001430692606,0.0004947808805,0.0001484105138,8.031121748e-05,0.0001683362607,0.0004957492121,0.0003366883567,0.0004161083358,0.000812447337,0.0003559390815,0.0003606981306,0.0001647824541,0.0004433091308,0.0001034112063,0.0001918232586,7.942767601e-05
A:9,0.0002094426453,0.0003576746161,0.001303561628,0.001383005498,0.0032376772,0.003854711248,0.008523785842,0.01942151968,0,0.006586363837,0.01174498712,0.001404837216,0.001439108185,0.003688482533,0.0009734562305,0.007662136115,0.0008907366886,0.0003009383344,0.0004148850777,0.0008902996955,0.0005047010036,0.0001110067659,0.000196655123,0.0003057776017,9.568832739e-05,8.435143229e-05,5.247881819e-05,6.772900857e-05,6.129342082e-05,3.799193625e-05,0.0001157656649,4.88631471e-05,0.0006701781965,0.0006586909995,0.000289789067,0.0004829686308,0.001629146985,0.0008302737988,0.002390909685,0.001318013784,0.0006781336896,0.0008664210428,0.0003122119196,0.0001755356776,8.460177972e-05,2.154671558e-05,3.583946415e-05,5.744086017e-05,6.355216009e-05,0.0001646384037,0.000158668232,0.0003914818923,0.001236492075,0.0026315877,0.003553391584,0.007698371483,0.007288324118,0.009531274819,0.0007073127853,0.00101440771,0.0002153116365,7.437239178e-05,3.480724557e-05,4.30513616e-05,2.356412727e-05,0.0001359982047,5.581515785e-05,3.004481676e-05,4.508160941e-05,0.0001483253423,3.795453708e-05,0.0001428491871,4.638216896e-05,0.001107566109,0.001047977498,0.001201329865,0.001373628088,0.005989907762,0.006090996225,0.006716204557,0.004698251685,0.00345300193,0.001988185055,0.0002213279673,0.0005618896065,0.000399185706,0.001729472766,0.0008938775931,0.00404035345,0.003373373307,0.002000659975,0.00387676835,0.004570604378,0.0005219036648,0.0005531606129,0.01179048183,0.0004230068194,0.0003498469577,0.0002719551079,0.0005203040656,0.0002373520782,0.0001252711511,0.0001004694128,4.880874347e-05,7.149207078e-05,8.249524566e-05,7.83014769e-05,0.000195783145,0.0004784977587,0.000473620246,0.002344432575,0.001508673637,0.001233593531,0.001393350911,0.0003788972627,0.0005589030327,0.0003541911158,0.0008756325314,7.516844868e-05,7.230278402e-05,0.0001021300718,0.0001928185669,0.0001704205411,0.0008115772367,0.0005730750764,0.0001026892091,5.811605026e-05,6.524804246e-05,8.686157069e-05,0.0001481439928,0.000100332839,3.579214427e-05,8.931585706e-05,9.863409459e-05,0.000215242233,0.00022380596,7.259644339e-05,0.0003425422521,0.0008870078962,0.0008218612892,0.0007514880198,0.0006081823408,0.0004203614385,0.0001847953117,0.0001338058791,0.0002332138206,6.118891117e-05,0.0003113125148,0.0001459398396,0.0004188528887,0.0002553633147,4.933902074e-05,0.0001429673533,0.0001818456209,0.0003978319277,0.0001618771717,6.431341848e-05,0.0002258414373,0.0004926387241,0.0003044312113,0.0002858151895,0.0007549687814,0.0002001492195,0.0002638624556,0.0001033821684,0.0002478175108,8.70928481e-05,0.0001364594087,5.742813122e-05
A:10,2.37625546e-05,4.973063705e-05,8.39464051e-05,0.0002660452097,0.0008922275695,0.0002854145032,0.003328766393,0.01107213145,0.006586363837,0,0.01110189669,0.005326281279,0.005556777793,0.00897578211,0.002040319272,0.01440726421,0.0004091433903,0.0003971670464,0.000429972363,0.0006040602953,0.0001400066723,4.902721692e-05,3.622349007e-05,9.736675202e-05,4.594414441e-05,3.670352935e-05,3.516740559e-05,4.852269085e-05,2.177247024e-05,3.721336182e-05,9.991207635e-05,0.0001230564179,0.0002760443991,0.00043497732,0.0003289167114,0.000410929977,0.0003197099179,0.0002655420733,0.0001961652193,9.327374216e-05,4.874308344e-05,5.94979994e-05,2.936572773e-05,2.173769577e-05,9.816598407e-06,3.997799124e-06,3.512917667e-06,6.67096419e-06,7.591985173e-06,2.303124307e-05,1.188290126e-05,2.183092979e-05,1.324876684e-05,4.254561758e-05,0.0001756568293,0.0001438265707,0.003254203628,0.002000381634,0.0006895494753,0.002272363648,0.0005028074078,0.0001953778414,0.0001071502922,2.808508314e-05,5.355828638e-05,0.0001074646739,3.932929578e-05,3.462287702e-05,4.370158807e-05,6.360348314e-05,1.764986602e-05,3.243304898e-05,4.229718174e-05,0.00035410654,0.0008943442264,0.0005944587467,0.0007578875843,0.00228422454,0.002413386878,0.007620275196,0.004008019126,0.006672255472,0.003013093245,0.0008637610944,0.0008032711779,0.0004639704636,0.001236258213,0.00142278432,0.006807471682,0.00443458353,0.001764310474,0.005828796545,0.01131699522,0.001718617296,0.001762537349,0.008524771213,0.0007501563218,0.0005419980508,0.0002020237948,0.0005226543696,0.0001843653156,0.00010344114,5.564521333e-05,9.300748033e-05,8.810461607e-05,8.521021295e-05,6.612067383e-05,6.351871181e-05,0.0002429152488,0.0004214253568,0.0006810705567,0.0007356800617,0.001573737631,0.00184980866,0.0004238537326,0.00104064932,0.0004929702883,0.0007934229101,6.519756283e-05,0.0001052169868,0.0002124706017,0.0003318063515,0.0002179895439,0.0009413175771,0.0005454957202,0.0001696237271,6.139193439e-05,0.0001124586903,3.881305419e-05,0.0001804070363,3.05578123e-05,3.054283137e-05,4.252574451e-05,3.620788519e-05,0.0001439191443,0.0001203842992,3.567541955e-05,0.0001991072381,0.0004594706205,0.0006137866537,0.0005011749318,0.0009133899979,0.0004173168465,0.0003415825685,6.999195338e-05,0.0008679363707,7.65865185e-05,0.0002558083483,0.000133442701,0.0002643041029,0.0004487601728,0.0002940229621,0.0001601787832,0.0002591407284,0.0007027095286,0.0001688590926,8.106295895e-05,0.000142667336,0.0008220840755,0.0001958758989,0.0001195664816,0.0003896930322,0.0002523660248,0.0001753869443,6.157615376e-05,0.0002013987236,3.008081045e-05,5.19891453e-05,1.407767483e-05
A:11,1.273409353e-05,2.392430399e-05,8.461444879e-05,9.123300895e-05,0.0002737825176,0.000193674877,0.0007859356364,0.00272134293,0.01174498712,0.01110189669,0,0.01313531216,0.008742984027,0.009239685743,0.006016496912,0.005906180212,0.001393565116,0.0004904937026,0.0008605420899,0.0004858076382,0.0004358353464,0.0002009453189,0.0002361928132,0.0001406066028,0.0001405684975,0.0001714606243,0.0001162590078,0.0001331294096,0.000207965339,0.0001210952701,0.0004170977989,0.00102088547,0.0008019712216,0.004581098243,0.001475515638,0.001432592244,0.0007808052397,0.0004298484869,0.0004632031167,0.0001633128314,8.860794036e-05,9.900006134e-05,2.744318635e-05,1.625347633e-05,5.770421925e-06,1.684189151e-06,1.649942407e-06,3.227444762e-06,3.736605882e-06,1.051432103e-05,4.205927854e-06,1.34256166e-05,5.17686022e-05,0.0001263860186,0.000240906785,0.0006082407923,0.0003729623453,0.002386449014,0.003726475147,0.008618255469,0.001190944824,0.000528451062,0.0003609630758,7.616140084e-05,0.0001532524767,7.490774899e-05,2.928938109e-05,9.097487256e-05,3.410508651e-05,5.834014793e-05,1.397386684e-05,3.32110688e-05,8.536186119e-05,6.900938272e-05,0.0001260713714,0.0002092473481,0.0001410396309,0.0002391425204,0.0005423882582,0.005003670412,0.004119776691,0.005613719954,0.002357394605,0.0004054436067,0.0009007020118,0.0005992265005,0.001402786719,0.001352241779,0.01115834869,0.004898385526,0.002252653137,0.01250742629,0.01029988243,0.001537855486,0.001393716997,0.009028851176,0.001646028119,0.0008681398056,0.0002428985214,0.0002218241932,0.000385829288,0.0002545909957,5.84273556e-05,8.562080408e-05,0.0001153151297,9.887959161e-05,2.896795502e-05,5.293229312e-05,8.116624098e-05,0.0001219970441,0.000455180316,0.0003719937863,0.0003165984879,0.0005512731249,0.0004056660235,0.001007354543,0.0007604944915,0.0006347896262,6.087440257e-05,0.0001131784688,0.000263142443,0.0004571269096,0.0004055442643,0.001191804093,0.001030081584,0.000329512632,6.518464858e-05,0.000149687543,4.056382463e-05,7.728692367e-05,2.960089695e-05,4.378349513e-05,3.908680941e-05,4.435216815e-05,7.820823281e-05,8.646838596e-05,2.845281287e-05,0.0001501765565,0.0002951797783,0.0004761054139,0.0002970141321,0.0002176383664,0.0002972219885,0.0001859879574,6.750277305e-05,0.0005823119289,4.870202944e-05,0.0002057434266,0.0001468180498,0.0002511821307,0.000195456336,0.0001537452951,0.0003791468768,0.0001197043373,6.621918769e-05,3.904595547e-05,5.483248128e-05,3.617511058e-05,8.984786432e-05,5.718429291e-05,3.477165474e-05,8.872810789e-05,6.068469665e-05,6.062984859e-05,2.368102237e-05,3.768966891e-05,1.688039446e-05,2.119579806e-05,6.740883803e-06
A:12,2.245467109e-05,3.336388994e-05,6.863925905e-05,0.0001137414265,0.0001666789662,0.0002474846976,0.0007234273974,0.0007451622139,0.001404837216,0.005326281279,0.01313531216,0,0.03667342692,0.006760243649,0.00298100366,0.002279816012,0.002677109098,0.0004164333656,0.0008131529416,0.0009781402432,0.0002898799637,6.739930829e-05,0.0001704648053,0.0002753873284,0.0002400076002,0.0002750654836,0.0001988433859,9.685651693e-05,0.0001362429753,0.0001830509971,0.0006131577798,0.0006306001865,0.002775777927,0.01767486343,0.003479486629,0.002270212955,0.001174968687,0.001996056047,0.001159806874,0.0007036576569,0.0004295935019,0.0003538065605,0.0001007473815,5.201912283e-05,1.679671921e-05,4.936419738e-06,2.718471011e-06,5.733038033e-06,7.974310302e-06,2.994702875e-05,7.735019205e-06,6.242096599e-05,2.867248703e-05,0.000153379598,0.0001814525289,0.0004242800906,0.000782976109,0.003719948872,0.01124143528,0.0238423525,0.004985456745,0.002199839764,0.001674523575,0.0009081900843,0.0007576098334,0.0005714829355,0.0002962322317,0.000368229652,8.35804278e-05,0.0001274548199,6.384347805e-05,2.370433891e-05,0.000115481755,0.0001835815632,0.0001963300868,0.0002659138096,0.0001051891233,0.0002127731988,0.0002769268423,0.0003717156442,0.001078161463,0.001211036826,0.0007520588514,0.0001919552386,0.0001553940507,0.0004025804884,0.0006206263231,0.001003018253,0.002388445033,0.001382961284,0.0007764570524,0.00189525796,0.0005596949183,0.0003970758108,0.0002833726355,0.0001863197269,0.0001329987603,0.0002251723902,5.867036962e-05,2.694555675e-05,1.07831281e-05,2.304741918e-05,4.268736697e-05,5.224778579e-05,2.636117755e-05,2.357001886e-05,1.41909542e-05,2.941277744e-05,7.856639449e-05,8.775117423e-05,9.294663565e-05,0.0001074681656,0.0001518302603,0.0002904860172,0.0002941854183,0.0003389329545,0.0001867352953,0.0003037723561,3.644550717e-05,4.403947683e-05,0.000107856492,0.0002339997167,0.0001998901358,0.0005557369019,0.0004224251952,0.000154197733,4.759079725e-05,6.796555201e-05,2.241615525e-05,9.684528168e-06,9.67631364e-06,2.035203353e-05,1.661081272e-05,8.9571269e-06,4.381807241e-05,3.838826632e-05,2.073525299e-05,7.037574138e-05,0.0001251214848,0.0002749776539,0.0001449759657,0.0001694705342,0.0001801684439,8.576031169e-05,4.100358982e-05,9.624511814e-05,3.082593227e-05,0.000106809879,8.664975158e-05,0.0001773231893,0.0001703284867,5.535899582e-05,0.0002501770041,0.0001201174902,3.219453746e-05,2.207918314e-05,5.395859014e-05,2.00694962e-05,3.802987038e-05,3.569491798e-05,3.944218792e-05,2.993700912e-05,4.227071149e-05,3.718450448e-05,1.676994893e-05,2.616077277e-05,9.715165149e-06,1.211924956e-05,4.255264966e-06
A:13,1.09381099e-05,1.583558093e-05,2.604729402e-05,3.577685957e-05,7.616986475e-05,8.214545798e-05,0.0004066039621,0.0005516060769,0.001439108185,0.005556777793,0.008742984027,0.03667342692,0,0.009917668999,0.00922172803,0.005229150952,0.002619799165,0.0006637905863,0.001300535691,0.001161646136,0.0003638196973,0.0001300547866,0.0003959930078,0.000172394407,0.0003475287739,0.0003798504724,0.0004397980762,0.000143265174,0.000412638774,0.0005255588855,0.001428808222,0.002398075288,0.001455133253,0.01601248818,0.002536070351,0.001273063638,0.002613759099,0.001915819297,0.0008994495898,0.0006385359392,0.000156412207,7.634362061e-05,3.205700529e-05,2.18877485e-05,8.5957589e-06,3.861685545e-06,1.346648315e-06,3.143274974e-06,5.786230651e-06,1.318904777e-05,8.518891117e-06,2.621182559e-05,3.304821882e-05,0.0001486409841,0.0001042556411,0.0004230431123,0.0003834833374,0.001699995325,0.003879362484,0.01085548337,0.002804501252,0.0007873214727,0.0005446004148,0.0002298284612,0.0002742617925,0.000123248475,9.83325011e-05,0.0001002943684,6.427339196e-05,6.898698819e-05,2.477292567e-05,9.429603619e-06,2.813332731e-05,4.013997807e-05,9.294569445e-05,0.0001478491454,8.811156951e-05,0.0002531213243,0.0003355097964,0.002045978762,0.001917989395,0.002243517232,0.001479463038,0.0004234803308,0.0001235937183,0.0008761103745,0.0007166547131,0.002642127826,0.001298438784,0.001564897176,0.001748995198,0.0004674024348,0.001749374368,0.001130644177,0.0007801482953,0.001132677283,0.0003316855629,0.0004805242307,0.0001323392716,3.471437465e-05,4.638938655e-05,7.757224423e-05,2.758802417e-05,2.949975701e-05,4.190427225e-05,4.173393718e-05,1.790822934e-05,4.329888257e-05,8.209037017e-05,0.0001474600011,0.0002027359911,0.0002884837268,0.0002768042763,0.0006255503152,0.0006557024761,0.001092505974,0.0006480553597,0.001010985125,0.0001382624888,2.738698995e-05,0.0001238225826,0.0002891889825,0.0002228126604,0.0007815155548,0.0007185430314,0.0002009960039,9.546572381e-05,9.993787281e-05,4.458925821e-05,1.258093431e-05,2.130416938e-05,4.166914725e-05,3.578084007e-05,3.469637235e-05,0.0001227855649,7.709059174e-05,4.873397161e-05,0.0001740436202,0.0003705698049,0.000785963978,0.0004016064151,0.00052901086,0.0006220184108,0.0002526668345,0.0001060814738,0.0004696524758,0.0001038814236,0.0001562159521,0.0001700114068,0.0002194825737,0.0004292735922,0.0002302378318,0.0001477634938,0.0003603601974,0.0001069975384,6.596674173e-05,0.0001545526961,8.476802601e-05,5.82503433e-05,7.320880791e-05,0.0001010963678,3.629732731e-05,4.114427803e-05,5.206156201e-05,2.315599154e-05,3.104764999e-05,1.086060383e-05,1.361802259e-05,4.354347351e-06
A:14,8.554496443e-06,1.464532966e-05,2.700158516e-05,6.48733623e-05,0.000213847164,9.0273634e-05,0.0009114249565,0.002149099302,0.003688482533,0.00897578211,0.009239685743,0.006760243649,0.009917668999,0,0.01755966427,0.01032617782,0.0011668168,0.002543107086,0.002145187199,0.001048268954,0.001118032736,0.0007975527172,0.0004159129816,0.0002080767126,0.0001374320111,0.0001782147972,0.000127161927,0.0006010157596,0.0001881447917,7.676548536e-05,0.0002546524041,0.0005591924277,0.000273887052,0.002197249779,0.0005042384544,0.0004303834507,0.000358475457,0.000277896191,0.0001476860887,0.000142657923,4.736008612e-05,4.53935553e-05,1.905421959e-05,1.816800369e-05,9.453334028e-06,8.377498563e-06,8.94268942e-07,2.990347384e-06,5.315081059e-06,1.518255371e-05,2.999026929e-06,1.361072698e-05,1.445321153e-05,3.637197086e-05,5.233041785e-05,9.449963692e-05,0.0002549042148,0.0004690185583,0.0004322273024,0.001639853673,0.0004545451464,0.0001069759335,0.0001176431669,3.092726877e-05,5.087897081e-05,3.864971021e-05,1.702061623e-05,2.229753886e-05,3.441721477e-05,4.40566686e-05,7.497256023e-06,1.829955108e-05,9.974072851e-06,0.0001302298853,0.0003587048328,0.0002647771529,0.0002479818211,0.000886433356,0.0005276103776,0.002513122096,0.004304373957,0.004524295459,0.009884536397,0.003403277859,0.0008007165821,0.0029262737,0.001090277768,0.001857802235,0.01154116338,0.004399236626,0.0008489151556,0.003321595451,0.003417971683,0.000831518649,0.0007518481281,0.003182697441,0.0001552764026,0.0004096267896,0.0001409055903,0.0001817181207,5.554102024e-05,8.553186737e-05,1.788628458e-05,4.185229755e-05,5.590574827e-05,5.497556758e-05,2.036565397e-05,4.3948714e-05,0.0001583119936,0.0003920112144,0.0003831491664,0.000827978045,0.0008587784805,0.0011275735,0.006899753407,0.005886736479,0.006736334214,0.002675684848,0.0002292792719,0.0002074925361,0.0002024311367,0.0003790387483,0.0003134542082,0.001396515364,0.004519570365,0.0003687197128,0.0001200718895,0.0001641014513,0.0001905246599,9.443858234e-05,2.944661017e-05,4.43706398e-05,2.562555546e-05,7.38286328e-05,0.000258560301,0.0001481456429,5.588930416e-05,0.0002312946674,0.0005847171042,0.00119295741,0.0005241463536,0.0007760509849,0.0008157167596,0.0008488380356,0.001009728389,0.002237320333,0.0001332527722,0.0002800601113,0.0005088361651,0.0003568685823,0.0006377781714,0.0006388587412,0.00037468609,0.0002193013372,0.0003989233718,0.0001222062585,0.0001825651599,0.0001087484786,0.0004724210462,9.002503437e-05,0.0001176268095,0.0002220938829,0.0001369965602,9.468335045e-05,3.476070289e-05,0.000102849321,1.482416503e-05,2.378174324e-05,5.479758242e-06
A:15,1.993485314e-05,3.479520774e-05,2.847432262e-05,4.582793865e-05,8.342421596e-05,0.0001218786158,0.0003340487049,0.0004864683144,0.0009734562305,0.002040319272,0.006016496912,0.00298100366,0.00922172803,0.01755966427,0,0.007413821827,0.008611338134,0.0107937984,0.01126949296,0.01181874348,0.003239229097,0.001470046325,0.002671832718,0.002794757665,0.001627241372,0.001253613678,0.0008986690565,0.001529874839,0.0007950463347,0.0004313837254,0.0005649717662,0.001085646036,0.0002017904163,0.001379636064,0.0005480552271,0.0005698657735,0.0001310899319,0.0001509317156,6.889166051e-05,0.0004692454469,0.0001634400194,0.0001223662732,5.236456814e-05,4.037223705e-05,2.372933048e-05,3.908174424e-06,2.554316026e-06,6.462334265e-06,1.485022612e-05,2.476245681e-05,2.464150832e-05,4.255884067e-05,2.575663856e-05,8.184909111e-05,0.0001064754414,0.0001693547521,0.001022629787,0.0006780096032,0.0006166583411,0.001645372629,0.0004577277719,0.0001292073054,6.926100772e-05,2.372185662e-05,3.974731067e-05,3.270493415e-05,2.140166941e-05,2.784577108e-05,1.997348802e-05,1.212503071e-05,1.451618018e-06,3.722407969e-06,2.279301429e-06,6.101957195e-05,0.0001334742298,0.0001556138525,8.795707254e-05,0.0001950730741,0.0004425979458,0.0008904941175,0.004808745546,0.005820471675,0.009241147655,0.003247198108,0.002278849816,0.003220945908,0.0004639640275,0.001422616599,0.002044050078,0.0006469042739,0.0005506139924,0.002478383304,0.0013976934,0.0007020013819,0.0006133787106,0.0007554276114,9.102584176e-05,0.0002243929477,3.780381244e-05,5.388658545e-05,2.032860671e-05,2.715367516e-05,6.85208417e-06,1.290557262e-05,2.365007629e-05,1.710105008e-05,8.108998493e-06,1.60934251e-05,8.107759489e-05,7.994689245e-05,0.0001521986091,0.0002223950862,0.0001008669031,0.0009362259121,0.00404446163,0.007990714281,0.006947478883,0.005763496388,0.0005562823703,0.0002547364678,0.0002142805847,0.0002083482353,0.0001521619257,0.0009551901518,0.001534421874,0.0001266832519,7.272838046e-05,6.863932336e-05,9.946507126e-05,8.530260758e-05,3.120801381e-05,2.003750641e-05,1.086825018e-05,1.976286661e-05,9.139207542e-05,6.566135442e-05,3.67230827e-05,8.767141653e-05,0.0001490896791,0.0004279545618,0.000535646976,0.0008289133847,0.001948615783,0.002473756544,0.002053619699,0.008237329871,0.0009477481849,0.0005025995931,0.001723698673,0.0004669738882,0.001406093176,0.003524702416,0.000745349459,0.0002690234003,0.0001426273302,0.0004255177994,0.0001962268207,0.0001190448495,8.321165712e-05,0.0001772168081,0.0001487225121,3.702543137e-05,2.450979653e-05,8.791434859e-05,3.388488139e-05,1.228193629e-05,1.406631547e-05,1.89329692e-05,5.759985545e-06
A:16,4.484663215e-05,7.369353909e-05,0.0001876071879,0.0003545207838,0.00223033806,0.0007746604837,0.007645981597,0.0098521376,0.007662136115,0.01440726421,0.005906180212,0.002279816012,0.005229150952,0.01032617782,0.007413821827,0,0.007878098652,0.007900602114,0.005353803293,0.007003546317,0.00433975189,0.002075729611,0.001810634907,0.0008475530394,0.0008770270545,0.001018842867,0.001125642348,0.0005881899215,0.0004258304621,0.0005044331628,0.0003753869477,0.000999507219,0.0005978478349,0.0005888463807,0.000466593592,0.0004389160601,0.001238094432,0.0006337468721,0.000598265761,0.0006728787422,0.0003411067161,0.0003606670852,0.0001697402775,0.0001044930322,5.383146088e-05,2.035930064e-05,2.109855076e-05,3.493869835e-05,4.154898488e-05,7.960647058e-05,4.235077094e-05,0.0001258322488,0.0002639482764,0.000366439813,0.0006386923807,0.002178754893,0.006877531664,0.008756633561,0.000985323765,0.0008973970347,0.0001499045625,6.538229896e-05,3.396266169e-05,1.953456567e-05,1.308498693e-05,7.440029582e-05,3.195263889e-05,1.560563628e-05,2.537581876e-05,8.460185537e-05,3.164179261e-05,7.285237418e-05,3.128494275e-05,0.0004337784014,0.001822858095,0.0009079333151,0.0008304696528,0.001616409394,0.001203653,0.005648475552,0.006006697728,0.001180138443,0.001607728844,0.0009891657977,0.0002875388617,0.0005301449737,0.0001951495662,0.0005407157241,0.001661330545,0.001188304302,0.0003172572505,0.0006355464988,0.000485573846,0.000164562893,0.0001677546228,0.003145586264,0.0001152781556,3.46218678e-05,5.07111194e-05,0.0001451087655,5.99174338e-05,2.067830365e-05,1.125492218e-05,7.792828027e-06,1.921715444e-05,2.334513285e-05,1.38742052e-05,7.080010317e-05,0.0003126202761,0.0003433464457,0.001061616426,0.0008815804993,0.0002429910905,0.0008995554533,0.0006147105972,0.001283670657,0.001428731053,0.0007328866682,8.839179834e-05,1.670928229e-05,7.47751629e-05,7.725912758e-05,3.749303266e-05,0.0002170330541,0.0007534548129,5.002505168e-05,2.487538702e-05,3.939517563e-05,2.273593038e-05,3.673899363e-05,1.354554752e-05,1.801032904e-05,2.782655368e-05,9.59314405e-05,5.236172372e-05,4.822687198e-05,1.493979137e-05,8.762917077e-05,0.0002507582443,0.0002254963597,0.0002246374749,0.0005659466147,0.0004337109638,0.001112947017,0.000877324512,0.00310341972,0.0002591992559,0.0001733107111,0.000390264863,0.0001782875922,0.0006081165034,0.0003289568781,0.0002585557819,0.0003561528622,0.000183747801,9.661866996e-05,7.060395099e-05,7.440958391e-05,0.0003871223917,0.0001278554142,9.310393137e-05,0.0004472783621,0.0002840266054,0.0001102740055,4.030325365e-05,0.0002232516853,2.018434508e-05,3.454919943e-05,8.364451006e-06
A:17,4.047222774e-05,6.107037914e-05,5.008176147e-05,4.527326851e-05,4.102169548e-05,0.0002108840365,0.0003492418477,0.000849556955,0.0008907366886,0.0004091433903,0.001393565116,0.002677109098,0.002619799165,0.0011668168,0.008611338134,0.007878098652,0,0.01141786464,0.0189522835,0.02374942954,0.007639229841,0.004239327051,0.01172119176,0.002396946741,0.005809139002,0.007101067382,0.006288478534,0.002206421138,0.00605649131,0.005442326822,0.002585054772,0.01846095448,0.0007701730561,0.0009009146238,0.000544888136,0.000700458543,0.0003282688565,0.0002645058173,0.0003966606636,0.0008574007267,0.0002429857919,0.0003834196022,0.0001391083847,9.445465193e-05,4.158268214e-05,4.169853388e-05,1.595047001e-05,2.627492877e-05,4.136231097e-05,4.283573206e-05,3.413018584e-05,5.649902458e-05,0.0001002514522,0.0001745761699,0.0003438018084,0.0002553162903,0.007004158532,0.002490318847,0.0003856963563,0.0006081125255,0.0001105858197,3.327031106e-05,1.315558371e-05,5.592666274e-06,1.09832838e-05,1.422656984e-05,6.639538345e-06,1.050678096e-05,5.053298711e-06,1.25695374e-05,5.467119188e-06,5.916713811e-06,6.289416934e-06,7.847313053e-05,0.0001851910861,0.000119536644,5.417077234e-05,0.0001953103055,0.0002017687072,0.0004754779082,0.0004658558924,0.0005945344084,0.000324416313,0.000111799643,8.551380344e-05,0.0002178146139,2.968611584e-05,0.000460318865,0.0002100500913,0.0001983530855,0.000311008623,0.0002923501129,0.0001694196907,0.0001396745216,0.0001085890349,9.654195535e-05,1.454846602e-05,2.418080607e-05,5.086859863e-06,6.742512126e-06,3.566195139e-06,4.127808316e-06,1.77227514e-06,1.64402184e-06,7.181812392e-06,4.716201125e-06,3.835224751e-06,1.994782881e-05,8.002326463e-05,7.027056064e-05,0.0001205633263,7.260745053e-05,3.72147037e-05,0.0002515236477,0.0001429979749,0.0005242144328,0.0004193800612,0.000380790295,0.0004279915931,1.720676626e-05,5.827974422e-05,2.034961198e-05,9.538873334e-06,6.973275015e-05,9.383969548e-05,8.94405778e-06,8.928148284e-06,1.030164808e-05,3.55281828e-06,3.967967334e-06,1.025753501e-05,1.27209485e-05,1.342762612e-05,1.581957786e-05,3.286275901e-05,2.499912723e-05,1.213648867e-05,5.028779749e-05,7.692116923e-05,0.000231378821,0.0001798520678,0.000548213726,0.0007073901534,0.0004670673491,0.0003219389374,0.00287552445,0.001071222413,0.0005649164903,0.001022533318,0.0004820552039,0.001217738791,0.002135951256,0.001965634336,0.0004890628691,0.0001562223569,7.471949665e-05,0.0002346495858,0.0002606774618,2.60413019e-05,6.322471578e-05,0.0001752796062,1.997270448e-05,1.920654083e-05,4.742421349e-05,2.420485427e-05,2.354050587e-05,5.707860032e-06,1.111478964e-05,3.158050754e-06
A:18,1.913922052e-05,3.583336505e-05,3.601935381e-05,4.728731836e-05,8.089006102e-05,4.217003714e-05,0.0004314183658,0.0003087519544,0.0003009383344,0.0003971670464,0.0004904937026,0.0004164333656,0.0006637905863,0.002543107086,0.0107937984,0.007900602114,0.01141786464,0,0.01752181611,0.008631340577,0.006539182802,0.008231935637,0.006284889492,0.001299558078,0.004044131252,0.002167588647,0.003532817144,0.01510683922,0.008592783812,0.005924866842,0.004082432008,0.005888739251,0.0006107559203,0.0001913963432,0.0003199867514,0.0002787528662,0.0001162346713,5.854144056e-05,5.172540314e-05,0.0002002199203,8.325744474e-05,7.90939027e-05,1.937777402e-05,1.857912594e-05,9.302074188e-06,3.11427971e-06,2.780217164e-06,5.113310501e-06,1.030251247e-05,9.083109006e-06,1.513586947e-05,1.324293289e-05,3.925729218e-05,0.0001252636751,0.0001227515432,0.0001295875345,0.002327312489,0.0001883962813,0.0001680696354,0.0002086387662,2.452715896e-05,1.92695752e-05,5.331400099e-06,2.892490423e-06,2.567220751e-06,4.686867575e-06,3.007106731e-06,1.825211226e-06,1.315933524e-06,2.254511991e-06,1.075759488e-06,1.774031388e-06,1.267204486e-06,1.45949054e-05,5.732438443e-05,3.137138991e-05,3.543281186e-05,2.907050934e-05,2.716591776e-05,0.0001008760411,0.0005943530279,0.0009239985474,0.001270976894,0.0002954703215,0.0002055333289,0.000410410452,7.795674957e-05,0.0001011169534,0.0003518124143,0.0002039577021,5.210825602e-05,0.0001407817581,4.451710045e-05,4.010913416e-05,3.195960443e-05,4.07953506e-05,4.684277916e-06,1.087452737e-05,2.374613326e-06,1.148022536e-06,9.546049255e-07,1.14830117e-06,2.987434825e-07,3.182473818e-07,1.27901739e-06,8.936774968e-07,7.624607682e-07,2.363467217e-06,6.436155695e-06,1.286158075e-05,1.522085585e-05,4.664812212e-05,1.663856589e-05,0.0001220681075,0.0005846000194,0.0009517908599,0.000581323579,0.0003038806176,0.0002767403052,2.735332732e-05,3.819343886e-05,3.708141744e-05,1.772841423e-05,6.784997812e-05,0.0001893586545,2.497168149e-06,4.10441414e-06,3.808001303e-06,7.348161505e-06,1.021825638e-05,3.29684221e-06,3.396408579e-06,3.212175204e-06,4.062403413e-06,1.672507449e-05,1.182520878e-05,7.358823391e-06,1.86138796e-05,2.99826136e-05,7.65607363e-05,9.465135771e-05,0.0002233100617,0.0002995329709,0.0002656606965,0.0003942554754,0.009068350638,0.001600174511,0.0002117554511,0.0007355965561,0.0001906292319,0.0003407689949,0.002159625309,0.0009840287619,0.0001289558821,5.538560868e-05,9.995760699e-05,8.904411784e-05,8.12430194e-05,1.920633795e-05,4.032636328e-05,3.792443767e-05,1.628482689e-05,7.629323109e-06,2.585814279e-05,1.275967471e-05,3.225341779e-06,6.479234977e-06,7.263074482e-06,2.897349012e-06
A:19,6.278919173e-05,0.0001287970565,0.0001775082194,0.000183500869,5.844627635e-05,5.057431529e-05,0.0004122214102,0.0002747475193,0.0004148850777,0.000429972363,0.0008605420899,0.0008131529416,0.001300535691,0.002145187199,0.01126949296,0.005353803293,0.0189522835,0.01752181611,0,0.01961243253,0.005413335054,0.006906412025,0.01730698331,0.007985086882,0.003442413349,0.003788205625,0.004605880604,0.006063471425,0.002880814654,0.001571841773,0.001513733973,0.004168935462,0.0002473679992,0.000898316374,0.000276765714,0.0003772974533,0.0003315903021,0.0001703361747,0.0003365391586,0.0006859055507,0.0002148732598,0.0002384503267,5.291996782e-05,4.479806457e-05,2.529048241e-05,5.539988041e-05,3.54458719e-06,4.172120365e-06,1.325308302e-05,1.032025969e-05,5.903487688e-05,3.498853639e-05,0.0001022766664,0.0004189592713,9.774170837e-05,0.000131591624,0.002970093559,0.0004226382365,0.0001321658917,0.0004886011229,3.652521764e-05,3.765903513e-05,7.499312101e-06,3.523135636e-06,3.442918421e-06,6.683423416e-06,4.357773562e-06,2.813499335e-06,2.751385497e-06,4.989932867e-06,1.3124243e-06,1.953845706e-06,1.278833591e-06,3.316020482e-05,7.529799913e-05,7.041952926e-05,4.600746257e-05,5.400449415e-05,0.0001521886268,0.0001347583215,0.0003325623136,0.0007521294834,0.001196672987,0.0004548579351,0.0003042956533,0.0005412989509,0.0001101656985,0.0002560880194,0.0002425219009,0.0002236856411,0.0001350424944,0.0002662303527,0.0001027746845,0.0001053461211,8.610202374e-05,6.447758544e-05,7.255895522e-06,2.148233914e-05,4.033170734e-06,9.65540612e-07,2.5979146e-06,1.815535615e-06,6.162336914e-07,9.254332465e-07,3.519352239e-06,4.440872263e-06,4.697737205e-06,1.755381723e-05,2.987276309e-05,5.827335454e-05,8.678453645e-05,0.0001290794062,9.27810044e-05,0.000186875564,0.0005980738878,0.001211162222,0.001327951311,0.0007224359564,0.0004647880795,4.289001985e-05,8.345532538e-05,6.203308799e-05,2.701996446e-05,0.000103873533,0.000222952891,5.222948264e-06,1.393239761e-05,1.152864531e-05,8.987251449e-06,9.89412557e-06,1.644552213e-05,9.883042128e-06,9.447019995e-06,4.428591798e-05,7.914260327e-05,4.289490343e-05,3.524458607e-05,8.399726076e-05,0.0001860292245,0.0002623453661,0.0004072166775,0.0002289651303,0.001437206034,0.00099906252,0.001302313496,0.00713623611,0.001493733406,0.0003913724939,0.002976336523,0.001433251672,0.000943047,0.01213264333,0.003879418243,0.0003190513284,0.0006571179996,0.0004382035184,0.0004737473577,0.000142390328,6.542618215e-05,5.772455938e-05,3.49315783e-05,3.911191485e-05,3.231141556e-05,1.647801677e-05,1.028661115e-05,2.57194537e-05,1.628595865e-05,1.35883025e-05,8.736543572e-06
A:20,6.535153143e-05,0.0001568843681,0.0002114817414,0.0002136758638,8.659448814e-05,0.0001701039266,0.0002672332211,0.000913389473,0.0008902996955,0.0006040602953,0.0004858076382,0.0009781402432,0.001161646136,0.001048268954,0.01181874348,0.007003546317,0.02374942954,0.008631340577,0.01961243253,0,0.007310347118,0.004402134523,0.01295961505,0.01763515155,0.00701277593,0.007622173441,0.009499895354,0.002324584304,0.002257506839,0.002139701659,0.001534203065,0.004788179631,0.0003432694507,0.0004903474527,0.0002187642879,0.0001322964465,0.0002288917947,0.0003974298041,0.000823204668,0.001159542638,0.0009318764576,0.0006492827981,0.0001547699491,4.0563093e-05,2.659118231e-05,5.610317243e-05,1.526919824e-05,1.967355137e-05,3.875472515e-05,1.420788334e-05,7.13858448e-05,0.0001382329215,0.000139392316,0.0005469395953,0.0004980779449,0.0001915464175,0.009261487463,0.002254306974,0.0004887618053,0.0001912061849,2.021154397e-05,1.437359525e-05,1.108237945e-06,7.26367871e-07,1.102336861e-06,5.477262801e-06,1.380876388e-06,1.205386176e-06,2.73484709e-06,8.751438781e-06,2.336803741e-06,4.016095689e-06,2.108377482e-06,5.389648524e-05,0.000104289579,6.090797e-05,6.306431694e-05,0.0002601817744,0.0001139174777,0.0003133936241,0.0002274981936,0.0004125210117,0.0007411651931,0.0002312384076,0.0001644524988,0.0002725479541,8.903035931e-05,0.0003029857511,0.0001397586616,0.0001738972425,0.0001352363017,4.93319398e-05,4.005182114e-05,2.45774966e-05,2.066845038e-05,0.0002783531133,1.192303701e-05,3.892541105e-06,5.375188203e-06,9.505072705e-06,6.381842488e-06,1.128134162e-06,1.008057315e-06,6.452684515e-07,1.529305722e-06,1.929880996e-06,1.283324064e-06,4.86006851e-06,3.19853639e-05,5.623507634e-05,0.0002696290402,0.000110473096,3.855384685e-05,0.0001976988348,0.000292094322,0.0007266801326,0.0007728109015,0.0005967178676,0.0006407739273,5.165709462e-05,9.468107064e-05,5.346391668e-05,2.121392537e-05,0.0001184965336,0.000160344862,1.363861477e-05,2.018165889e-05,1.719640481e-05,1.022202513e-05,2.472917417e-05,2.402612209e-05,1.578400976e-05,1.651392322e-05,4.830683886e-05,2.882910299e-05,2.325233626e-05,1.484255768e-05,3.974213832e-05,3.939030034e-05,0.0001789247199,0.0005217341747,0.0006840915489,0.001093944102,0.0001760341226,0.0002806337585,0.001753310187,0.0009869618284,0.0004790598483,0.0003807721834,0.0003947376301,0.0003329542001,0.002404824541,0.001417605924,0.0001494325418,7.000754559e-05,0.0003224520846,0.0001952701314,0.0002403519972,9.083728322e-05,0.0001387176839,0.0001343366926,3.436786686e-05,1.950645117e-05,7.017903953e-05,4.005745536e-05,9.484999938e-06,1.541832327e-05,1.891140805e-05,7.739140621e-06
A:21,1.997675963e-05,3.483279665e-05,3.165995811e-05,5.00585225e-05,0.0001000708482,0.0002133745333,0.0001259293124,0.0003744359579,0.0005047010036,0.0001400066723,0.0004358353464,0.0002898799637,0.0003638196973,0.001118032736,0.003239229097,0.00433975189,0.007639229841,0.006539182802,0.005413335054,0.007310347118,0,0.004827372926,0.005806901028,0.007135789433,0.007479310874,0.006599642676,0.006355810612,0.007712592086,0.009719830507,0.001964922057,0.001107931491,0.0020470303,0.0002039209509,0.0001283267283,0.0001288306072,0.0001283670101,5.121760688e-05,7.258358261e-05,0.0001368016604,0.0002916221738,0.0002698383436,0.0002647432449,4.679102739e-05,1.724807158e-05,9.110874556e-06,1.845738178e-05,5.562475551e-06,5.780960787e-06,8.62789779e-06,1.450571012e-05,1.01153039e-05,6.392515395e-05,2.652113103e-05,8.45806105e-05,0.0001566191947,0.0001408137291,0.002207809775,0.0007335337081,0.0001602337884,4.546802826e-05,1.31447235e-05,3.513565118e-06,9.233387086e-07,2.901047036e-07,8.304205774e-07,2.296792522e-06,1.113723671e-06,1.788105026e-06,2.096621409e-06,4.829903467e-06,2.60457117e-06,2.578738479e-06,2.964862657e-06,2.788198895e-05,9.340193958e-05,7.664833311e-05,6.432904198e-05,8.158692519e-05,0.0001244694569,0.0002077845639,0.0001983543823,0.000449437865,0.000516148641,0.0001596265871,0.0001328365861,0.0001876738029,2.818622566e-05,8.161272445e-05,0.0001546967043,0.000121352557,5.311774846e-05,7.169402637e-05,4.273353787e-05,1.09780141e-05,9.669364386e-06,6.790497142e-05,3.348785126e-06,1.70034021e-06,1.168493034e-06,3.093426758e-06,6.077757587e-07,5.403254444e-07,2.237606512e-07,3.653446397e-07,8.645898262e-07,1.382595723e-06,1.348731933e-06,8.450373231e-06,1.900303639e-05,2.324376657e-05,5.406613302e-05,6.087364177e-05,3.940951529e-05,7.970345774e-05,0.0002105069655,0.0003787199324,0.0006447038184,0.0002549048247,0.0001916814072,2.810521532e-05,2.867670204e-05,2.541219984e-05,1.09259062e-05,2.062698681e-05,5.961684755e-05,1.848880834e-06,4.009954313e-06,4.040272883e-06,1.855204622e-06,2.933899076e-06,6.122102014e-06,5.269938778e-06,5.441123383e-06,2.086700258e-05,3.120991118e-05,1.395184647e-05,1.228919808e-05,3.174029212e-05,8.314735372e-05,0.0001242616752,0.0001695075703,0.0001367425695,0.0004068020555,0.0004837061961,0.0007043627005,0.003548969786,0.000381805263,0.0003339492423,0.0007467999148,0.0003656502926,0.0005604765668,0.003025098584,0.0003261694954,0.0001052998974,0.0001604969886,0.0001236600724,7.376238792e-05,3.554164644e-05,1.448961646e-05,1.451281019e-05,1.343775172e-05,2.314312746e-05,2.61319821e-05,1.612916845e-05,1.280740074e-05,2.02932929e-05,9.132493577e-06,8.693396233e-06,4.738232615e-06
A:22,1.279829276e-05,1.682232324e-05,1.190578937e-05,1.633468976e-05,4.358613532e-05,4.554391593e-05,6.705333943e-05,9.802026404e-05,0.0001110067659,4.902721692e-05,0.0002009453189,6.739930829e-05,0.0001300547866,0.0007975527172,0.001470046325,0.002075729611,0.004239327051,0.008231935637,0.006906412025,0.004402134523,0.004827372926,0,0.004939434737,0.005011189484,0.005526105658,0.005100388479,0.005059957092,0.005432573846,0.005540599383,0.001253793383,0.0006796018409,0.0007085581488,0.0001400794372,5.417920505e-05,0.000112649026,0.0001030922332,3.301111671e-05,3.62297984e-05,6.52442552e-05,0.000158681899,0.0001423207876,0.0001192205565,2.369749459e-05,9.277558577e-06,9.701183745e-06,1.343480333e-05,3.147688865e-06,4.353933488e-06,6.618696649e-06,6.096345361e-06,7.742013956e-06,3.413480825e-05,1.487687085e-05,4.35229739e-05,4.642046958e-05,5.767354154e-05,0.0001258576859,6.714074888e-05,3.793708982e-05,2.283923707e-05,5.549234583e-06,1.560233166e-06,5.493920933e-07,2.681062368e-07,4.307247328e-07,1.459363199e-06,8.464667414e-07,9.110967118e-07,1.256119588e-06,2.46154164e-06,1.353503024e-06,8.855644054e-07,1.378717924e-06,1.180511651e-05,2.362110369e-05,3.990041163e-05,1.93609478e-05,3.646044199e-05,4.013416829e-05,0.0001022442174,0.0002673532333,0.0001835720727,0.0002929455692,6.899528109e-05,3.630658807e-05,7.948216958e-05,2.561559421e-05,2.539037936e-05,0.0001102232811,4.227357905e-05,1.627777137e-05,4.379203156e-05,2.020948921e-05,9.251099533e-06,7.480495905e-06,1.448366931e-05,2.13935787e-06,2.408079034e-06,6.26139651e-07,1.214620693e-06,7.061822023e-07,8.463230759e-07,4.044246725e-07,5.92944662e-07,1.6299453e-06,1.963974207e-06,2.52289267e-06,1.080607171e-05,2.737254595e-05,3.53336344e-05,3.506522546e-05,3.040313442e-05,7.229714308e-05,0.0002787298693,7.677149099e-05,9.753756631e-05,0.0002904660991,0.0003543963502,0.0003882640664,5.72637697e-05,3.835578586e-05,4.648836708e-05,2.196498632e-05,1.171299243e-05,1.675242668e-05,5.119282854e-06,2.602377384e-06,1.285649556e-06,2.537154995e-06,1.674714114e-05,1.606442922e-05,2.512707539e-06,1.962944194e-06,3.919662763e-05,1.56613206e-05,8.044080082e-06,7.052141353e-06,1.185337647e-05,3.648823708e-05,1.918866987e-05,0.0002984374976,0.0002651550449,0.001852459171,0.005999105791,0.004200576782,0.0107174065,0.001711584448,0.0004437021302,0.01309389294,0.00193533218,0.001562440792,0.01314219978,0.001583644945,0.0003376204836,0.0004052066576,0.0002677458098,0.000178988947,0.0001005230658,3.762436935e-05,1.314028939e-05,1.78225182e-05,2.868619715e-05,2.596655833e-05,4.908415358e-06,3.529848381e-06,2.091632518e-05,7.881705178e-06,5.155101294e-06,4.531611317e-06
A:23,6.335276369e-05,0.0001216834802,0.0001272617373,0.0001412838783,0.0001932995552,0.0001317823555,7.701691642e-05,0.0001066180986,0.000196655123,3.622349007e-05,0.0002361928132,0.0001704648053,0.0003959930078,0.0004159129816,0.002671832718,0.001810634907,0.01172119176,0.006284889492,0.01730698331,0.01295961505,0.005806901028,0.004939434737,0,0.01345053335,0.01291396241,0.01081946341,0.01481884874,0.004163904326,0.002332753628,0.002650733499,0.002034041062,0.001931586572,0.0002985321765,0.0002255084223,0.0001523772253,0.0001250852811,0.000155786377,0.0002530322783,0.000510945822,0.0007676493893,0.0005366985141,0.001090658652,0.0002118789673,0.0001784457701,0.0001159371965,6.16370584e-05,7.905345377e-06,1.303650219e-05,3.042048955e-05,4.465362493e-05,6.388324247e-05,7.450451265e-05,7.407527851e-05,0.0001699400462,0.0002109547164,0.0002498874851,0.0003084937427,0.0002083362192,9.322769334e-05,3.303886856e-05,7.022229234e-06,1.587104228e-06,2.630109504e-07,3.08279541e-07,8.776271773e-07,2.871192595e-06,1.952737712e-06,2.791188735e-06,4.727922715e-06,1.21761437e-05,1.021320254e-05,4.771034677e-06,9.779078913e-06,9.392319116e-05,0.0001151339191,0.0002956076051,6.148455268e-05,8.928943934e-05,8.876294333e-05,0.0001295560244,0.0001169300985,0.0002369855789,0.0002237879473,6.5286088e-05,2.129016804e-05,7.956472807e-05,1.582326097e-05,0.0001017956563,5.899568795e-05,6.539382684e-05,6.002011817e-05,4.170574497e-05,3.370051194e-05,1.69564844e-05,1.341620354e-05,1.379947854e-05,1.816830203e-06,2.463483603e-06,7.923695544e-07,1.450591674e-06,1.742396783e-06,2.052871242e-06,1.750653326e-06,2.818657705e-06,3.905270758e-06,5.625586274e-06,8.586874038e-06,2.85259664e-05,0.0001024453993,8.078013912e-05,9.705132585e-05,4.360799954e-05,0.0001480639417,0.0002422542486,0.0002988415609,0.0001535834594,0.0001224755197,0.000423271334,0.0008885845902,0.0001725438785,0.0001166487198,7.751160325e-05,4.498211678e-05,2.525132415e-05,4.204366067e-05,5.738557215e-06,1.140872672e-05,4.907245552e-06,1.49008412e-05,4.969687377e-05,1.728446551e-05,9.058254672e-06,1.083464066e-05,6.017306554e-05,3.630039858e-05,2.807556888e-05,3.037175609e-05,4.326607845e-05,0.0001669596495,5.67138133e-05,0.0002575881686,0.0006029954015,0.0005674030457,0.0001364942205,0.0001550855765,0.00118581636,0.001446083068,0.000623387656,0.006184975301,0.0009383332244,0.002562935857,0.00781623473,0.01627493064,0.002525387963,0.0006737836056,0.001465872301,0.001084483457,0.002098526572,0.0001421774381,0.0002767868367,0.0006001880175,0.0002083400909,4.786050187e-05,0.0001533980895,0.0001423089185,3.959222161e-05,6.428708013e-05,4.620087349e-05,3.029204432e-05
A:24,0.0007178245693,0.001473124393,0.001528549095,0.001239113615,0.001009481524,0.0005778342907,0.0007817803454,0.0003611902831,0.0003057776017,9.736675202e-05,0.0001406066028,0.0002753873284,0.000172394407,0.0002080767126,0.002794757665,0.0008475530394,0.002396946741,0.001299558078,0.007985086882,0.01763515155,0.007135789433,0.005011189484,0.01345053335,0,0.01323403083,0.01210167657,0.01200911205,0.002283991617,0.002332522158,0.001777716887,0.001157415054,0.000563255219,0.0004761795547,0.0002390802745,0.0001905253376,0.0001031011018,0.001927123464,0.0005017332994,0.005069410866,0.01372120122,0.009530617268,0.01233938562,0.003015905208,0.00163726586,0.001232970756,0.0006969422062,0.0003479581768,0.000366867615,0.0006211127385,0.0004359321173,0.0007428272088,0.001575607548,0.00125167445,0.003792665892,0.001824991324,0.0007024947295,0.0004254591633,0.00108891415,0.0002089897777,0.0001688544433,2.555496247e-05,8.724668353e-06,3.099182994e-06,8.332683704e-06,1.095109418e-05,1.340932921e-05,1.029539727e-05,1.502906833e-05,2.711200948e-05,4.076243124e-05,6.389303055e-05,3.145852862e-05,6.596298376e-05,0.0001439994598,0.0006148266638,0.0005042606761,0.0001204914801,0.0003486029683,0.0001257006178,0.0001302699132,5.370551943e-05,0.0001048781987,0.0002250760776,3.956329988e-05,3.620632947e-05,4.325135368e-05,8.0414773e-06,4.653907009e-05,1.96752058e-05,2.44168897e-05,3.478856245e-05,4.308464862e-05,2.523868383e-05,1.552898141e-05,1.221588928e-05,1.807709786e-05,2.748684644e-06,2.55809202e-06,2.176948316e-06,1.526875452e-06,2.92599492e-06,6.803720287e-06,8.19029311e-06,6.981173056e-06,6.957392251e-06,2.826728552e-06,2.944943559e-06,4.237311461e-05,8.138770634e-05,0.0001868262655,0.0001974168237,0.0001230768622,9.303491385e-05,0.0001123656821,9.280589588e-05,0.0001460457206,0.0001935197316,0.000229389684,0.0003054571054,4.390363939e-05,3.672491955e-05,1.873032918e-05,1.047987786e-05,1.024761459e-05,1.757765546e-05,2.078791596e-06,3.751343332e-06,2.469286539e-06,2.225109639e-06,4.868743342e-06,4.347513056e-06,5.091884564e-06,7.243095951e-06,2.663690406e-05,3.309240206e-05,1.566944923e-05,1.616701053e-05,4.410796422e-05,0.000200471389,0.0001624390623,0.0001185223871,3.426483141e-05,0.0001442706211,8.19431939e-05,9.354914185e-05,0.0006473052155,0.0004436844219,0.000436982201,0.0005130011258,0.0001410206332,0.0001865154954,0.0006650833318,0.001342389684,0.0003892476852,5.364301044e-05,9.751829935e-05,7.127415133e-05,6.452750841e-05,9.884971743e-05,0.0001103583857,0.0001209520081,0.0001613985631,8.762895995e-05,4.656848371e-05,7.610296998e-05,8.806355497e-05,1.834500716e-05,3.085027988e-05,1.70686046e-05
A:25,5.963535731e-05,0.0001215595182,0.0001071525623,8.102596971e-05,8.013234649e-05,8.213790246e-05,0.0001908729537,0.0001340058636,9.568832739e-05,4.594414441e-05,0.0001405684975,0.0002400076002,0.0003475287739,0.0001374320111,0.001627241372,0.0008770270545,0.005809139002,0.004044131252,0.003442413349,0.00701277593,0.007479310874,0.005526105658,0.01291396241,0.01323403083,0,0.03546149036,0.01904057201,0.01150860819,0.005082520476,0.007912429608,0.002801960305,0.004104953932,0.0007337133864,0.0002635757505,0.000298593714,0.0002355564015,0.0002955082816,0.0001931274534,0.0004467637254,0.001016390951,0.0005538826267,0.001116206543,0.0003440638249,0.0001801451649,8.277020134e-05,7.094695878e-05,3.306568432e-05,4.254131322e-05,7.169274539e-05,3.337775559e-05,6.318316682e-05,8.118636105e-05,0.0001165372453,0.0001754031304,0.0001719256462,0.0001946998263,0.0003286585339,0.0002441185581,4.699960683e-05,8.007596421e-05,8.051261592e-06,2.7634214e-06,5.797818231e-07,5.783797505e-07,9.719271992e-07,1.276926082e-06,1.282082474e-06,1.94312783e-06,2.120338773e-06,3.786292976e-06,6.637665113e-06,3.964552521e-06,6.891394514e-06,2.279951109e-05,0.0001052766682,8.674106056e-05,5.664896692e-05,8.679345144e-05,5.392781886e-05,8.839391863e-05,7.287720471e-05,0.0001037020967,7.745657665e-05,3.781664903e-05,6.232398075e-06,3.346234106e-05,1.315029189e-05,5.279815141e-05,2.699278085e-05,3.099590344e-05,3.507133811e-05,2.539280878e-05,2.020563048e-05,1.276103642e-05,1.043308536e-05,6.35574446e-06,1.636941583e-06,1.523576241e-06,4.738071474e-07,1.998133756e-07,1.297440694e-06,9.059642338e-07,8.738998432e-07,7.810448117e-07,1.338475779e-06,1.831246695e-06,2.074031359e-06,1.209909771e-05,3.91895897e-05,7.069908171e-05,8.248524908e-05,4.352648729e-05,7.590635463e-05,0.0001302423659,0.0001500249144,0.0001520882572,0.0001839834708,0.0004897381216,0.0006671055848,0.0001291187748,6.74390385e-05,3.694364654e-05,3.057038307e-05,1.974373336e-05,1.651273375e-05,5.275842065e-06,4.364249474e-06,2.081660298e-06,3.655897278e-06,4.591632237e-06,1.522250912e-06,1.815292303e-06,2.145697689e-06,7.208883499e-06,9.487327219e-06,4.741370614e-06,6.971576568e-06,1.208250041e-05,5.777922311e-05,4.328316709e-05,6.763492625e-05,4.922336913e-05,0.0002439220139,0.0001481779077,0.0002995850098,0.0008338646013,0.001643184851,0.001330086682,0.0003542893761,0.0003591193593,0.0001719039597,0.0005128552013,0.001021322475,0.0003757680473,5.08604397e-05,0.0001218423089,0.0001011692611,0.000145882773,1.405407312e-05,3.21784573e-05,2.734768453e-05,2.125460978e-05,3.473732423e-05,7.197124691e-06,6.962423835e-06,2.154812282e-05,7.234157756e-06,4.420750491e-06,3.723590286e-06
A:26,3.983563196e-05,8.380411945e-05,7.167704012e-05,5.017256614e-05,5.460296713e-05,6.52612449e-05,0.0002127294592,0.0001344205401,8.435143229e-05,3.670352935e-05,0.0001714606243,0.0002750654836,0.0003798504724,0.0001782147972,0.001253613678,0.001018842867,0.007101067382,0.002167588647,0.003788205625,0.007622173441,0.006599642676,0.005100388479,0.01081946341,0.01210167657,0.03546149036,0,0.02130774075,0.01585098022,0.009552663415,0.001981693678,0.001928376048,0.003697880872,0.0008025709981,0.0002155935859,0.0003975633893,0.0003658564299,0.0002334878189,0.0001366031099,0.0003156297146,0.0009384463881,0.0004656368055,0.0008194562205,0.0002554392122,0.0001298473123,6.631110598e-05,5.810280562e-05,2.605511924e-05,3.24326612e-05,5.401098279e-05,2.578611623e-05,4.704033444e-05,7.996609497e-05,7.940363988e-05,0.0001666370279,0.0001247529992,0.0001663255674,0.0003090247289,0.0002495462638,4.712759157e-05,0.0001027606258,1.056506475e-05,4.053761429e-06,8.121329934e-07,6.967173985e-07,1.136920201e-06,1.341676668e-06,1.36912538e-06,2.127391389e-06,1.908326468e-06,3.345018143e-06,5.843636995e-06,3.637926926e-06,6.137767256e-06,1.892311071e-05,0.0001029623396,6.79668215e-05,4.857072289e-05,8.496451926e-05,5.742005165e-05,9.453109141e-05,6.15874298e-05,9.055406791e-05,6.638320896e-05,2.200665209e-05,7.724752832e-06,2.427820424e-05,7.859064487e-06,5.019417584e-05,2.779780219e-05,2.480554571e-05,3.455481633e-05,3.359414253e-05,2.052078245e-05,1.732621789e-05,1.448268376e-05,8.265591272e-06,1.984012178e-06,2.15943156e-06,4.956395725e-07,1.632130677e-07,1.534579985e-06,9.577305154e-07,8.888749873e-07,7.320642923e-07,1.443935883e-06,1.95513908e-06,2.14044929e-06,1.242327152e-05,3.973388736e-05,7.89713157e-05,9.979909513e-05,6.316291448e-05,8.468709524e-05,0.0001551916028,0.000117548527,0.0001015954222,7.698048105e-05,0.0002195190779,0.000120397718,4.383002957e-05,1.698271888e-05,2.117320725e-05,1.725001297e-05,1.94040988e-05,1.403306396e-05,5.189605276e-06,4.611463189e-06,2.369677063e-06,3.628056086e-06,4.947061776e-06,1.935027777e-06,2.219878954e-06,2.453411614e-06,8.783205207e-06,1.350064816e-05,6.23981124e-06,9.316369265e-06,1.654997083e-05,7.582534232e-05,5.819521686e-05,7.5331771e-05,6.952763296e-05,0.0002437125584,0.0001383480361,0.0001777621083,0.0005471031129,0.001312064108,0.0005606901771,0.0006216484062,0.0004441874688,0.0003173003998,0.0005207432654,0.0006349882582,0.0002638705135,4.231650987e-05,8.979491679e-05,6.18083444e-05,8.748213733e-05,2.367539026e-05,1.79490974e-05,1.669798165e-05,1.890905012e-05,2.857563601e-05,4.053771988e-06,4.961025695e-06,2.056439117e-05,5.870985054e-06,3.708061758e-06,3.278698528e-06
A:27,2.897158325e-05,6.436204638e-05,9.71818021e-05,9.693252766e-05,0.0001148914243,0.000113685621,9.521442525e-05,9.177229463e-05,5.247881819e-05,3.516740559e-05,0.0001162590078,0.0001988433859,0.0004397980762,0.000127161927,0.0008986690565,0.001125642348,0.006288478534,0.003532817144,0.004605880604,0.009499895354,0.006355810612,0.005059957092,0.01481884874,0.01200911205,0.01904057201,0.02130774075,0,0.01740862166,0.02558419178,0.009197504387,0.001643892983,0.00181474657,0.0007634313552,7.32550121e-05,0.0002035427655,0.0002820522353,0.0002697132115,0.0002407675253,0.0005223398004,0.0007353910606,0.0005113175132,0.001092162877,0.0002510589622,0.0001211774165,4.265917242e-05,3.995843097e-05,1.281258999e-05,1.803379177e-05,3.332759548e-05,2.272969677e-05,4.638366037e-05,5.444916772e-05,0.0001183263669,0.0001715601112,0.0002747994584,0.000220438414,0.0003216504881,6.730886838e-05,6.667680562e-05,9.426492669e-05,1.0436432e-05,4.019533447e-06,6.991523716e-07,3.301538596e-07,4.167156668e-07,8.209888215e-07,9.613686175e-07,1.188501466e-06,1.437634574e-06,2.293933488e-06,3.299577032e-06,2.09905215e-06,3.38951333e-06,2.082579778e-05,6.082406154e-05,8.923686937e-05,5.278206394e-05,5.685595005e-05,6.092925775e-05,4.711658e-05,5.227168511e-05,4.567018469e-05,5.428974981e-05,1.286836768e-05,1.092151892e-05,1.276295133e-05,5.647306266e-06,3.08527921e-05,1.88561851e-05,1.064761536e-05,2.019243183e-05,2.4441076e-05,1.021360527e-05,1.241502287e-05,1.030946479e-05,4.512172057e-06,1.35896303e-06,1.773268215e-06,3.7363207e-07,1.393318039e-07,7.509496472e-07,2.441670516e-07,4.774299303e-07,5.124152292e-07,6.065885497e-07,1.254962066e-06,1.330636299e-06,6.561620731e-06,2.635170066e-05,5.110041774e-05,5.895462451e-05,6.688927117e-05,6.599838884e-05,0.0001081189514,7.03588519e-05,7.711022258e-05,8.65453321e-05,0.0001731266395,0.0001960989792,5.122876121e-05,2.222493999e-05,2.123798162e-05,1.488001577e-05,1.085266826e-05,5.49670923e-06,3.412735214e-06,2.42866048e-06,1.627215585e-06,1.469117398e-06,1.902732901e-06,1.364971264e-06,1.56264041e-06,1.6114363e-06,5.930830228e-06,7.898650011e-06,3.628431984e-06,5.387131504e-06,1.034764076e-05,3.967061828e-05,5.463687102e-05,6.499918895e-05,0.0002129623981,0.0002680127076,0.000148767064,0.0001551373009,0.0006168818793,0.0021245641,0.0005961674955,0.0003731207016,0.0004866168863,0.0005063537455,0.0006089775269,0.001494552933,0.000520435627,0.0001245864436,0.0001588824497,0.0001384454264,0.0001557130483,2.714588651e-05,3.923167047e-05,2.466358209e-05,3.746058688e-05,3.585014892e-05,9.681824377e-06,7.559045119e-06,1.575356919e-05,5.157107823e-06,3.133308646e-06,2.119613885e-06
A:28,1.082196219e-05,2.499314098e-05,3.38827315e-05,4.583432272e-05,3.227344627e-05,3.305125135e-05,4.135695141e-05,4.525113286e-05,6.772900857e-05,4.852269085e-05,0.0001331294096,9.685651693e-05,0.000143265174,0.0006010157596,0.001529874839,0.0005881899215,0.002206421138,0.01510683922,0.006063471425,0.002324584304,0.007712592086,0.005432573846,0.004163904326,0.002283991617,0.01150860819,0.01585098022,0.01740862166,0,0.02160238257,0.01210904436,0.005153886036,0.005152110575,0.002073681391,0.0002442797806,0.0004323453372,0.0004365704979,0.0001253243019,5.105103988e-05,9.14135177e-05,0.0001044006533,9.277955445e-05,0.0001310173078,3.145426434e-05,1.499535295e-05,8.902658322e-06,1.36318681e-05,3.748973679e-06,5.40424132e-06,9.685453545e-06,3.210262854e-06,1.059011285e-05,9.932334506e-06,2.507007046e-05,5.326646885e-05,5.407093491e-05,4.097666669e-05,0.0003819994667,6.542506929e-05,8.198232849e-05,4.069526445e-05,8.794434466e-06,3.536725083e-06,1.11361857e-06,4.123062639e-07,4.454653998e-07,8.787834314e-07,7.441527421e-07,5.407782048e-07,1.074519886e-06,1.524092326e-06,8.923544371e-07,4.578682283e-07,8.078676789e-07,1.013167977e-05,1.148529069e-05,4.338495067e-05,2.13999303e-05,2.101889865e-05,2.609741141e-05,3.651211538e-05,0.0001164563932,7.823218485e-05,0.0003288247761,3.113209144e-05,8.128357332e-05,6.919175975e-05,4.050885942e-05,1.81091218e-05,9.888242651e-05,2.318374484e-05,1.067320276e-05,4.870245839e-05,2.342390669e-05,1.358401296e-05,1.203206634e-05,2.23248018e-05,1.310325818e-06,3.139455047e-06,5.922325891e-07,9.146252625e-07,5.651399411e-07,1.676955432e-07,2.183767227e-07,4.514140302e-07,7.010294602e-07,1.475301538e-06,1.441134538e-06,5.242469036e-06,1.716453387e-05,2.35632238e-05,3.309663084e-05,4.4886029e-05,5.024351524e-05,6.516813691e-05,4.135752172e-05,0.0001736925252,0.000693631814,0.0005570727771,0.002137948827,0.0003041482195,0.000155777426,0.0001005663531,4.941355736e-05,1.714601544e-05,6.988959225e-06,5.500688343e-06,2.717949966e-06,2.882668918e-06,1.316858551e-06,1.235237181e-06,1.325338549e-06,1.821317859e-06,1.692073189e-06,3.149141762e-06,8.593958821e-06,6.767080807e-06,7.932024456e-06,1.308346819e-05,2.886741072e-05,4.219102018e-05,3.610649862e-05,0.0001173255291,0.0003159916067,0.0002054991674,0.0009374227756,0.006625092746,0.0201327851,0.003485503595,0.003476659614,0.0007614601335,0.0006935683589,0.0004874064758,0.001224393373,0.0003520149862,9.934578895e-05,0.0001244915847,0.0001205088467,0.000188697281,3.392932978e-05,6.16277247e-05,3.940731371e-05,5.348956742e-05,4.293082888e-05,2.532589947e-05,1.582655849e-05,1.687987581e-05,1.010299524e-05,6.906961287e-06,3.755420271e-06
A:29,7.443988793e-06,1.49311205e-05,1.968884639e-05,2.094673553e-05,1.466382232e-05,2.778551765e-05,6.167977185e-05,6.738116034e-05,6.129342082e-05,2.177247024e-05,0.000207965339,0.0001362429753,0.000412638774,0.0001881447917,0.0007950463347,0.0004258304621,0.00605649131,0.008592783812,0.002880814654,0.002257506839,0.009719830507,0.005540599383,0.002332753628,0.002332522158,0.005082520476,0.009552663415,0.02558419178,0.02160238257,0,0.02408064086,0.01203833647,0.01322167001,0.003854352807,0.0009325922214,0.0007552987785,0.0004913805258,0.0002664520607,0.0001523243648,0.0001039249153,0.0001463831565,9.208709303e-05,0.0001022756648,1.668190387e-05,9.070739343e-06,2.524937952e-06,2.05089377e-06,1.21855089e-06,1.682343772e-06,3.222277575e-06,2.278609674e-06,6.906130063e-06,1.087944854e-05,1.698112185e-05,3.15618434e-05,3.986113138e-05,3.728357919e-05,0.0006110109857,0.0001469552218,0.000169740497,0.0001190265481,1.731405157e-05,1.044240801e-05,2.175149043e-06,1.292257678e-06,9.517854583e-07,1.001355438e-06,1.175831301e-06,6.856630619e-07,7.532194564e-07,9.567932181e-07,2.909054625e-07,2.211349361e-07,2.279757975e-07,5.02037243e-06,9.86864987e-06,1.308059285e-05,5.680537346e-06,1.375268497e-05,1.126286745e-05,3.189130371e-05,2.967878681e-05,4.369242563e-05,0.0001217866953,1.694205119e-05,2.760610622e-05,2.842547371e-05,8.79317395e-06,3.773997029e-05,2.901113937e-05,1.170080187e-05,2.493366015e-05,4.463234993e-05,1.444482825e-05,1.368193488e-05,1.176788368e-05,5.871144201e-06,9.152900997e-07,1.676236598e-06,2.679056895e-07,2.450670624e-07,2.377443282e-07,1.121398532e-07,1.062664272e-07,1.10967755e-07,2.783805825e-07,4.881909412e-07,4.847679026e-07,2.073636473e-06,5.452220643e-06,9.804557376e-06,1.013434656e-05,2.150902769e-05,1.300014832e-05,3.240666824e-05,3.499381764e-05,4.52810041e-05,0.0001723596132,0.0001303687756,0.0003964852227,6.256893184e-05,3.440185485e-05,2.400961696e-05,1.299615832e-05,4.680243303e-06,6.402708046e-06,1.736338245e-06,1.58749841e-06,1.2144596e-06,8.082674077e-07,7.782956321e-07,7.560263368e-07,8.98463231e-07,8.976038365e-07,2.024858923e-06,6.37086816e-06,3.068075811e-06,3.394295767e-06,7.722599512e-06,1.860188788e-05,3.142475656e-05,2.068148999e-05,5.08107546e-05,9.972476178e-05,0.0001775280089,0.0001587334714,0.001526726307,0.003003437877,0.0003566034924,0.0001826931932,0.0001997023112,0.0001122177783,0.0002964450562,0.0002212762779,8.193341162e-05,4.739639705e-05,4.173059523e-05,1.953205128e-05,3.784071244e-05,9.560790611e-06,1.640691936e-05,8.762743336e-06,1.11261642e-05,8.473674125e-06,6.111570945e-06,3.609228238e-06,4.637780188e-06,2.204913263e-06,1.772640113e-06,9.512889764e-07
A:30,4.089290174e-06,8.385706814e-06,1.178028139e-05,1.215186785e-05,7.532862882e-06,3.836620663e-06,5.94689114e-06,2.984217154e-05,3.799193625e-05,3.721336182e-05,0.0001210952701,0.0001830509971,0.0005255588855,7.676548536e-05,0.0004313837254,0.0005044331628,0.005442326822,0.005924866842,0.001571841773,0.002139701659,0.001964922057,0.001253793383,0.002650733499,0.001777716887,0.007912429608,0.001981693678,0.009197504387,0.01210904436,0.02408064086,0,0.04467238108,0.01800408264,0.01487464594,0.0007970869765,0.002700032462,0.001792836449,0.0006834544135,0.0003106190249,0.0001556532518,0.0001135596642,5.552561128e-05,8.228566254e-05,1.625546654e-05,8.680709946e-06,3.330932718e-06,3.1693828e-06,8.001046952e-07,1.384984792e-06,2.975934966e-06,2.427563661e-06,5.539912903e-06,5.73300127e-06,1.179278977e-05,3.07472181e-05,1.390676924e-05,5.208784499e-05,0.0001885517741,2.881971544e-05,0.000360610004,0.0001689180377,3.378604828e-05,1.209466255e-05,2.992430112e-06,1.754824884e-06,1.628583909e-06,7.020529986e-07,1.125297589e-06,7.470817196e-07,3.284953171e-07,2.910259254e-07,2.109223946e-07,8.70752825e-08,7.875409018e-08,6.278386866e-07,7.495890117e-07,2.704366832e-06,3.540103366e-06,1.66605071e-06,5.848171901e-06,1.238174951e-05,1.779326602e-05,2.939379277e-05,1.631978646e-05,6.717051794e-06,9.373462439e-06,5.862925942e-06,4.355872158e-06,1.53463774e-05,1.440126999e-05,6.652845011e-06,1.12124148e-05,1.706242644e-05,6.163168754e-06,8.103139923e-06,6.609784508e-06,4.790054275e-06,1.29724241e-06,1.354501893e-06,4.100393341e-07,2.804251513e-08,1.669645618e-07,9.398813075e-08,5.135827951e-08,3.739270764e-08,6.917404347e-08,1.322037572e-07,1.259068315e-07,4.242338956e-07,1.033715242e-06,3.379662282e-06,6.79015377e-06,1.890342512e-05,1.45111751e-05,3.655558698e-05,2.779278504e-05,3.23595372e-05,4.704076704e-05,8.676842201e-05,0.0001722288538,3.514196319e-05,1.92763225e-05,1.492242371e-05,8.72932844e-06,3.179484955e-06,2.682699179e-06,1.227578014e-06,7.4128987e-07,7.367429278e-07,3.561539167e-07,7.303492701e-07,5.17512326e-07,6.700640896e-07,6.003654849e-07,1.438268967e-06,2.363655405e-06,1.402759538e-06,1.6577359e-06,3.225224295e-06,8.106568347e-06,1.488512117e-05,1.580806473e-05,5.28188875e-05,8.862299866e-05,5.962218056e-05,8.723895102e-05,0.000464954274,0.001416478917,0.0004090741842,0.0002366675498,0.0001739542851,0.0001233174682,0.0001846624661,0.0003925415553,0.0001385758835,5.454686174e-05,5.368869091e-05,4.987470916e-05,5.492222562e-05,1.187205697e-05,1.712341793e-05,1.397380161e-05,9.45349186e-06,5.18481228e-06,4.693016584e-06,2.660846731e-06,1.50394938e-06,1.201460562e-06,8.975387017e-07,4.356854457e-07
A:31,3.391824575e-06,7.289455374e-06,1.844320783e-05,2.376937351e-05,2.76149504e-05,3.957355055e-05,6.634875905e-05,8.139592701e-05,0.0001157656649,9.991207635e-05,0.0004170977989,0.0006131577798,0.001428808222,0.0002546524041,0.0005649717662,0.0003753869477,0.002585054772,0.004082432008,0.001513733973,0.001534203065,0.001107931491,0.0006796018409,0.002034041062,0.001157415054,0.002801960305,0.001928376048,0.001643892983,0.005153886036,0.01203833647,0.04467238108,0,0.02565565531,0.02412386303,0.006484345159,0.006062084469,0.00363040703,0.001722091855,0.0005106491744,0.0003280334523,0.0003272129611,9.544164577e-05,3.587165107e-05,9.5173093e-06,4.791306111e-06,1.181773611e-06,5.145753053e-07,1.670849987e-07,3.304155969e-07,1.042061936e-06,1.869909491e-06,6.120537682e-06,1.043096281e-05,3.46960852e-05,9.250381974e-05,0.0001252272587,0.0002148021876,0.0002492145918,0.000597138296,0.00163640982,0.0007271475586,0.0001043705374,6.089112569e-05,8.949648073e-06,8.741576861e-06,4.602001718e-06,1.547569031e-06,4.384376878e-06,1.362279051e-06,5.37624257e-07,1.386322404e-06,1.541551812e-06,4.907565297e-07,9.092037439e-07,4.414158489e-06,1.006426872e-05,1.465842972e-05,8.389435789e-06,1.774517531e-05,2.650007867e-05,3.786085257e-05,3.898822607e-05,5.743816255e-05,1.981864808e-05,6.423086932e-06,2.53438118e-06,1.216456826e-05,6.145329745e-06,3.237467234e-05,4.306160686e-05,1.827945954e-05,2.565135241e-05,3.619764639e-05,2.197533646e-05,1.372957959e-05,1.159917612e-05,1.216109121e-05,3.058200189e-06,2.294630667e-06,8.028548846e-07,1.048723896e-07,3.396544177e-07,1.793111625e-07,2.89671795e-07,1.884973943e-07,1.504664211e-07,2.297530581e-07,1.803592839e-07,7.011275872e-07,2.952726862e-06,7.090652422e-06,1.106400888e-05,1.943241732e-05,1.465772784e-05,3.173005397e-05,2.131781228e-05,2.982245344e-05,4.723307819e-05,8.316657689e-05,0.0001250944716,2.375758909e-05,1.282405715e-05,6.631369405e-06,5.646534225e-06,4.717763958e-06,3.899772941e-06,1.099562701e-06,7.728865937e-07,3.94375697e-07,4.459874963e-07,4.286399153e-07,3.823957826e-07,3.16730517e-07,2.907462357e-07,1.172743504e-06,1.580472818e-06,5.469151111e-07,8.193171855e-07,1.884065334e-06,7.678742762e-06,1.267289546e-05,1.33426805e-05,3.922904666e-05,6.819379702e-05,3.935383411e-05,6.840029836e-05,0.0002821931643,0.0005425747933,0.0002540275117,0.00012970607,0.0001128118076,9.403340639e-05,0.0001243412485,0.0002406952204,4.913644585e-05,3.054900097e-05,1.646071123e-05,1.679500941e-05,1.5819246e-05,9.772010487e-06,8.122523787e-06,4.331929981e-06,5.549797368e-06,4.194114075e-06,2.004973278e-06,1.168618164e-06,1.327395325e-06,4.822203299e-07,3.627338393e-07,1.753251548e-07
A:32,5.561256251e-06,9.728444353e-06,1.463449349e-05,1.348158598e-05,2.044617309e-05,3.147298481e-05,4.662632905e-05,5.810250561e-05,4.88631471e-05,0.0001230564179,0.00102088547,0.0006306001865,0.002398075288,0.0005591924277,0.001085646036,0.000999507219,0.01846095448,0.005888739251,0.004168935462,0.004788179631,0.0020470303,0.0007085581488,0.001931586572,0.000563255219,0.004104953932,0.003697880872,0.00181474657,0.005152110575,0.01322167001,0.01800408264,0.02565565531,0,0.0146351761,0.02222923559,0.004874685773,0.003609545218,0.002378814355,0.0006586126915,0.0004382051804,0.0002777957279,7.009833464e-05,2.928905538e-05,9.929486105e-06,6.332786621e-06,2.863714494e-06,1.659153303e-06,7.726619123e-07,1.392384443e-06,3.193497658e-06,2.941421296e-06,6.284797823e-06,7.363575675e-06,3.091592196e-05,6.996118828e-05,0.0002266364375,9.722076038e-05,0.0005543680275,0.0001647537644,0.0007359942842,0.0004255063183,4.910490496e-05,5.200615745e-05,1.219444794e-05,1.105438153e-05,4.279031854e-06,4.166432807e-06,4.74113404e-06,1.288787135e-06,1.336653872e-06,1.945031483e-06,6.611268127e-07,5.624453322e-07,5.378317795e-07,1.020393194e-06,1.096990295e-05,4.600862046e-06,7.53071033e-06,1.066688593e-05,7.074152558e-06,4.901622422e-05,7.149585267e-05,0.0001706898983,3.911912085e-05,9.785643636e-06,9.990988449e-06,3.881458791e-05,2.074358065e-05,0.000124499758,0.0001404482842,7.002513908e-05,9.811582415e-05,0.000125249613,6.199389415e-05,4.538011662e-05,3.708395998e-05,1.321348066e-05,6.239679118e-06,8.847802298e-06,2.013202709e-06,3.598055396e-07,5.374847432e-07,7.632572394e-07,3.839181714e-07,2.513821491e-07,5.022621125e-07,2.628393327e-07,1.662430619e-07,5.075670958e-07,1.704322129e-06,2.560237236e-06,5.93843313e-06,9.796496415e-06,5.321890681e-06,2.372092852e-05,1.819385835e-05,4.22909015e-05,5.862325631e-05,8.213532448e-05,0.0002324775504,1.773357148e-05,2.423645536e-05,1.381798405e-05,8.505608959e-06,1.012471111e-05,1.281965758e-05,2.232781603e-06,2.132132093e-06,1.67984124e-06,8.880920996e-07,1.128735061e-06,1.364587536e-06,1.481680199e-06,1.451133496e-06,2.572637493e-06,4.048996286e-06,2.343091788e-06,1.784548273e-06,5.477061447e-06,9.040906167e-06,2.958052445e-05,3.289394452e-05,8.639250963e-05,0.0001298898944,3.191955639e-05,6.828573934e-05,0.0006082237357,0.0008114087694,0.0003412478618,0.0002010081288,8.968342163e-05,0.000154081108,0.0002141643433,0.0003228154639,7.030141878e-05,3.227064167e-05,9.237821745e-06,3.3582244e-05,3.60736213e-05,4.178175971e-06,9.198876536e-06,1.442550232e-05,2.968761762e-06,1.6075499e-06,4.403345566e-06,2.338195121e-06,4.686897344e-07,8.164391889e-07,8.930917019e-07,3.290539311e-07
A:33,1.58703367e-05,3.160723225e-05,5.357820125e-05,8.304846372e-05,0.0001121216375,0.000238304546,0.0004274080119,0.0006286915008,0.0006701781965,0.0002760443991,0.0008019712216,0.002775777927,0.001455133253,0.000273887052,0.0002017904163,0.0005978478349,0.0007701730561,0.0006107559203,0.0002473679992,0.0003432694507,0.0002039209509,0.0001400794372,0.0002985321765,0.0004761795547,0.0007337133864,0.0008025709981,0.0007634313552,0.002073681391,0.003854352807,0.01487464594,0.02412386303,0.0146351761,0,0.01855020711,0.02657292356,0.01656968376,0.00761275071,0.002002037071,0.001379489193,0.000605276045,0.0003034362986,0.00027383934,7.647498164e-05,5.149605529e-05,1.158993535e-05,1.00190567e-05,2.216608203e-06,3.860801339e-06,6.227749453e-06,1.829843669e-05,2.077278775e-05,4.933533554e-05,0.0001161202842,0.0001710239772,0.0006067476322,0.0007291038735,0.000902930684,0.002294213713,0.008119901239,0.004114722367,0.0006577089864,0.0005400404002,9.439659703e-05,0.0001195984399,3.766310046e-05,2.478231695e-05,5.066617411e-05,9.27795293e-06,4.639091137e-06,1.534753639e-05,1.760210495e-05,4.886268694e-06,1.152835761e-05,3.706581469e-05,0.0001042501427,0.0001230025993,5.571590966e-05,0.0001759153564,0.0001488790393,0.0002736662593,0.0002291693918,0.0001251653288,4.000147457e-05,1.419766714e-05,2.929902286e-06,2.725767767e-05,2.352994629e-05,4.838498353e-05,5.99726746e-05,5.317605691e-05,5.621759292e-05,4.899828858e-05,9.988386207e-05,4.511017152e-05,3.755119226e-05,7.411096058e-05,1.900804547e-05,1.003969448e-05,3.753023123e-06,7.491791322e-07,3.236608928e-06,1.783536579e-06,2.895115834e-06,2.140559364e-06,1.803322885e-06,1.985223137e-06,1.37854864e-06,5.617760226e-06,2.817254976e-05,4.462528861e-05,6.458143633e-05,4.605555833e-05,4.440414999e-05,6.86878978e-05,2.575355709e-05,3.477083893e-05,2.183061563e-05,3.733612435e-05,4.629294434e-05,5.529703104e-06,5.461152158e-06,4.451171996e-06,5.218831458e-06,1.169286841e-05,1.06777408e-05,2.525558176e-06,1.219892314e-06,8.323440282e-07,5.923524247e-07,1.225810589e-06,1.664438461e-06,9.746950239e-07,1.127327443e-06,3.695380201e-06,4.833784239e-06,1.56866032e-06,1.908186935e-06,6.331350486e-06,3.247752261e-05,4.274521242e-05,3.802932554e-05,5.943606775e-05,5.017175227e-05,1.921821257e-05,2.408850605e-05,9.777962617e-05,0.0002225310452,7.344008038e-05,3.318662904e-05,2.557248842e-05,3.286102335e-05,1.597035018e-05,2.52173749e-05,2.414454797e-05,2.481101178e-05,8.56416953e-06,1.535165235e-05,2.766809179e-05,1.923996517e-05,1.642075993e-05,1.658344394e-05,1.372465346e-05,1.436202615e-05,7.231025221e-06,4.083200099e-06,7.20878795e-06,1.26857638e-06,1.492833315e-06,6.164802441e-07
A:34,2.828566302e-05,5.213002317e-05,8.81433185e-05,0.0001198166944,0.0001931066049,0.0002685994656,0.0006062744321,0.0005850547451,0.0006586909995,0.00043497732,0.004581098243,0.01767486343,0.01601248818,0.002197249779,0.001379636064,0.0005888463807,0.0009009146238,0.0001913963432,0.000898316374,0.0004903474527,0.0001283267283,5.417920505e-05,0.0002255084223,0.0002390802745,0.0002635757505,0.0002155935859,7.32550121e-05,0.0002442797806,0.0009325922214,0.0007970869765,0.006484345159,0.02222923559,0.01855020711,0,0.01751911648,0.01322119734,0.006072663138,0.002238916418,0.00104544563,0.0007615155106,0.0004299093446,0.0003703206993,0.0001297285649,8.263881043e-05,2.214080754e-05,1.861864682e-05,4.589676503e-06,8.190281363e-06,1.250460321e-05,3.433958114e-05,2.977055957e-05,7.738298321e-05,0.000155800254,0.000219218717,0.0008548166802,0.0006695214335,0.0009608435267,0.001809207607,0.0133218134,0.004844612918,0.0005730801738,0.0007589693383,0.0001968357361,0.0002095657682,5.953925094e-05,8.197742582e-05,7.080555978e-05,1.402499229e-05,6.872917585e-06,2.124603497e-05,2.226115963e-05,1.58053645e-05,2.946898359e-05,0.0001045551954,0.0001496768925,0.0001875419084,9.443080032e-05,0.0001709031221,0.000177115612,0.0004729831349,0.0005636926338,0.0005557762032,0.0004625237707,0.0001110477444,3.327206129e-05,0.0002284322837,0.0002418916152,0.0003958674714,0.0004941940501,0.0004519649287,0.0003204668022,0.0002932353448,0.0003531510923,0.0001870904173,0.0001331675846,0.0001795513225,8.02441032e-05,8.270373687e-05,2.622271824e-05,2.222818394e-06,7.968312173e-06,8.673059052e-06,9.485512067e-06,1.143909071e-05,6.704394679e-06,9.557822034e-06,5.436710176e-06,1.55152795e-05,5.248108667e-05,7.308648904e-05,7.76849873e-05,8.452259263e-05,7.37273262e-05,0.0001623801424,0.000152034867,0.0002682285208,9.110632013e-05,0.0001942537284,3.42097381e-05,4.131284275e-06,1.911393963e-05,4.083603987e-05,5.313345892e-05,0.0002076146025,0.0001856824479,3.996646632e-05,1.722481639e-05,1.196160596e-05,9.999626827e-06,2.66308608e-06,4.046534356e-06,4.652042201e-06,4.059985281e-06,5.380472242e-06,1.94121789e-05,7.932760059e-06,6.949665078e-06,2.412456299e-05,7.799720048e-05,0.0001395019402,7.984177883e-05,0.0001120648246,0.0001170957246,5.046015692e-05,1.691629025e-05,0.0001246560916,8.35782309e-05,5.406025426e-05,3.356373959e-05,7.323238412e-05,0.0001364829212,3.585293452e-05,6.078173428e-05,8.003271024e-05,2.907386975e-05,7.622408052e-06,3.947977795e-05,3.025252771e-05,2.274357943e-05,3.940735862e-05,3.499827855e-05,1.936563351e-05,2.912693217e-05,1.961413006e-05,9.338743114e-06,1.485264783e-05,4.020939214e-06,4.518984664e-06,1.682384659e-06
A:35,3.870185248e-05,6.483128911e-05,7.365785589e-05,8.653662503e-05,9.617333366e-05,0.0001434331568,0.0002505058748,0.0003045550147,0.000289789067,0.0003289167114,0.001475515638,0.003479486629,0.002536070351,0.0005042384544,0.0005480552271,0.000466593592,0.000544888136,0.0003199867514,0.000276765714,0.0002187642879,0.0001288306072,0.000112649026,0.0001523772253,0.0001905253376,0.000298593714,0.0003975633893,0.0002035427655,0.0004323453372,0.0007552987785,0.002700032462,0.006062084469,0.004874685773,0.02657292356,0.01751911648,0,0.04294886295,0.01204096631,0.01442452649,0.001215257109,0.002446408437,0.0004472742473,0.0004840992267,0.0001585686407,0.0001091956722,2.953919617e-05,1.881438135e-05,7.387732148e-06,1.225103072e-05,1.819276909e-05,4.450259518e-05,3.376494317e-05,8.859797744e-05,0.0001343995411,0.0002933854841,0.0005175172736,0.0007187829785,0.0007772804635,0.001774072834,0.01063490491,0.003095181973,0.0006361088117,0.0005317817104,0.0001204375528,0.000187683544,3.251082643e-05,4.57595378e-05,5.950638693e-05,1.635722561e-05,1.017294867e-05,3.284216318e-05,2.056307412e-05,6.758929733e-06,1.367568049e-05,4.189873331e-05,4.649235688e-05,8.33626424e-05,3.324936826e-05,7.658510202e-05,6.790070313e-05,0.0001554819387,0.000273617865,0.0002058873095,0.000143343075,3.808680136e-05,1.722509151e-05,6.613267501e-05,8.643458942e-05,0.0001095364146,0.0001266579894,0.0001221820605,0.0001238232741,9.542794199e-05,0.0001196578003,6.855360586e-05,5.293877056e-05,3.863796052e-05,2.285555448e-05,1.503865674e-05,5.216434422e-06,1.680443586e-06,3.909425204e-06,4.741592642e-06,3.06221989e-06,2.511020804e-06,3.607133076e-06,1.982879055e-06,1.516525475e-06,6.777299217e-06,2.303167471e-05,2.526878151e-05,3.359423691e-05,2.166513642e-05,3.874204872e-05,6.144235877e-05,5.612266427e-05,9.621378916e-05,3.137321614e-05,5.324346102e-05,2.060921091e-05,4.03268637e-06,5.666658228e-06,7.810778745e-06,1.21025183e-05,4.241934607e-05,3.703121755e-05,7.683675127e-06,4.10410323e-06,2.548907217e-06,3.118814075e-06,2.825668133e-06,1.935145905e-06,1.666770232e-06,2.331385186e-06,4.303313944e-06,4.287823314e-06,2.48382532e-06,2.040978319e-06,7.632234971e-06,2.344585956e-05,3.255974619e-05,4.38957993e-05,4.073530675e-05,5.65929585e-05,3.005643311e-05,2.075126337e-05,6.251606444e-05,6.793762797e-05,2.889706717e-05,3.130329837e-05,4.199076382e-05,6.052882614e-05,1.427374208e-05,3.166561304e-05,2.774315383e-05,3.958315219e-06,2.085606913e-06,9.219357712e-06,7.330560495e-06,8.150113984e-06,8.434283916e-06,1.01324123e-05,9.001858257e-06,9.687405985e-06,7.611417661e-06,4.625177087e-06,7.456046764e-06,1.948352261e-06,2.756989934e-06,1.202381931e-06
A:36,0.0001420211034,0.0002908903222,0.0003489500059,0.0004819023783,0.0003540381605,0.0006499854838,0.0008344997549,0.0007903369373,0.0004829686308,0.000410929977,0.001432592244,0.002270212955,0.001273063638,0.0004303834507,0.0005698657735,0.0004389160601,0.000700458543,0.0002787528662,0.0003772974533,0.0001322964465,0.0001283670101,0.0001030922332,0.0001250852811,0.0001031011018,0.0002355564015,0.0003658564299,0.0002820522353,0.0004365704979,0.0004913805258,0.001792836449,0.00363040703,0.003609545218,0.01656968376,0.01322119734,0.04294886295,0,0.01162473796,0.01398157288,0.005177237967,0.0009957963854,0.001459682361,0.0006858060325,0.0004320898011,0.000321663813,0.0001023029322,6.488975917e-05,2.652173087e-05,4.436264878e-05,6.543331506e-05,0.0001391205519,0.0001254439209,0.0001866022307,0.000617592307,0.0006292564718,0.002665124148,0.001802910479,0.001773689,0.005400557271,0.008598117677,0.003045902037,0.0004741433134,0.0004744555877,0.00010674838,0.0001364541587,2.724662111e-05,3.19935764e-05,3.356326304e-05,2.227843318e-05,2.825606006e-05,7.515484751e-05,4.769776665e-05,1.274915591e-05,2.948145159e-05,0.0001659867656,0.000337383711,0.0005425522848,0.0001119995519,0.0002703567144,0.000177655198,0.0003152422782,0.0003111600251,0.0003044749887,0.0001700744492,4.994495154e-05,2.131665826e-05,8.662979563e-05,0.0001167246709,0.0001459672961,0.0001617442183,0.0001776697537,0.0001763318724,0.0001378973643,0.0001881966574,9.377867584e-05,7.532035069e-05,7.182248966e-05,2.91737264e-05,1.523898696e-05,4.203916341e-06,1.791326618e-06,7.967727232e-06,8.096909963e-06,7.010462774e-06,4.836322813e-06,8.769030866e-06,5.450222657e-06,5.154125777e-06,2.7925615e-05,0.0001251680805,0.000130712287,0.0001285636606,5.264985533e-05,7.457738487e-05,0.0001118060919,8.009651182e-05,0.0001243792609,3.751705111e-05,8.000890393e-05,2.796156303e-05,5.392216742e-06,7.088582043e-06,9.564085366e-06,1.453374222e-05,5.530042368e-05,5.194460031e-05,9.26323065e-06,5.943409677e-06,3.705612248e-06,5.012046022e-06,5.276764236e-06,3.898187973e-06,3.092277277e-06,4.861380965e-06,1.024342444e-05,1.138718919e-05,5.644163628e-06,4.896250544e-06,1.91271161e-05,7.988067485e-05,7.749771765e-05,8.949590955e-05,7.556639261e-05,9.488260632e-05,4.663481327e-05,2.671116723e-05,7.645759602e-05,7.976513982e-05,3.25770149e-05,3.40574273e-05,5.611295179e-05,9.505010788e-05,1.695568759e-05,3.095529226e-05,5.088044616e-05,6.355348181e-06,3.01657831e-06,2.317425343e-05,3.119721524e-05,2.955856691e-05,4.616400165e-05,4.465620209e-05,4.167611142e-05,6.026393031e-05,3.220457815e-05,1.976805559e-05,3.865455722e-05,7.224622208e-06,1.031668822e-05,4.333968069e-06
A:37,0.0002970028556,0.0004765345346,0.0003047701645,0.0004327609001,0.0004201772291,0.0007797694048,0.001961773862,0.001826208803,0.001629146985,0.0003197099179,0.0007808052397,0.001174968687,0.002613759099,0.000358475457,0.0001310899319,0.001238094432,0.0003282688565,0.0001162346713,0.0003315903021,0.0002288917947,5.121760688e-05,3.301111671e-05,0.000155786377,0.001927123464,0.0002955082816,0.0002334878189,0.0002697132115,0.0001253243019,0.0002664520607,0.0006834544135,0.001722091855,0.002378814355,0.00761275071,0.006072663138,0.01204096631,0.01162473796,0,0.02558531903,0.01457546198,0.009473536811,0.001316460332,0.00320073646,0.0008298154837,0.0007874781235,0.0002620802993,0.0001902436271,0.0001178620507,0.0001761899825,0.0002199152603,0.0003272375543,0.0001824700121,0.0003169534742,0.0007040908848,0.001037766852,0.003740027999,0.006869525714,0.00565182807,0.0109311779,0.01583976129,0.002619561967,0.0007086744966,0.0006108240189,0.0001363852769,0.0001485351103,4.512605024e-05,0.000118224923,6.999282667e-05,2.60359149e-05,6.561313536e-05,0.0001569428163,5.265416859e-05,2.019706966e-05,2.451185487e-05,0.0003642536464,0.000575116246,0.0008417186988,0.0002140417028,0.0006512378453,0.0004143896812,0.0006027515063,0.0001277936245,0.0001889904068,7.080947562e-05,1.912783792e-05,1.614534167e-05,4.442655131e-05,0.0001145692509,0.000158526633,0.000159743685,0.0001046345264,0.0001402690591,0.000154433291,0.0001167577095,4.085670224e-05,3.716687201e-05,0.0002155530472,1.45275621e-05,2.831995872e-06,4.954685585e-06,9.572030724e-06,1.052884385e-05,9.641357564e-06,1.099403089e-05,5.604095453e-06,2.541054248e-05,1.607264226e-05,1.759198289e-05,9.499404689e-05,0.0003217243844,0.0002633170199,0.0003250177691,0.0001316467078,8.945828899e-05,0.0001118965128,3.866412832e-05,4.335146791e-05,1.921781322e-05,7.349495405e-05,1.273244871e-05,5.966902224e-06,7.974875512e-06,1.226642394e-05,1.276436442e-05,5.0562957e-05,3.843138531e-05,8.055728271e-06,6.95449024e-06,4.799599558e-06,9.721672072e-06,7.556373668e-06,7.394485632e-06,5.573239797e-06,1.193228435e-05,1.852986916e-05,3.248554908e-05,1.99545628e-05,1.174913908e-05,5.296415063e-05,0.0002100350828,0.0001426643662,0.0001005591632,6.094438219e-05,8.110075807e-05,2.366162377e-05,9.610119095e-06,5.352500601e-05,1.25866754e-05,1.646339626e-05,8.07619147e-06,2.107084571e-05,5.136757923e-05,3.760669456e-05,1.402281831e-05,5.443009916e-05,4.410152752e-05,1.678160719e-05,3.753681817e-05,7.409068951e-05,7.963175205e-05,7.362555733e-05,0.0001285847378,8.63256143e-05,0.0001193646653,0.0001030133892,6.339122239e-05,0.0001161181164,2.460737717e-05,4.288372746e-05,1.655201347e-05
A:38,0.0009584947355,0.001875668821,0.001484596144,0.001753477887,0.001209772938,0.001805790059,0.002200279827,0.00196735696,0.0008302737988,0.0002655420733,0.0004298484869,0.001996056047,0.001915819297,0.000277896191,0.0001509317156,0.0006337468721,0.0002645058173,5.854144056e-05,0.0001703361747,0.0003974298041,7.258358261e-05,3.62297984e-05,0.0002530322783,0.0005017332994,0.0001931274534,0.0001366031099,0.0002407675253,5.105103988e-05,0.0001523243648,0.0003106190249,0.0005106491744,0.0006586126915,0.002002037071,0.002238916418,0.01442452649,0.01398157288,0.02558531903,0,0.01761494248,0.01190536268,0.007147773232,0.001600950113,0.002289521264,0.001548132275,0.0006964436702,0.0004392772901,0.0002881324267,0.0004323204433,0.0005814754263,0.0006981911203,0.0005768915686,0.0006379619972,0.002607629466,0.002538581552,0.008571955858,0.007055975895,0.006113472836,0.008840766168,0.008515780629,0.0007550672003,0.00123664852,0.0001909073358,0.0001335842467,8.479314131e-05,4.699577334e-05,0.0001511893935,0.0001333610199,2.325279512e-05,0.0001268577302,0.0001987263776,9.721505593e-05,4.488578958e-05,6.934844558e-05,0.000790813292,0.0009872869935,0.001844022708,0.0004421206693,0.0006727382304,0.0004362364247,0.0003630419985,0.0001233738028,9.135063485e-05,3.07206229e-05,1.208317891e-05,6.669103675e-06,2.120783511e-05,5.540129286e-05,0.0001025764854,6.153074829e-05,4.244135295e-05,7.548004507e-05,4.605928684e-05,7.338900666e-05,2.822404504e-05,2.299605377e-05,8.515997288e-05,1.051453662e-05,1.942425382e-06,3.747172335e-06,4.575679236e-06,1.008582866e-05,1.599859857e-05,1.958367315e-05,1.299077402e-05,3.675697101e-05,2.567578457e-05,2.905049199e-05,0.0001532206972,0.000480461776,0.0003962327927,0.0002607510798,0.0001022485333,7.107442522e-05,8.315754124e-05,2.058228831e-05,2.756606002e-05,1.414145623e-05,3.599999866e-05,1.595683725e-05,4.849312763e-06,6.310643517e-06,7.183757591e-06,6.28371605e-06,2.362318909e-05,1.46984031e-05,4.310743256e-06,4.350861977e-06,3.872524776e-06,6.545390878e-06,4.838165365e-06,6.336078547e-06,6.087221314e-06,1.243366778e-05,1.63594885e-05,3.163045602e-05,2.264193534e-05,1.483740588e-05,5.761810869e-05,0.0001857910041,0.0001408006058,8.396706e-05,5.158577776e-05,6.027931042e-05,2.115819836e-05,1.326672183e-05,2.378954149e-05,1.344301598e-05,1.641357217e-05,6.402917112e-06,2.400635934e-05,5.545610173e-05,2.7964255e-05,1.545263285e-05,9.222128087e-05,3.17724332e-05,1.083808056e-05,0.0001392046693,9.394809523e-05,8.239426008e-05,0.0001654210576,0.0002245933011,0.0001258248462,0.0002122186832,0.0001558475159,0.0001024460047,0.0001585503468,4.134908661e-05,6.720352085e-05,2.807373099e-05
A:39,0.000857779723,0.001303151238,0.001076879972,0.001211659792,0.002413902333,0.001982629896,0.00283417762,0.001752518043,0.002390909685,0.0001961652193,0.0004632031167,0.001159806874,0.0008994495898,0.0001476860887,6.889166051e-05,0.000598265761,0.0003966606636,5.172540314e-05,0.0003365391586,0.000823204668,0.0001368016604,6.52442552e-05,0.000510945822,0.005069410866,0.0004467637254,0.0003156297146,0.0005223398004,9.14135177e-05,0.0001039249153,0.0001556532518,0.0003280334523,0.0004382051804,0.001379489193,0.00104544563,0.001215257109,0.005177237967,0.01457546198,0.01761494248,0,0.02179759883,0.01271471496,0.01151634622,0.001154994664,0.002930326653,0.0006981075242,0.0004453145033,0.0005034710086,0.0006973018403,0.0007449508068,0.0006792491509,0.0006752275685,0.0008342341559,0.003312158632,0.005808534366,0.01094594015,0.00729354559,0.005840754596,0.01138336671,0.001110493835,0.001270988195,0.0002519140934,0.00013298608,2.65794755e-05,6.541775419e-05,3.92058095e-05,0.00017155403,0.0001105777246,6.9809973e-05,0.000117189522,0.0001869867536,0.0001459016379,7.428052607e-05,0.0001700132924,0.0005591026317,0.00185623604,0.001395087752,0.0006098416599,0.001229136682,0.0004960741357,0.0005904989098,0.000137282851,0.0001090869719,2.765381482e-05,8.357147553e-06,5.678697992e-06,1.961192595e-05,4.975228578e-05,9.701520051e-05,7.672180936e-05,3.73822773e-05,9.390282683e-05,0.0001028708243,6.435595262e-05,4.047053662e-05,3.081582282e-05,0.0002530590378,1.614616184e-05,4.621957216e-06,4.108381404e-06,7.318922319e-06,2.147743769e-05,4.280607389e-05,2.929422922e-05,2.151708603e-05,5.733769854e-05,2.319262841e-05,2.604944128e-05,0.0002136055464,0.0004537404709,0.00060955422,0.0004953811378,0.0001659418045,0.0001038855683,5.49983061e-05,2.265050725e-05,1.944395493e-05,1.277686612e-05,3.483094948e-05,2.152399971e-05,5.389302639e-06,5.579927764e-06,4.950021883e-06,4.312287558e-06,1.67033831e-05,1.134043088e-05,2.981260822e-06,4.260458582e-06,4.141213068e-06,8.710343157e-06,5.73220964e-06,1.219111774e-05,9.408650354e-06,1.860166702e-05,3.579924862e-05,4.407253303e-05,3.238632367e-05,1.978473639e-05,8.35014987e-05,0.0003235820229,0.0002228506052,0.0001320956714,6.895320833e-05,7.62109377e-05,1.891694466e-05,1.618226837e-05,1.684936682e-05,2.228216304e-05,1.668237487e-05,6.960225262e-06,2.603638641e-05,7.807272885e-05,3.76153976e-05,2.668962796e-05,0.0002133383004,2.013366895e-05,2.212815222e-05,0.0002079984133,0.000161620743,0.0001562882397,0.0001254017785,0.0002244759442,0.0002090132464,0.0002214755318,0.0001104576851,0.0001256051849,0.0002612318209,3.607576333e-05,8.330678417e-05,3.890929564e-05
A:40,0.002313224381,0.004140883572,0.002199454957,0.001951276919,0.001915016195,0.001605732863,0.001591580925,0.001114513107,0.001318013784,9.327374216e-05,0.0001633128314,0.0007036576569,0.0006385359392,0.000142657923,0.0004692454469,0.0006728787422,0.0008574007267,0.0002002199203,0.0006859055507,0.001159542638,0.0002916221738,0.000158681899,0.0007676493893,0.01372120122,0.001016390951,0.0009384463881,0.0007353910606,0.0001044006533,0.0001463831565,0.0001135596642,0.0003272129611,0.0002777957279,0.000605276045,0.0007615155106,0.002446408437,0.0009957963854,0.009473536811,0.01190536268,0.02179759883,0,0.01824094938,0.01321610868,0.008668161107,0.003132289014,0.002913037099,0.001045631517,0.001082163432,0.001398977476,0.001945930786,0.00113694172,0.001933923642,0.002050064433,0.005763302385,0.006167303628,0.006100206949,0.006509533994,0.003056094366,0.002649348189,0.002378318321,0.0005822721784,0.000290408582,6.388014191e-05,2.023034493e-05,6.691273762e-05,4.147349884e-05,7.601696615e-05,5.359953402e-05,4.828378046e-05,5.272311739e-05,0.0001022522082,8.354732941e-05,4.828966371e-05,9.664187602e-05,0.0004152044234,0.0008252204945,0.0008784279723,0.0005363825171,0.0005956752866,0.0002889712688,0.0002745420402,8.613896346e-05,5.68135509e-05,6.17586047e-05,1.827924779e-05,5.930485389e-06,2.686055168e-05,4.738008244e-05,5.785555963e-05,4.553575956e-05,3.747380845e-05,5.200203371e-05,4.19502392e-05,4.84954207e-05,1.951797902e-05,1.61283032e-05,0.0001662006021,1.22230422e-05,3.782419449e-06,3.636733371e-06,6.549209301e-06,1.261370483e-05,2.608243223e-05,1.585953594e-05,1.150634702e-05,3.350232518e-05,1.215551329e-05,1.415210023e-05,0.0001084334547,0.0001984773967,0.0002459260464,0.0002190785985,7.721929829e-05,5.021484414e-05,3.084728259e-05,5.119504055e-05,5.520365841e-05,3.780395206e-05,8.746967856e-05,2.582281628e-05,8.353333022e-06,5.489910055e-06,6.124797296e-06,6.532385078e-06,2.01160606e-05,1.799972806e-05,3.248080314e-06,4.002357459e-06,2.771300356e-06,7.337959686e-06,5.025706122e-06,6.717446108e-06,4.776891409e-06,9.094044537e-06,1.422394748e-05,1.524412402e-05,1.460549297e-05,7.666163382e-06,3.439498619e-05,0.000106744409,8.977107347e-05,7.793692085e-05,6.462080722e-05,8.189978299e-05,2.175614649e-05,1.199504746e-05,9.60554682e-05,2.402769688e-05,1.081850605e-05,8.00984358e-06,5.806538134e-06,4.089539473e-05,2.401614968e-05,0.0001290816605,6.605988634e-05,2.400706955e-05,3.118768344e-05,0.0002202062577,0.0001750811109,0.0001021119488,0.0001661083973,0.000185878444,0.0001041123042,0.0001002202189,4.725444169e-05,7.231184774e-05,0.0001049917706,1.966936171e-05,4.657475887e-05,2.469799279e-05
A:41,0.002350301806,0.002827250019,0.002937664047,0.002791653981,0.002298122987,0.001523172282,0.001134066695,0.0006187702685,0.0006781336896,4.874308344e-05,8.860794036e-05,0.0004295935019,0.000156412207,4.736008612e-05,0.0001634400194,0.0003411067161,0.0002429857919,8.325744474e-05,0.0002148732598,0.0009318764576,0.0002698383436,0.0001423207876,0.0005366985141,0.009530617268,0.0005538826267,0.0004656368055,0.0005113175132,9.277955445e-05,9.208709303e-05,5.552561128e-05,9.544164577e-05,7.009833464e-05,0.0003034362986,0.0004299093446,0.0004472742473,0.001459682361,0.001316460332,0.007147773232,0.01271471496,0.01824094938,0,0.02473504231,0.01390811649,0.01118282538,0.001894643119,0.002429088713,0.001145027926,0.001159950849,0.001215636518,0.001331810409,0.002006628501,0.009913428469,0.007257999634,0.006162837222,0.007727702469,0.007949433348,0.0009597699388,0.003819047261,0.0005352814928,0.0003504951635,9.434877798e-05,2.691645541e-05,2.117388782e-05,4.180921609e-05,5.352088975e-05,4.725860867e-05,2.408239888e-05,3.618551619e-05,7.663914815e-05,0.00013159675,0.000132952565,5.700082282e-05,0.0001365176509,0.0003536007687,0.000978473595,0.0009976130663,0.000270006729,0.0003932247676,0.0001679797902,0.0001243443719,5.555716035e-05,3.895890906e-05,1.930649784e-05,6.278669791e-06,1.291920369e-06,1.280874764e-05,1.595005711e-05,2.717098957e-05,2.668429017e-05,1.767481348e-05,2.364235426e-05,1.982037094e-05,1.644233076e-05,7.288668528e-06,5.538322557e-06,7.472992522e-05,6.390793094e-06,4.056842036e-06,5.610722037e-06,5.904991441e-06,6.204203266e-06,2.691087739e-05,2.110329476e-05,1.8914416e-05,2.714295077e-05,5.447182184e-06,8.04346899e-06,0.0001041841931,0.0001732836268,0.0002595633066,0.0001824187781,5.571516066e-05,5.793561445e-05,4.035489115e-05,3.230339157e-05,1.598538156e-05,1.083663386e-05,2.659702941e-05,7.024637319e-06,2.713871267e-06,1.560121141e-06,2.289048768e-06,2.373771729e-06,6.771578494e-06,6.503029261e-06,1.369314278e-06,2.128006654e-06,1.748035292e-06,4.289469744e-06,3.891467218e-06,5.440810776e-06,3.516477825e-06,6.204133328e-06,1.284449498e-05,8.376925595e-06,9.285286649e-06,3.945028873e-06,2.066734201e-05,7.366406582e-05,6.235849762e-05,6.351341558e-05,6.727451682e-05,4.007385772e-05,1.272205075e-05,4.312881487e-06,1.810875328e-05,1.204940075e-05,5.89508498e-06,6.777504132e-06,1.037667739e-05,2.906160893e-05,2.46813611e-05,3.784211477e-05,5.704606518e-05,3.497598814e-05,3.699741865e-05,0.0002354514544,0.0001925321305,9.097339638e-05,0.0003070055698,0.0001218397668,6.396792319e-05,0.0002039292247,3.54839291e-05,4.916075439e-05,0.0001394370958,1.003989821e-05,3.504494166e-05,2.034767546e-05
A:42,0.004570338737,0.005652409861,0.002889612981,0.002473916533,0.001136965148,0.0007998426656,0.001056813189,0.0005253947656,0.0008664210428,5.94979994e-05,9.900006134e-05,0.0003538065605,7.634362061e-05,4.53935553e-05,0.0001223662732,0.0003606670852,0.0003834196022,7.90939027e-05,0.0002384503267,0.0006492827981,0.0002647432449,0.0001192205565,0.001090658652,0.01233938562,0.001116206543,0.0008194562205,0.001092162877,0.0001310173078,0.0001022756648,8.228566254e-05,3.587165107e-05,2.928905538e-05,0.00027383934,0.0003703206993,0.0004840992267,0.0006858060325,0.00320073646,0.001600950113,0.01151634622,0.01321610868,0.02473504231,0,0.01647565358,0.01247611716,0.009047494993,0.002142966277,0.002402987106,0.002601480595,0.003907030693,0.00377632344,0.004029820016,0.00661786799,0.005627417895,0.007753908107,0.006465620526,0.001367528453,0.001358863352,0.003128331144,0.0006473926566,0.0003507514844,6.68851405e-05,3.499844961e-05,1.585358128e-05,2.346126804e-05,3.223394933e-05,2.338394693e-05,1.120429857e-05,2.215640611e-05,5.526822981e-05,8.225715235e-05,0.0001180626085,4.357753146e-05,0.0001209986845,0.000268339122,0.0006018398847,0.0004888597587,0.0001806389104,0.0004058510927,0.0001434085074,0.0002069698685,6.792781193e-05,6.228365399e-05,1.483304465e-05,6.415684084e-06,1.097756683e-06,1.325473651e-05,1.411811674e-05,2.650724362e-05,3.302528228e-05,2.347610159e-05,2.772246383e-05,2.584275114e-05,2.958184741e-05,1.031685589e-05,9.32575005e-06,9.415142801e-05,8.945678556e-06,4.559179649e-06,5.478521664e-06,6.689438574e-06,8.267373802e-06,1.729960762e-05,1.563979229e-05,1.345277651e-05,1.35555926e-05,3.175408751e-06,4.251870798e-06,5.089365144e-05,6.347633632e-05,0.0001178979989,0.0002073597582,9.486374282e-05,8.780756739e-05,6.170715926e-05,4.314137909e-05,1.344590662e-05,4.906702019e-06,2.236317196e-05,5.810209797e-06,1.737491395e-06,5.992482513e-07,1.436690093e-06,1.816908887e-06,5.477830502e-06,6.454514463e-06,1.122965288e-06,1.935992807e-06,1.455816282e-06,3.498872958e-06,5.560814373e-06,6.081553293e-06,3.391248432e-06,5.254911548e-06,1.631959516e-05,8.051697988e-06,6.477043891e-06,3.529860908e-06,1.770422753e-05,5.048009953e-05,8.652169946e-05,9.720798996e-05,8.031710675e-05,3.632109266e-05,1.643005696e-05,3.21507036e-06,1.262190819e-05,2.649699415e-05,1.339221387e-05,8.707851559e-06,1.447388718e-05,8.470980754e-06,4.300018941e-05,7.252321932e-05,2.26517216e-05,4.650605779e-05,5.835705236e-05,0.000161342954,0.0001545751029,0.0001099027751,0.000184614508,4.891504964e-05,7.545610446e-05,5.532088751e-05,3.306816129e-05,2.815700616e-05,3.592116514e-05,8.414614907e-06,2.096246628e-05,1.42443835e-05
A:43,0.005461722553,0.005153864226,0.004745993817,0.002422034627,0.001079224701,0.0003523207306,0.0004035609482,0.0001721501002,0.0003122119196,2.936572773e-05,2.744318635e-05,0.0001007473815,3.205700529e-05,1.905421959e-05,5.236456814e-05,0.0001697402775,0.0001391083847,1.937777402e-05,5.291996782e-05,0.0001547699491,4.679102739e-05,2.369749459e-05,0.0002118789673,0.003015905208,0.0003440638249,0.0002554392122,0.0002510589622,3.145426434e-05,1.668190387e-05,1.625546654e-05,9.5173093e-06,9.929486105e-06,7.647498164e-05,0.0001297285649,0.0001585686407,0.0004320898011,0.0008298154837,0.002289521264,0.001154994664,0.008668161107,0.01390811649,0.01647565358,0,0.03916306024,0.01553893165,0.01416796293,0.004278915968,0.00326595417,0.003352127013,0.01060538839,0.007118071016,0.007473924087,0.006085734465,0.004413184847,0.000968237431,0.001668999396,0.0003616491302,0.001052437167,0.0002511413639,9.85560136e-05,2.732721566e-05,1.343663672e-05,8.315811566e-06,8.72455253e-06,1.64372501e-05,1.569561262e-05,8.644117158e-06,1.178409105e-05,4.779417901e-05,5.963810303e-05,9.191616604e-05,3.740303255e-05,9.093915538e-05,0.0002362753148,0.0004215081844,0.0003227610124,0.0001279855688,0.0001821975439,8.243754677e-05,0.0001000538281,3.324662055e-05,1.815446638e-05,9.119137127e-06,4.928154031e-06,7.959381012e-07,3.422608627e-06,4.108034545e-06,4.457054278e-06,8.421240837e-06,5.234331915e-06,5.038874164e-06,6.374826983e-06,1.012393697e-05,3.014965484e-06,2.994912668e-06,2.190736419e-05,3.505515066e-06,2.893882606e-06,4.158358062e-06,3.657003178e-06,3.473628732e-06,8.591037033e-06,1.203870204e-05,1.159643064e-05,7.815793236e-06,1.739925168e-06,2.332508512e-06,3.600258741e-05,3.6328405e-05,8.440403338e-05,0.0001292215334,6.25139892e-05,5.72640111e-05,2.26838526e-05,2.713993421e-05,1.415715919e-05,5.320019963e-06,2.125608908e-05,2.874270289e-06,1.528686561e-06,4.443451248e-07,4.541186394e-07,6.760872698e-07,1.468508877e-06,1.842913642e-06,5.041349218e-07,5.704582208e-07,5.365096265e-07,1.302908189e-06,2.902705467e-06,2.828766025e-06,1.641086297e-06,2.566469312e-06,9.138265905e-06,4.285345421e-06,3.338981584e-06,1.915980167e-06,9.456622738e-06,3.131116062e-05,4.627933261e-05,3.859990321e-05,3.125589081e-05,3.734680252e-05,1.093405322e-05,3.15340678e-06,3.765223199e-06,2.386709059e-06,3.385084069e-06,5.030254203e-06,5.670038425e-06,2.297137168e-05,2.63325795e-05,0.0001044211519,2.885220193e-05,2.94327522e-05,9.913222001e-05,0.001436993329,5.836957668e-05,7.297018105e-05,7.636403987e-05,5.991953519e-05,0.0001101488433,4.603363763e-05,2.335869747e-05,4.587431248e-05,4.51498209e-05,1.560179769e-05,2.754893659e-05,1.917227915e-05
A:44,0.007455513643,0.005191903955,0.003420415225,0.002574788007,0.0005017158607,0.00028676323,0.0002337346157,0.0001388795546,0.0001755356776,2.173769577e-05,1.625347633e-05,5.201912283e-05,2.18877485e-05,1.816800369e-05,4.037223705e-05,0.0001044930322,9.445465193e-05,1.857912594e-05,4.479806457e-05,4.0563093e-05,1.724807158e-05,9.277558577e-06,0.0001784457701,0.00163726586,0.0001801451649,0.0001298473123,0.0001211774165,1.499535295e-05,9.070739343e-06,8.680709946e-06,4.791306111e-06,6.332786621e-06,5.149605529e-05,8.263881043e-05,0.0001091956722,0.000321663813,0.0007874781235,0.001548132275,0.002930326653,0.003132289014,0.01118282538,0.01247611716,0.03916306024,0,0.01588985531,0.01897328767,0.005781516813,0.007598930085,0.009726331974,0.01000506233,0.007005156056,0.005947264807,0.006803408795,0.002255504714,0.001141597142,0.000627576694,0.0003085626153,0.0007751276542,0.0001522829256,6.293938776e-05,1.620483476e-05,8.554467743e-06,4.418098999e-06,3.174935229e-06,6.006131307e-06,6.667919152e-06,3.118573541e-06,3.21074171e-06,1.803265374e-05,1.996423183e-05,3.055956649e-05,1.228700975e-05,3.044384845e-05,8.11266582e-05,0.000118408117,0.0003264771456,7.340627318e-05,9.833812617e-05,3.903620757e-05,5.45924185e-05,2.399613475e-05,1.097400767e-05,9.609420956e-06,2.716380432e-06,7.561235759e-07,2.594231197e-06,2.83614102e-06,2.669901101e-06,5.395904885e-06,3.387314808e-06,2.670890723e-06,3.204551268e-06,5.372513738e-06,1.828210143e-06,1.966599338e-06,1.084695693e-05,2.206470089e-06,2.064315188e-06,2.429343168e-06,1.46477698e-06,2.26821622e-06,3.773849909e-06,3.972682343e-06,3.660375677e-06,4.082207741e-06,1.919150466e-06,2.411926497e-06,2.620280128e-05,2.039131337e-05,4.155865531e-05,5.916230082e-05,1.128973692e-05,2.279931146e-05,9.489912848e-06,8.514383766e-06,1.038036496e-05,4.842188017e-06,3.783323607e-06,2.509551418e-06,9.535311318e-07,3.698880929e-07,3.392822064e-07,4.547303997e-07,9.533381629e-07,1.124675637e-06,2.267611311e-07,1.999727923e-07,2.134992148e-07,5.729108346e-07,6.742231403e-07,1.057007115e-06,7.826870258e-07,1.350662711e-06,3.551621706e-06,2.107224374e-06,2.212242081e-06,1.335706942e-06,5.064448516e-06,1.471862873e-05,1.437276543e-05,9.733649787e-06,6.603703759e-06,2.523768531e-06,2.266057485e-06,1.707839397e-06,5.036587563e-06,4.145784444e-06,4.177926057e-06,5.815246086e-06,1.069378692e-05,1.566186241e-05,3.793618203e-05,2.070797962e-05,5.408174246e-05,1.102966022e-05,0.0001697224121,0.001875560972,0.000150956518,1.715580271e-05,0.0003054114004,6.7638071e-05,7.614841864e-05,8.078485238e-05,1.871897527e-05,3.199648236e-05,5.606727742e-05,1.565251787e-05,1.951459835e-05,1.794350761e-05
A:45,0.005952480051,0.003118235005,0.003597704382,0.0006777199249,0.0002968012245,0.0001180493441,0.0001181943122,4.843468135e-05,8.460177972e-05,9.816598407e-06,5.770421925e-06,1.679671921e-05,8.5957589e-06,9.453334028e-06,2.372933048e-05,5.383146088e-05,4.158268214e-05,9.302074188e-06,2.529048241e-05,2.659118231e-05,9.110874556e-06,9.701183745e-06,0.0001159371965,0.001232970756,8.277020134e-05,6.631110598e-05,4.265917242e-05,8.902658322e-06,2.524937952e-06,3.330932718e-06,1.181773611e-06,2.863714494e-06,1.158993535e-05,2.214080754e-05,2.953919617e-05,0.0001023029322,0.0002620802993,0.0006964436702,0.0006981075242,0.002913037099,0.001894643119,0.009047494993,0.01553893165,0.01588985531,0,0.01615418386,0.01369436784,0.01364494261,0.0131930231,0.01027915161,0.005796293454,0.004215543644,0.002188611728,0.001457296718,0.0002347592859,0.0003063321681,0.0001152645057,0.0002678508738,5.640671483e-05,1.921657704e-05,5.100297401e-06,2.585878909e-06,1.254326956e-06,1.007791018e-06,2.193912435e-06,2.936349822e-06,1.870596913e-06,1.989116954e-06,9.525430818e-06,1.186760869e-05,2.066481206e-05,8.762728449e-06,2.039699194e-05,5.747286866e-05,9.432243666e-05,9.507522469e-05,5.588743352e-05,7.118341205e-05,1.647429233e-05,2.300264068e-05,1.013154024e-05,3.659605499e-06,4.337130534e-06,5.535532165e-07,3.170664945e-07,8.773010865e-07,1.020305727e-06,1.085979959e-06,2.473311932e-06,1.22742128e-06,1.12109309e-06,1.802566362e-06,2.046405882e-06,7.729309297e-07,7.991371921e-07,6.54157105e-06,1.017451982e-06,8.535224993e-07,1.155363406e-06,9.418480616e-07,7.883978351e-07,2.083227594e-06,2.246249019e-06,2.216664077e-06,2.316042873e-06,1.772881636e-06,2.513989813e-06,1.898403094e-05,2.832263345e-05,4.080607793e-05,3.453453923e-05,4.69979503e-06,8.096217564e-06,3.084408253e-06,1.457835302e-06,3.34051131e-06,2.033943549e-06,6.767051328e-07,1.116308048e-06,2.901964009e-07,1.102343184e-07,9.163291632e-08,1.11955446e-07,2.701563024e-07,3.0431392e-07,3.685400433e-08,3.262268926e-08,4.498695904e-08,1.233584088e-07,9.414522728e-08,2.702831502e-07,2.600430332e-07,4.726337491e-07,1.246642582e-06,1.060246301e-06,8.840257354e-07,8.535303167e-07,2.185461859e-06,1.034369736e-05,5.223007468e-06,2.689199801e-06,5.265626351e-06,2.033321361e-06,3.104949467e-06,1.564760877e-06,2.659914461e-06,2.722944312e-06,3.320094134e-06,7.233929377e-06,1.262651899e-05,2.185113732e-05,1.977529006e-05,3.316687197e-05,7.509858539e-05,1.634299684e-05,0.0001182354258,0.001337665964,0.0001179745263,8.20205316e-06,8.579073284e-05,5.456903515e-05,2.942536261e-05,2.936371505e-05,1.529218623e-05,7.755947674e-06,2.675685286e-05,1.297764358e-05,9.282521261e-06,9.636182724e-06
A:46,0.004329170594,0.002050790553,0.001591219334,0.0005700877416,0.0002585294917,0.0001478991555,7.214353132e-05,3.444884329e-05,2.154671558e-05,3.997799124e-06,1.684189151e-06,4.936419738e-06,3.861685545e-06,8.377498563e-06,3.908174424e-06,2.035930064e-05,4.169853388e-05,3.11427971e-06,5.539988041e-05,5.610317243e-05,1.845738178e-05,1.343480333e-05,6.16370584e-05,0.0006969422062,7.094695878e-05,5.810280562e-05,3.995843097e-05,1.36318681e-05,2.05089377e-06,3.1693828e-06,5.145753053e-07,1.659153303e-06,1.00190567e-05,1.861864682e-05,1.881438135e-05,6.488975917e-05,0.0001902436271,0.0004392772901,0.0004453145033,0.001045631517,0.002429088713,0.002142966277,0.01416796293,0.01897328767,0.01615418386,0,0.01457213016,0.01487409895,0.01429316761,0.007751348666,0.006667008851,0.001573850748,0.0005782377649,0.0004880074295,0.0002944955512,0.0002084555742,9.8521295e-05,0.0001372601015,2.840370422e-05,1.191211158e-05,3.331712455e-06,1.711168088e-06,9.033359206e-07,7.355785904e-07,1.48656273e-06,2.714970068e-06,1.609561238e-06,1.364636441e-06,6.760384111e-06,1.227140653e-05,1.338822783e-05,5.144539876e-06,1.19576726e-05,6.91917938e-05,5.841912425e-05,0.0001006568246,4.426376179e-05,1.745773508e-05,8.813577337e-05,2.607559099e-05,2.213111981e-06,1.072875228e-06,7.922093708e-06,9.137919102e-06,9.48647352e-07,2.376869827e-06,2.438236722e-06,1.882775022e-06,9.039561836e-07,1.136927593e-06,5.697386563e-07,7.219534563e-07,2.767307828e-06,2.084976756e-07,2.903542345e-07,3.741480664e-06,1.879875015e-07,1.043943827e-07,3.411329059e-07,6.618988402e-07,2.526115218e-06,2.286572445e-06,3.409187749e-06,5.095876824e-06,4.77302428e-06,9.524501909e-06,1.51262422e-05,4.326151658e-05,0.0001065834195,7.519650971e-05,7.433284998e-05,7.246261998e-05,4.27226318e-05,1.154943378e-05,2.185784766e-05,2.974475259e-05,9.82188983e-06,9.091966148e-05,3.514991997e-05,1.101203058e-05,3.975094984e-06,1.793547957e-06,1.274854017e-06,1.091929356e-06,1.003598255e-06,1.986553628e-07,4.105294598e-07,8.558669009e-07,2.10659462e-06,5.236940669e-06,4.397440146e-06,3.150365727e-06,5.245857621e-06,1.364250755e-05,8.430950488e-06,8.542300806e-06,5.791312507e-06,1.725073325e-05,4.334484609e-05,5.272625767e-05,3.832790679e-05,9.337512664e-05,0.0001713601534,8.445553501e-05,3.296006858e-05,2.000791905e-05,1.324854348e-05,7.531861857e-05,0.0001128836659,0.000302354308,0.0004577855269,0.0004008703669,0.0008141798523,0.0008781362964,0.0002877836672,0.002173180903,0.02766665653,0.002081349889,0.0001799708452,0.0006748292672,0.001313142738,0.0007992858397,0.0001554371626,0.0003836319516,0.0002319037441,0.0002353032853,0.0001433878313,0.0001090369182,7.030454163e-05
A:47,0.005532457034,0.006870551136,0.004524021381,0.001848295204,0.0005619703882,0.0002715187245,0.0001401395474,6.052412726e-05,3.583946415e-05,3.512917667e-06,1.649942407e-06,2.718471011e-06,1.346648315e-06,8.94268942e-07,2.554316026e-06,2.109855076e-05,1.595047001e-05,2.780217164e-06,3.54458719e-06,1.526919824e-05,5.562475551e-06,3.147688865e-06,7.905345377e-06,0.0003479581768,3.306568432e-05,2.605511924e-05,1.281258999e-05,3.748973679e-06,1.21855089e-06,8.001046952e-07,1.670849987e-07,7.726619123e-07,2.216608203e-06,4.589676503e-06,7.387732148e-06,2.652173087e-05,0.0001178620507,0.0002881324267,0.0005034710086,0.001082163432,0.001145027926,0.002402987106,0.004278915968,0.005781516813,0.01369436784,0.01457213016,0,0.05295505755,0.01886190608,0.01019540357,0.002971902521,0.002805854337,0.001280804689,0.001227752898,0.000503739397,0.0002853067634,0.0001025288987,0.0001113741122,1.780044888e-05,5.213993632e-06,1.17002858e-06,5.385692566e-07,2.117156854e-07,2.049679995e-07,4.906849965e-07,8.244302921e-07,7.889614908e-07,1.022389634e-06,3.657348295e-06,5.929588408e-06,1.307154016e-05,7.173646641e-06,1.274131965e-05,6.784473463e-05,0.0001146509487,0.0001714954838,5.023581664e-05,4.3906493e-05,9.112153512e-06,6.340920356e-06,2.965616546e-06,3.19291047e-07,5.800545228e-08,1.538548693e-07,1.02267018e-08,2.220029012e-08,1.085317754e-08,7.590629699e-08,3.000863671e-07,4.432986996e-08,1.016740671e-07,2.970886748e-07,5.014178678e-07,1.096679608e-07,1.268114411e-07,1.121791386e-06,1.318127719e-07,1.298947618e-07,2.54412702e-07,4.16172036e-07,8.991368117e-08,4.665443884e-07,1.300136583e-06,1.4940868e-06,6.125415817e-07,6.484732983e-07,1.245458373e-06,2.87631633e-06,1.609226333e-05,8.491376907e-06,4.309865911e-06,2.595254458e-06,8.34130973e-07,2.967714723e-07,7.441456371e-07,5.513996677e-07,2.293557217e-07,2.883412919e-06,1.05811292e-06,2.689296364e-07,8.197574197e-08,3.005361476e-08,2.372926418e-08,8.897524371e-09,7.153951921e-09,6.268968621e-09,9.833255186e-09,1.827898808e-08,3.390651323e-08,1.155779037e-07,7.514712393e-08,5.843899726e-08,8.668841653e-08,1.738226816e-07,9.792782219e-08,1.335623963e-07,1.288301037e-07,2.153582701e-07,3.495640338e-07,9.080440535e-07,1.149880537e-06,7.564742275e-06,7.359339679e-06,3.842407547e-06,1.834833938e-06,3.203674586e-07,5.168540359e-07,2.82119888e-06,3.87124093e-06,1.056000639e-05,1.967636655e-05,1.088666212e-05,3.914905805e-05,7.37115681e-05,2.500516096e-05,7.071295648e-05,0.000454309002,7.212751596e-05,7.444041638e-06,3.878703143e-05,2.801311774e-05,1.027657882e-05,5.702120882e-06,8.745596815e-06,3.650478209e-06,1.791735472e-06,4.093771992e-06,2.904226259e-06,2.08963239e-06
A:48,0.004973018828,0.003865235998,0.003691024952,0.001412063818,0.000474671568,0.0002550583877,0.0001595938806,7.556677021e-05,5.744086017e-05,6.67096419e-06,3.227444762e-06,5.733038033e-06,3.143274974e-06,2.990347384e-06,6.462334265e-06,3.493869835e-05,2.627492877e-05,5.113310501e-06,4.172120365e-06,1.967355137e-05,5.780960787e-06,4.353933488e-06,1.303650219e-05,0.000366867615,4.254131322e-05,3.24326612e-05,1.803379177e-05,5.40424132e-06,1.682343772e-06,1.384984792e-06,3.304155969e-07,1.392384443e-06,3.860801339e-06,8.190281363e-06,1.225103072e-05,4.436264878e-05,0.0001761899825,0.0004323204433,0.0006973018403,0.001398977476,0.001159950849,0.002601480595,0.00326595417,0.007598930085,0.01364494261,0.01487409895,0.05295505755,0,0.02116875661,0.006961555909,0.003920198689,0.00215999465,0.001257618094,0.001280221168,0.0005412266699,0.0002879618851,0.0001339293145,0.0001581815465,2.804444438e-05,8.572895217e-06,2.1475292e-06,1.06032681e-06,4.455726418e-07,4.215505245e-07,1.013321211e-06,1.745913049e-06,1.542419444e-06,1.813134513e-06,7.188522891e-06,9.702980288e-06,2.054250114e-05,1.013982648e-05,1.994673973e-05,7.538375622e-05,0.0001395654686,0.0001724103613,6.052091032e-05,6.940159798e-05,1.171505825e-05,1.27755387e-05,5.940131591e-06,1.215961797e-06,4.384735482e-07,6.045481468e-08,1.482936811e-08,1.215657235e-07,9.099116011e-08,2.766092669e-07,9.581921989e-07,2.529834368e-07,3.46635928e-07,7.863569298e-07,1.053892617e-06,2.933359067e-07,3.233617688e-07,2.599308604e-06,3.769373957e-07,3.439210683e-07,6.025277136e-07,7.30795217e-07,2.264133204e-07,1.093826559e-06,2.167843543e-06,2.463495774e-06,1.349587613e-06,1.22050488e-06,2.123119633e-06,8.853776752e-06,2.865023642e-05,2.168573988e-05,1.19638054e-05,2.783013991e-06,1.719689843e-06,4.967056416e-07,3.039443464e-07,2.36652074e-07,1.068981337e-07,2.67019834e-06,9.446878106e-07,2.120133148e-07,6.392888858e-08,2.14386699e-08,1.381649129e-08,1.288940371e-08,1.284214192e-08,2.364362893e-09,2.887519994e-09,7.997057262e-09,1.310786621e-08,5.583270336e-08,1.820489634e-08,3.542537359e-08,6.117944182e-08,1.080242433e-07,1.354195424e-07,1.498643893e-07,2.387370549e-07,2.725933903e-07,2.18105282e-06,3.757347303e-07,3.370138247e-07,8.408437013e-06,7.306626074e-06,4.621653022e-06,2.335120387e-06,3.247312079e-07,6.731707583e-07,3.130990175e-06,5.192577632e-06,1.303508101e-05,2.581720512e-05,1.361045619e-05,4.642687624e-05,8.984192616e-05,2.345181113e-05,0.0001003470344,0.0006615649503,0.0001025422431,6.332228221e-06,5.486844882e-05,3.686254942e-05,1.194036424e-05,1.211987956e-05,1.420896096e-05,3.130612029e-06,6.555854495e-06,7.202558334e-06,3.804479784e-06,3.815259933e-06
A:49,0.02833355723,0.007382530337,0.001666793617,0.001932553185,0.0002526728739,0.0002468580693,0.0001476750391,6.990220412e-05,6.355216009e-05,7.591985173e-06,3.736605882e-06,7.974310302e-06,5.786230651e-06,5.315081059e-06,1.485022612e-05,4.154898488e-05,4.136231097e-05,1.030251247e-05,1.325308302e-05,3.875472515e-05,8.62789779e-06,6.618696649e-06,3.042048955e-05,0.0006211127385,7.169274539e-05,5.401098279e-05,3.332759548e-05,9.685453545e-06,3.222277575e-06,2.975934966e-06,1.042061936e-06,3.193497658e-06,6.227749453e-06,1.250460321e-05,1.819276909e-05,6.543331506e-05,0.0002199152603,0.0005814754263,0.0007449508068,0.001945930786,0.001215636518,0.003907030693,0.003352127013,0.009726331974,0.0131930231,0.01429316761,0.01886190608,0.02116875661,0,0.007482138969,0.006174398759,0.001717727125,0.001613467066,0.0008606699724,0.0005524143231,0.0003042641541,0.0001408551518,0.0002003564122,3.25348769e-05,1.177004605e-05,3.013968614e-06,1.400043503e-06,6.043615261e-07,4.535371721e-07,9.247140731e-07,1.884983119e-06,1.329890106e-06,1.326160532e-06,6.30117307e-06,8.120181028e-06,1.741343948e-05,8.307586406e-06,1.702372454e-05,5.104878305e-05,0.0001264249939,0.0001761690352,7.114126484e-05,8.023321458e-05,1.494285813e-05,1.767789096e-05,6.595369372e-06,1.960659382e-06,1.52580337e-06,7.152912702e-08,1.080423115e-07,3.429531157e-07,4.079507422e-07,6.258915107e-07,1.487710729e-06,5.783064947e-07,6.817529729e-07,1.20337389e-06,1.35737644e-06,5.567015795e-07,6.046119586e-07,3.899204909e-06,7.11489353e-07,6.532522947e-07,8.551860203e-07,7.340737974e-07,5.001705737e-07,1.336774486e-06,1.655342166e-06,1.74250982e-06,1.695807499e-06,1.725031789e-06,2.44081525e-06,1.397853339e-05,3.333110241e-05,3.515727951e-05,2.496389862e-05,6.844658895e-06,4.529597609e-06,2.024827119e-06,3.655003899e-07,4.845790249e-07,4.238829946e-07,1.3862224e-06,3.507890122e-07,9.419873332e-08,2.925536497e-08,2.69378681e-08,2.432107705e-08,8.368174525e-08,9.253131018e-08,8.587107048e-09,1.052963481e-08,2.19849777e-08,5.139308767e-08,3.571273679e-08,1.017046001e-07,1.304748434e-07,2.391230748e-07,5.046164261e-07,5.056629432e-07,4.883698842e-07,5.358716543e-07,1.099377187e-06,5.572415918e-06,2.186452362e-06,1.11735851e-06,6.092419013e-06,4.506331089e-06,3.909923865e-06,2.177522776e-06,5.054617027e-07,3.991060574e-07,2.018555326e-06,5.069222419e-06,1.092668238e-05,2.586161638e-05,1.330787933e-05,4.851863195e-05,6.398976844e-05,1.620137227e-05,9.202944522e-05,0.001182594831,9.111939146e-05,1.806428419e-05,7.72632903e-05,5.153975494e-05,1.718182007e-05,2.036959176e-05,1.372169837e-05,4.455396353e-06,1.345765296e-05,1.013895616e-05,6.443873656e-06,6.937960205e-06
A:50,0.009490506793,0.01134583174,0.006332847859,0.001820621324,0.001209147203,0.0003332364892,0.0002932533792,9.332724158e-05,0.0001646384037,2.303124307e-05,1.051432103e-05,2.994702875e-05,1.318904777e-05,1.518255371e-05,2.476245681e-05,7.960647058e-05,4.283573206e-05,9.083109006e-06,1.032025969e-05,1.420788334e-05,1.450571012e-05,6.096345361e-06,4.465362493e-05,0.0004359321173,3.337775559e-05,2.578611623e-05,2.272969677e-05,3.210262854e-06,2.278609674e-06,2.427563661e-06,1.869909491e-06,2.941421296e-06,1.829843669e-05,3.433958114e-05,4.450259518e-05,0.0001391205519,0.0003272375543,0.0006981911203,0.0006792491509,0.00113694172,0.001331810409,0.00377632344,0.01060538839,0.01000506233,0.01027915161,0.007751348666,0.01019540357,0.006961555909,0.007482138969,0,0.005606853413,0.01251705196,0.003482880983,0.002037663357,0.0005142306804,0.0006532539026,0.0001588911775,0.0003243472022,7.265517651e-05,2.769203035e-05,9.548444123e-06,6.144903017e-06,3.46828923e-06,2.964288341e-06,6.60792548e-06,1.126569501e-05,7.529121151e-06,7.044534952e-06,3.640687821e-05,3.154001746e-05,5.800796591e-05,2.614401503e-05,5.655393853e-05,0.0001235961137,0.0002683449477,0.0001483110332,0.0001292006633,0.0001383348324,3.44958218e-05,6.175031815e-05,1.813934755e-05,8.175349833e-06,7.58082112e-06,1.265330862e-06,6.699624664e-07,1.64619645e-06,2.441589523e-06,2.523787362e-06,5.839106188e-06,2.832244666e-06,2.896035566e-06,5.529192715e-06,6.843020508e-06,2.148014566e-06,2.34776304e-06,2.067525598e-05,2.789173544e-06,2.33221381e-06,3.364885148e-06,2.2299776e-06,1.834708206e-06,5.290536777e-06,7.892521141e-06,8.08867322e-06,5.392957543e-06,1.85565607e-06,2.439934952e-06,3.172737405e-05,2.827360251e-05,6.293415727e-05,7.112992069e-05,1.72986154e-05,2.49494442e-05,1.043749262e-05,5.620187084e-06,5.427032854e-06,3.099941473e-06,1.22988774e-06,4.135944158e-07,2.7366112e-07,1.126259335e-07,1.526962291e-07,2.129959999e-07,6.29604231e-07,7.900077655e-07,1.283670902e-07,1.429534396e-07,1.696349893e-07,4.505661843e-07,6.960184631e-07,1.216534623e-06,7.309659378e-07,1.268313935e-06,4.070125384e-06,2.400333012e-06,2.00282661e-06,1.370956178e-06,5.150932047e-06,2.14911283e-05,1.67260244e-05,1.280529975e-05,8.673752864e-06,1.4707628e-06,2.808307475e-06,2.444704041e-06,9.907515147e-07,6.818231522e-07,9.140252987e-07,3.209061231e-06,5.46362002e-06,7.244761696e-06,9.440499572e-06,1.700586315e-05,2.222416655e-05,9.044181841e-06,6.911873776e-05,0.0006502007018,6.621313067e-05,1.840151179e-05,0.0001637295694,2.944241943e-05,2.943653914e-05,5.062386504e-05,8.176457955e-06,1.267221547e-05,4.282827686e-05,1.028438185e-05,1.169268054e-05,1.314910234e-05
A:51,0.006520224581,0.006473476802,0.006768140793,0.01023427571,0.003358638925,0.0008867216334,0.0007374759419,8.902799685e-05,0.000158668232,1.188290126e-05,4.205927854e-06,7.735019205e-06,8.518891117e-06,2.999026929e-06,2.464150832e-05,4.235077094e-05,3.413018584e-05,1.513586947e-05,5.903487688e-05,7.13858448e-05,1.01153039e-05,7.742013956e-06,6.388324247e-05,0.0007428272088,6.318316682e-05,4.704033444e-05,4.638366037e-05,1.059011285e-05,6.906130063e-06,5.539912903e-06,6.120537682e-06,6.284797823e-06,2.077278775e-05,2.977055957e-05,3.376494317e-05,0.0001254439209,0.0001824700121,0.0005768915686,0.0006752275685,0.001933923642,0.002006628501,0.004029820016,0.007118071016,0.007005156056,0.005796293454,0.006667008851,0.002971902521,0.003920198689,0.006174398759,0.005606853413,0,0.006436736491,0.01226677276,0.006994413483,0.0003617503691,0.001817110689,0.0003319815549,0.0001520225592,3.626729338e-05,9.354576365e-06,5.001660309e-06,3.706503994e-06,3.580360485e-06,2.747281513e-06,5.493254639e-06,1.422296458e-05,9.171798625e-06,1.065293435e-05,3.696769338e-05,1.835798413e-05,5.663083285e-05,6.711542768e-05,5.326567723e-05,0.0001992125841,0.0007322206679,0.0005988362375,0.0005119100501,0.0001078963063,2.620483406e-05,5.482233315e-05,7.297643302e-06,4.417296205e-06,5.361637325e-06,1.108024675e-06,1.030714465e-06,5.372499772e-07,2.194109309e-06,1.473051e-06,2.943761693e-06,1.104541829e-06,1.731455908e-06,5.173247597e-06,7.969970555e-06,1.143459827e-06,1.415391204e-06,2.224058687e-05,1.450002076e-06,1.928553821e-06,2.145744218e-06,1.270670851e-06,3.490352017e-06,3.427377523e-06,7.620673747e-06,1.080130467e-05,3.496468209e-06,1.888746027e-06,1.325742055e-06,1.150012582e-05,5.000832032e-05,8.198158386e-05,9.037144577e-05,6.213252715e-05,3.48404915e-05,6.67658036e-06,5.095090686e-06,5.178750091e-06,4.964100684e-06,4.378683098e-06,2.963292638e-06,9.647683901e-07,5.154038776e-07,3.305794696e-07,3.623844648e-07,7.417441837e-07,6.46625689e-07,1.768669758e-07,2.247939635e-07,3.884205047e-07,1.007567344e-06,2.690338495e-06,2.861697274e-06,1.314373949e-06,2.141653976e-06,8.696107612e-06,2.024623129e-06,2.563291134e-06,6.880524877e-07,4.963546521e-06,1.977974731e-05,1.717780469e-05,1.724236284e-05,4.749354568e-06,6.473858142e-06,1.500379474e-06,2.69840338e-06,6.2618598e-06,3.146599009e-06,1.024165735e-06,5.033775704e-06,1.019881951e-06,1.421995262e-05,1.072443211e-05,2.263659433e-05,2.927861761e-05,2.232462528e-05,5.278550059e-05,0.0006454409109,2.395619119e-05,7.311878386e-05,0.000642222717,8.338230153e-05,3.146332063e-05,0.0001835434882,1.415903353e-05,3.048046369e-05,5.64906066e-05,4.071693069e-06,6.826070697e-06,5.569813047e-06
A:52,0.006054327236,0.006714541109,0.006547686749,0.008202759266,0.004977646193,0.002154685684,0.001854505144,0.0003136255679,0.0003914818923,2.183092979e-05,1.34256166e-05,6.242096599e-05,2.621182559e-05,1.361072698e-05,4.255884067e-05,0.0001258322488,5.649902458e-05,1.324293289e-05,3.498853639e-05,0.0001382329215,6.392515395e-05,3.413480825e-05,7.450451265e-05,0.001575607548,8.118636105e-05,7.996609497e-05,5.444916772e-05,9.932334506e-06,1.087944854e-05,5.73300127e-06,1.043096281e-05,7.363575675e-06,4.933533554e-05,7.738298321e-05,8.859797744e-05,0.0001866022307,0.0003169534742,0.0006379619972,0.0008342341559,0.002050064433,0.009913428469,0.00661786799,0.007473924087,0.005947264807,0.004215543644,0.001573850748,0.002805854337,0.00215999465,0.001717727125,0.01251705196,0.006436736491,0,0.005642930161,0.01126677706,0.002610683325,0.0008104957581,0.0004759309007,0.0006365264385,7.387376734e-05,5.020285825e-05,1.732141382e-05,1.513140396e-05,1.260178624e-05,1.0442621e-05,1.740654659e-05,2.83368374e-05,1.375640691e-05,1.268914547e-05,6.818613558e-05,4.737416041e-05,8.53502257e-05,8.441365935e-05,8.071344104e-05,0.0002294771569,0.0009093635843,0.0006575510546,0.0006776301143,0.000255745431,3.391510187e-05,7.133427778e-05,1.670629845e-05,7.477276171e-06,1.402364569e-05,3.943803231e-06,1.69737233e-06,2.703887973e-06,6.732985464e-06,6.102863015e-06,8.74737184e-06,4.597235506e-06,7.072177782e-06,1.296289186e-05,1.263840726e-05,3.535948276e-06,3.723577172e-06,6.057872902e-05,4.073198464e-06,4.251952986e-06,5.193454602e-06,4.035028097e-06,6.718541686e-06,1.147020969e-05,1.286542708e-05,1.622825495e-05,1.009948777e-05,2.263864577e-06,1.917583555e-06,2.512476078e-05,5.28233696e-05,0.0001094560484,0.0001070077146,6.903092461e-05,3.604485506e-05,1.069149959e-05,1.332493951e-05,1.150102871e-05,6.805056379e-06,2.375586222e-05,4.765333543e-06,2.040693806e-06,8.992260039e-07,7.401285659e-07,9.511496622e-07,2.405790783e-06,2.40854064e-06,6.793854485e-07,6.447721641e-07,6.467926613e-07,1.952308196e-06,3.1893459e-06,3.951975429e-06,1.87769169e-06,3.162134359e-06,9.136080064e-06,3.215181953e-06,4.141362899e-06,1.192884903e-06,8.521124445e-06,2.913095604e-05,2.6153749e-05,2.390762621e-05,2.035702993e-05,2.634183903e-05,9.021940321e-06,6.729264657e-06,3.452262416e-06,1.096741836e-06,2.780813865e-06,1.797366688e-06,7.887913821e-06,7.831320264e-06,5.605131224e-06,2.81777986e-05,1.832916631e-05,2.549898096e-05,3.355538271e-05,0.0002248145855,3.662469827e-05,7.681789395e-05,0.0005874983275,2.195897073e-05,2.489867445e-05,0.000201653033,3.765201778e-05,1.243829136e-05,6.057473624e-05,6.813874022e-06,7.021905973e-06,5.612674921e-06
A:53,0.002890115193,0.004697808206,0.009686275623,0.01120548934,0.006380585829,0.009380838975,0.003987701153,0.001134802797,0.001236492075,1.324876684e-05,5.17686022e-05,2.867248703e-05,3.304821882e-05,1.445321153e-05,2.575663856e-05,0.0002639482764,0.0001002514522,3.925729218e-05,0.0001022766664,0.000139392316,2.652113103e-05,1.487687085e-05,7.407527851e-05,0.00125167445,0.0001165372453,7.940363988e-05,0.0001183263669,2.507007046e-05,1.698112185e-05,1.179278977e-05,3.46960852e-05,3.091592196e-05,0.0001161202842,0.000155800254,0.0001343995411,0.000617592307,0.0007040908848,0.002607629466,0.003312158632,0.005763302385,0.007257999634,0.005627417895,0.006085734465,0.006803408795,0.002188611728,0.0005782377649,0.001280804689,0.001257618094,0.001613467066,0.003482880983,0.01226677276,0.005642930161,0,0.008365404314,0.01317949267,0.006908309328,0.0008702489613,0.001588765885,0.0001486461926,4.205401297e-05,1.917549056e-05,1.606515458e-05,2.503178547e-05,2.398009467e-05,2.96084942e-05,6.659096568e-05,2.814354908e-05,1.531225356e-05,0.0001016522481,0.0001298638281,0.000112155545,7.042102178e-05,0.0001093732868,0.000367401731,0.0008892957379,0.002395798621,0.0008028813899,0.0004460650439,0.0001844983379,6.23757274e-05,2.006585074e-05,7.057369002e-06,4.308713635e-06,1.620926986e-06,9.328396257e-07,6.739253935e-07,3.819615547e-06,5.549360911e-06,1.526597628e-05,3.750423737e-06,8.791858697e-06,3.282204744e-05,1.03382779e-05,3.894799789e-06,3.588413177e-06,0.0001750916396,5.213826462e-06,6.558520586e-06,6.201083401e-06,9.955772319e-06,7.661159071e-06,2.607424464e-05,1.791521488e-05,1.929812818e-05,3.060401616e-05,4.849268035e-06,6.180594694e-06,0.000121925044,0.0001919152679,0.0002922387261,0.0002979656499,5.627350971e-05,5.542990337e-05,1.389936568e-05,7.626369741e-06,3.426415459e-06,2.893910285e-06,1.250217642e-05,9.145908078e-06,1.513818279e-06,1.275502147e-06,5.527343337e-07,5.577838979e-07,1.402479752e-06,6.217576432e-07,9.892948206e-07,8.562917646e-07,1.32595648e-06,3.569927357e-06,3.146742394e-06,6.705635682e-06,3.877692908e-06,7.265586848e-06,1.788689731e-05,9.306020392e-06,1.254299669e-05,3.13987551e-06,2.382478645e-05,8.697903703e-05,7.28066706e-05,3.740659471e-05,3.162927364e-05,2.101076744e-05,1.285611925e-05,1.117138398e-05,1.021686364e-05,8.465952542e-06,1.594615979e-05,1.329182558e-05,3.055213781e-05,2.682334437e-05,1.21110511e-05,2.94027539e-05,4.240516551e-05,6.561407855e-05,5.576308856e-05,0.0001471065647,5.38858213e-05,0.0001466070059,0.001315722528,8.875148261e-05,0.0001175129155,0.0005517066055,3.07934286e-05,8.938639647e-05,0.0002944296261,1.279030545e-05,4.198862716e-05,2.676118677e-05
A:54,0.001026193122,0.002171280895,0.008175241692,0.008738103123,0.00708908447,0.008265066272,0.006222177856,0.002374650176,0.0026315877,4.254561758e-05,0.0001263860186,0.000153379598,0.0001486409841,3.637197086e-05,8.184909111e-05,0.000366439813,0.0001745761699,0.0001252636751,0.0004189592713,0.0005469395953,8.45806105e-05,4.35229739e-05,0.0001699400462,0.003792665892,0.0001754031304,0.0001666370279,0.0001715601112,5.326646885e-05,3.15618434e-05,3.07472181e-05,9.250381974e-05,6.996118828e-05,0.0001710239772,0.000219218717,0.0002933854841,0.0006292564718,0.001037766852,0.002538581552,0.005808534366,0.006167303628,0.006162837222,0.007753908107,0.004413184847,0.002255504714,0.001457296718,0.0004880074295,0.001227752898,0.001280221168,0.0008606699724,0.002037663357,0.006994413483,0.01126677706,0.008365404314,0,0.007687455608,0.01125719863,0.002899647956,0.001343174226,0.0003324457447,0.0001721721562,3.400388579e-05,3.888553292e-05,4.357917791e-05,5.394950669e-05,5.63772644e-05,6.883397193e-05,2.29003407e-05,2.30463586e-05,0.0001222357214,0.0001490548159,0.000155838894,0.0001097127555,0.000150488922,0.0003498895716,0.001280310362,0.002350321973,0.0005004029294,0.0008089581359,0.0001295481371,0.0001590012536,3.797653967e-05,2.342119894e-05,1.894544183e-05,4.424765409e-06,4.048903788e-06,3.901403649e-06,1.805021153e-05,2.13134759e-05,3.378702867e-05,1.368050084e-05,2.899874738e-05,6.725407151e-05,3.365518702e-05,1.11950986e-05,1.045602337e-05,0.0003398365557,1.151342654e-05,1.136668493e-05,9.913330127e-06,1.951231541e-05,1.675291924e-05,3.788294808e-05,2.319361535e-05,2.526566769e-05,3.713999094e-05,7.691697426e-06,7.766508986e-06,0.0001223666687,0.0001667291096,0.0003171368967,0.0003966332869,0.0001244162039,9.680584573e-05,2.24612217e-05,1.958127575e-05,1.237998582e-05,9.613683951e-06,3.344359084e-05,1.891329534e-05,3.638154582e-06,3.524052724e-06,2.181806107e-06,2.273102698e-06,7.078598587e-06,4.223826493e-06,2.47577835e-06,2.250056834e-06,2.419822479e-06,7.488036895e-06,6.639679179e-06,1.245888772e-05,6.953349614e-06,1.293479393e-05,3.277488982e-05,1.777238591e-05,2.148545151e-05,6.36968003e-06,4.324527264e-05,0.0001303880635,0.0001280638949,7.281515343e-05,3.95868582e-05,4.787310077e-05,1.873882739e-05,1.668564086e-05,4.891623251e-05,1.627432777e-05,2.06363935e-05,2.272446994e-05,3.765555747e-05,4.405083583e-05,1.899704969e-05,3.12061047e-05,7.184408436e-05,4.853148237e-05,9.061650429e-05,6.567943802e-05,3.547102778e-05,0.0001863621287,0.0009598562977,5.417648847e-05,0.0001197900869,0.0005542713228,2.947908244e-05,6.943887304e-05,0.0002806825303,1.345828301e-05,4.131806479e-05,2.752780406e-05
A:55,0.0008152812429,0.001676612516,0.003890324442,0.005782154371,0.007753955326,0.007472552169,0.00765204249,0.007365534513,0.003553391584,0.0001756568293,0.000240906785,0.0001814525289,0.0001042556411,5.233041785e-05,0.0001064754414,0.0006386923807,0.0003438018084,0.0001227515432,9.774170837e-05,0.0004980779449,0.0001566191947,4.642046958e-05,0.0002109547164,0.001824991324,0.0001719256462,0.0001247529992,0.0002747994584,5.407093491e-05,3.986113138e-05,1.390676924e-05,0.0001252272587,0.0002266364375,0.0006067476322,0.0008548166802,0.0005175172736,0.002665124148,0.003740027999,0.008571955858,0.01094594015,0.006100206949,0.007727702469,0.006465620526,0.000968237431,0.001141597142,0.0002347592859,0.0002944955512,0.000503739397,0.0005412266699,0.0005524143231,0.0005142306804,0.0003617503691,0.002610683325,0.01317949267,0.007687455608,0,0.02017119061,0.01121968753,0.006584948306,0.0002904659473,0.0003061938678,6.681064525e-05,1.808852617e-05,5.68796773e-05,9.329299196e-05,9.652135813e-05,0.0001277450382,4.50963245e-05,3.826174839e-05,0.0001477379825,0.000414087285,0.0002917034904,0.0002799106724,0.0002623882959,0.0007520037248,0.006402415797,0.004120534282,0.002564719,0.002410138866,0.001747541487,0.0006906515779,0.0001436196267,0.0001068518781,2.870900898e-05,1.08456818e-05,6.350486625e-06,1.327411506e-05,4.498904511e-05,6.353184159e-05,7.362384604e-05,4.889696203e-05,8.041226007e-05,0.0001329441955,8.567257344e-05,3.478344884e-05,3.663271539e-05,0.000733662923,2.401111857e-05,9.009358648e-06,1.135072821e-05,4.890896575e-05,5.257088494e-05,6.922969134e-05,5.022688401e-05,3.578031804e-05,0.0001079266547,2.463110975e-05,2.940217179e-05,0.0003283975418,0.0009068484478,0.00123060719,0.0008404711249,0.0003723372838,0.0001176234068,0.0001239988575,2.134955639e-05,2.293909712e-05,1.724936663e-05,3.829911766e-05,9.524878921e-06,1.714742066e-06,4.230607433e-06,4.445486323e-06,3.28925521e-06,1.849572403e-05,1.670618999e-05,2.670556893e-06,4.854044056e-06,5.863435204e-06,1.598043146e-05,1.529395094e-05,2.658529106e-05,1.500437086e-05,3.359181272e-05,6.306763573e-05,7.98697468e-05,6.493474717e-05,2.179583539e-05,0.0001247307083,0.000662506326,0.0002451397508,0.0001506326964,8.991054448e-05,2.403193315e-05,3.108049414e-05,2.27254855e-05,6.707474513e-05,1.634400258e-05,3.303502817e-05,2.036552546e-05,3.313019667e-05,6.978679686e-05,5.040621377e-05,5.637489135e-05,0.0001186480423,8.185116889e-05,6.728449547e-05,0.0001067314189,0.0003528303625,0.0004163995209,0.0008408223946,0.0003612127473,0.0002741531987,0.0006866454814,0.0002027524505,0.0002597321752,0.000664203783,5.044938132e-05,0.0001546093629,5.991489554e-05
A:56,0.0002881641677,0.0003781483188,0.0009086985844,0.001923210337,0.008202846474,0.006194089124,0.007164541267,0.007652996675,0.007698371483,0.0001438265707,0.0006082407923,0.0004242800906,0.0004230431123,9.449963692e-05,0.0001693547521,0.002178754893,0.0002553162903,0.0001295875345,0.000131591624,0.0001915464175,0.0001408137291,5.767354154e-05,0.0002498874851,0.0007024947295,0.0001946998263,0.0001663255674,0.000220438414,4.097666669e-05,3.728357919e-05,5.208784499e-05,0.0002148021876,9.722076038e-05,0.0007291038735,0.0006695214335,0.0007187829785,0.001802910479,0.006869525714,0.007055975895,0.00729354559,0.006509533994,0.007949433348,0.001367528453,0.001668999396,0.000627576694,0.0003063321681,0.0002084555742,0.0002853067634,0.0002879618851,0.0003042641541,0.0006532539026,0.001817110689,0.0008104957581,0.006908309328,0.01125719863,0.02017119061,0,0.005260973773,0.00696382123,0.002813646766,0.0002335351793,0.0001596141655,1.861908638e-05,2.344901333e-05,9.260331857e-05,4.101879777e-05,0.0001135732925,4.42169923e-05,7.562851576e-05,6.974237992e-05,0.0001595477485,0.0002058941864,0.0002485374054,0.0001923234608,0.0002833253036,0.004144735965,0.00126828107,0.003143952867,0.002035949019,0.001616495679,0.0008950564972,0.0001806073487,0.0001947037878,4.127307434e-05,1.692675313e-05,8.452505131e-06,2.679368499e-05,8.081912823e-05,0.0001044323529,0.0001835445378,0.0001140606329,0.0001388861094,0.0002823996807,0.0001716148937,4.35897875e-05,4.733553838e-05,0.001089874862,3.778710329e-05,1.203457512e-05,1.201995671e-05,7.244036893e-05,4.450623772e-05,4.27883459e-05,2.8486596e-05,2.551860011e-05,6.232311018e-05,1.493211342e-05,1.634278974e-05,0.0001449592865,0.0002875849434,0.0007433600033,0.000633233407,0.0003164002304,9.933203718e-05,7.512074403e-05,3.258365315e-05,3.161324552e-05,2.343553713e-05,5.460845435e-05,1.271938723e-05,2.976472908e-06,6.625573201e-06,8.116703217e-06,6.454864739e-06,3.301687191e-05,3.130671378e-05,5.359545263e-06,6.780561434e-06,6.330974168e-06,1.900011713e-05,1.524041065e-05,2.63594994e-05,1.269988477e-05,2.815850359e-05,5.507119962e-05,5.696254925e-05,5.356198871e-05,1.640744313e-05,9.764761856e-05,0.0004494289594,0.000200359477,0.0001471808709,6.156629787e-05,4.264096064e-05,2.805279335e-05,2.15291828e-05,8.093661336e-05,1.583317485e-05,3.619438632e-05,2.378024083e-05,4.478080332e-05,8.978009119e-05,2.626147116e-05,6.14114913e-05,7.657800438e-05,3.252259797e-05,5.122240194e-05,8.70827401e-05,0.0002361872678,0.0004282382128,0.0004106537457,0.0001530613927,0.0001364806079,0.0002631615413,8.578033975e-05,0.0001049965458,0.000309612629,2.632327319e-05,7.382484611e-05,3.114545135e-05
A:57,0.0001627800273,0.0002371464779,0.000366882292,0.001276273893,0.001807123991,0.005362583879,0.006966048026,0.004692470546,0.007288324118,0.003254203628,0.0003729623453,0.000782976109,0.0003834833374,0.0002549042148,0.001022629787,0.006877531664,0.007004158532,0.002327312489,0.002970093559,0.009261487463,0.002207809775,0.0001258576859,0.0003084937427,0.0004254591633,0.0003286585339,0.0003090247289,0.0003216504881,0.0003819994667,0.0006110109857,0.0001885517741,0.0002492145918,0.0005543680275,0.000902930684,0.0009608435267,0.0007772804635,0.001773689,0.00565182807,0.006113472836,0.005840754596,0.003056094366,0.0009597699388,0.001358863352,0.0003616491302,0.0003085626153,0.0001152645057,9.8521295e-05,0.0001025288987,0.0001339293145,0.0001408551518,0.0001588911775,0.0003319815549,0.0004759309007,0.0008702489613,0.002899647956,0.01121968753,0.005260973773,0,0.01384953854,0.008735672882,0.001230537678,0.0001884304535,0.0001998408686,1.98965994e-05,1.583452323e-05,1.481752009e-05,0.0001057281397,2.799901911e-05,1.401044265e-05,3.435658594e-05,8.705843081e-05,4.106846854e-05,6.910182377e-05,3.34614152e-05,0.0003109987404,0.00130289042,0.001186942985,0.001203193887,0.001630652985,0.001814891267,0.001104482017,0.001984068497,0.0006787143477,0.0001544286406,7.837583019e-05,2.387546081e-05,6.210907036e-05,0.0001198379696,0.0001611913526,0.0003112068163,0.0003382409833,9.864291538e-05,0.0001414395248,0.0007627316616,4.355075772e-05,5.599280663e-05,0.0002839192179,4.436370004e-05,4.886656942e-06,5.323737711e-06,1.189171586e-05,2.696103794e-05,1.103387348e-05,1.012561988e-05,8.02158259e-06,3.063608755e-05,1.901276207e-05,1.861950352e-05,0.0001143373056,0.0004156576732,0.0003602513498,0.001141780832,0.0005056277938,0.0003432054813,0.0003458940822,0.0001090817318,0.0001930049101,0.0001191238123,0.0002499097043,7.831500028e-05,9.181129278e-06,2.245128235e-05,2.236815245e-05,1.325608349e-05,8.278633721e-05,9.118996557e-05,1.153713034e-05,1.025306229e-05,1.100129867e-05,1.290791674e-05,2.47628414e-05,8.315517968e-06,6.527302329e-06,1.670815798e-05,1.550948324e-05,5.432575248e-05,3.298319581e-05,1.055784266e-05,5.847039501e-05,0.0003777041985,0.000158213003,9.041879927e-05,0.0001157686936,0.0003111991073,0.0003548049965,0.000134288374,0.0008746089952,0.0001536793909,3.225175597e-05,9.141560276e-05,5.553270342e-05,0.0002792866678,0.0006615185197,6.588840571e-05,7.475901401e-05,0.0001756138402,3.279697874e-05,3.769202217e-05,7.606839222e-05,0.000316316004,0.0001495057989,0.0001166800687,0.0001531722148,0.0002324146442,0.0001124472265,5.113865582e-05,0.0002506372391,2.349102895e-05,5.35606652e-05,1.745131298e-05
A:58,0.0002576485403,0.0003401242706,0.0005460357072,0.0007640650014,0.0005961186225,0.002961094135,0.006828959121,0.007603073286,0.009531274819,0.002000381634,0.002386449014,0.003719948872,0.001699995325,0.0004690185583,0.0006780096032,0.008756633561,0.002490318847,0.0001883962813,0.0004226382365,0.002254306974,0.0007335337081,6.714074888e-05,0.0002083362192,0.00108891415,0.0002441185581,0.0002495462638,6.730886838e-05,6.542506929e-05,0.0001469552218,2.881971544e-05,0.000597138296,0.0001647537644,0.002294213713,0.001809207607,0.001774072834,0.005400557271,0.0109311779,0.008840766168,0.01138336671,0.002649348189,0.003819047261,0.003128331144,0.001052437167,0.0007751276542,0.0002678508738,0.0001372601015,0.0001113741122,0.0001581815465,0.0002003564122,0.0003243472022,0.0001520225592,0.0006365264385,0.001588765885,0.001343174226,0.006584948306,0.00696382123,0.01384953854,0,0.01192512431,0.009154314436,0.00235704249,0.0006105369999,0.0005472425743,0.0002076840087,0.0003541431176,0.0003091757261,0.0001257620071,0.0002636245097,0.0001592569225,0.0002672504789,5.165638152e-05,6.449094484e-05,3.265198442e-05,0.0006445163956,0.001670689154,0.001509796857,0.0004862800322,0.002284093153,0.001664826686,0.002878746307,0.00101645565,0.001005828062,0.0001559278396,7.193382645e-05,5.013828415e-05,0.000152115347,0.0003526192186,0.000428244406,0.0007704621693,0.0006869981164,0.0004794396831,0.0008016436095,0.0007663131999,0.000134037604,0.0001511964797,0.001012144043,8.304209355e-05,1.472464465e-05,2.037916845e-05,5.042056071e-05,4.60320979e-05,1.641139245e-05,1.531613211e-05,1.003817886e-05,5.053398357e-05,4.165524131e-05,3.964209095e-05,0.0002219071036,0.0009001675255,0.0006813736594,0.001695877154,0.0006345510755,0.0004837470686,0.0007871198516,0.0001261069813,0.0001054041096,5.008569377e-05,0.0001727110564,3.381041551e-05,1.680493117e-05,2.871645611e-05,4.706546408e-05,3.853698202e-05,0.0001606813831,0.000154094421,2.623945021e-05,2.182553859e-05,1.9195416e-05,3.003716853e-05,4.871787838e-05,3.614059629e-05,1.942670989e-05,4.549499334e-05,7.280167713e-05,0.0001399008549,8.229089811e-05,3.1223155e-05,0.0001883728644,0.0008069624354,0.0005365669892,0.0004122678658,0.0003667379178,0.0001993231427,8.719397676e-05,2.840958746e-05,3.631384342e-05,1.265575475e-05,6.549623488e-05,2.59644279e-05,0.0001001832426,0.0001715216832,8.694623218e-05,3.487865451e-05,0.0001429204979,0.0002857191694,9.830299149e-05,3.024921204e-05,0.0002001754396,0.0003293820855,0.0002273919231,0.0002557719394,0.0002542985947,0.0003262328417,0.000269483233,0.0001151190417,0.0004000889828,4.858029845e-05,9.944823404e-05,2.917144972e-05
A:59,3.973048724e-05,4.883156692e-05,6.14711473e-05,0.0001898823163,0.0003473887159,0.0009805777187,0.001178998775,0.001279620828,0.0007073127853,0.0006895494753,0.003726475147,0.01124143528,0.003879362484,0.0004322273024,0.0006166583411,0.000985323765,0.0003856963563,0.0001680696354,0.0001321658917,0.0004887618053,0.0001602337884,3.793708982e-05,9.322769334e-05,0.0002089897777,4.699960683e-05,4.712759157e-05,6.667680562e-05,8.198232849e-05,0.000169740497,0.000360610004,0.00163640982,0.0007359942842,0.008119901239,0.0133218134,0.01063490491,0.008598117677,0.01583976129,0.008515780629,0.001110493835,0.002378318321,0.0005352814928,0.0006473926566,0.0002511413639,0.0001522829256,5.640671483e-05,2.840370422e-05,1.780044888e-05,2.804444438e-05,3.25348769e-05,7.265517651e-05,3.626729338e-05,7.387376734e-05,0.0001486461926,0.0003324457447,0.0002904659473,0.002813646766,0.008735672882,0.01192512431,0,0.01427442691,0.01140731421,0.005044446848,0.0008821421878,0.001920479436,0.0004596287954,0.0006071178987,0.0008732512954,0.0005916108976,8.146722732e-05,0.0001690153515,6.305666573e-05,6.244331857e-05,5.444095449e-05,6.390050516e-05,0.0004287396448,0.0003393146104,0.0001491661821,0.0002861200926,0.0002121363354,0.0003188137383,0.000276255984,0.000372439474,0.0002566063605,7.373029296e-05,5.948468088e-05,0.0001015552524,0.0002353649045,0.0002066722852,0.0004477659002,0.000385922559,0.0002652747276,0.000540198156,0.0003354935607,0.0001196226563,9.792590622e-05,8.722616782e-05,3.261196833e-05,3.211791022e-05,9.108716156e-06,2.589878159e-05,7.031526145e-06,1.394846838e-05,1.031378057e-05,1.245589884e-05,1.265778221e-05,4.174043262e-06,2.155712502e-06,1.491459799e-05,9.682700955e-05,8.13407184e-05,0.0001986977884,6.896959657e-05,8.114322499e-05,0.0001532684337,8.20398804e-05,0.0001604223467,7.902909133e-05,0.0001955106137,2.4740232e-05,1.437713221e-05,1.88501948e-05,3.524908705e-05,4.25168593e-05,0.0001503871627,0.0001223484146,2.649610922e-05,1.426093273e-05,1.163517506e-05,1.056523074e-05,9.354835362e-06,3.682990301e-06,4.618604251e-06,7.741165924e-06,8.463868415e-06,1.209704233e-05,9.018673275e-06,3.689321698e-06,2.093244082e-05,7.208268349e-05,5.644623297e-05,8.661140926e-05,8.542328481e-05,0.0001466891201,6.289572884e-05,1.317987461e-05,7.063583227e-05,1.419668138e-05,2.051737538e-05,1.353628868e-05,3.75071122e-05,7.284423769e-05,4.605241518e-05,3.27470967e-05,1.990353529e-05,3.454783196e-05,1.063655333e-05,5.853905319e-06,1.948801622e-05,3.70455678e-05,2.507893774e-05,2.274161271e-05,2.189351907e-05,4.570183505e-05,2.073809355e-05,9.437930677e-06,3.837086098e-05,3.455797772e-06,7.78347193e-06,2.428112441e-06
A:60,2.424795986e-05,3.542557253e-05,5.304359558e-05,5.150269904e-05,2.906464804e-05,0.0001935208123,0.0002824987087,0.0008127431862,0.00101440771,0.002272363648,0.008618255469,0.0238423525,0.01085548337,0.001639853673,0.001645372629,0.0008973970347,0.0006081125255,0.0002086387662,0.0004886011229,0.0001912061849,4.546802826e-05,2.283923707e-05,3.303886856e-05,0.0001688544433,8.007596421e-05,0.0001027606258,9.426492669e-05,4.069526445e-05,0.0001190265481,0.0001689180377,0.0007271475586,0.0004255063183,0.004114722367,0.004844612918,0.003095181973,0.003045902037,0.002619561967,0.0007550672003,0.001270988195,0.0005822721784,0.0003504951635,0.0003507514844,9.85560136e-05,6.293938776e-05,1.921657704e-05,1.191211158e-05,5.213993632e-06,8.572895217e-06,1.177004605e-05,2.769203035e-05,9.354576365e-06,5.020285825e-05,4.205401297e-05,0.0001721721562,0.0003061938678,0.0002335351793,0.001230537678,0.009154314436,0.01427442691,0,0.0305945594,0.01399022225,0.01189524313,0.003726277279,0.004215671558,0.00453330973,0.001299418847,0.002155992451,0.0007190583978,0.0006793968506,0.000235897043,0.0001705117541,0.0004858860131,0.0005914203447,6.526801686e-05,6.2933385e-05,3.387557999e-05,0.0002060988764,0.0002262504375,0.001022289875,0.0004093864828,0.0002731988195,0.00027440992,7.65441784e-05,5.078419553e-05,0.0001105424301,0.0001726519269,0.000184915042,0.000296387725,0.0001402095003,0.0002039863896,0.0002707717821,0.0006059357149,0.000258839909,0.0001700266207,0.0007088690885,0.0001784565038,8.745106111e-05,3.377072932e-05,4.016621912e-05,3.118550865e-05,6.261291275e-05,6.558503392e-05,0.0001091792006,6.345391551e-05,5.909419895e-05,1.519160302e-05,1.814160766e-05,6.535368249e-05,8.467914195e-05,0.0001829157123,9.760200395e-05,0.0001524548083,0.0001844777947,0.0001053170234,0.0001793828519,8.342129667e-05,0.0001353873135,1.889390476e-05,2.218808306e-05,3.466575968e-05,6.09364906e-05,6.072750378e-05,0.0001425997209,5.496890549e-05,4.211810071e-05,1.4857032e-05,1.887526799e-05,6.819631453e-06,1.168067649e-05,1.231873306e-05,1.221216239e-05,1.461162945e-05,1.97372211e-05,2.981796126e-05,2.106401784e-05,1.270903036e-05,5.286432818e-05,0.0001459711906,0.0002034377056,0.0001839526478,0.000145240033,0.0001315495064,5.344115247e-05,2.585429483e-05,8.756853364e-05,1.784433163e-05,5.151863499e-05,5.621785458e-05,0.0001119386671,0.0001281337505,3.208614088e-05,8.149606636e-05,7.912188136e-05,1.955962149e-05,5.601194223e-06,1.038415095e-05,2.408621979e-05,3.82297101e-05,3.134871561e-05,3.35686381e-05,3.331170083e-05,2.568584185e-05,3.069752912e-05,1.466416314e-05,2.5039123e-05,7.111447739e-06,9.264697628e-06,3.215724633e-06
A:61,8.856238844e-06,1.507366569e-05,1.989357192e-05,3.094285341e-05,7.004890494e-05,4.828464655e-05,9.090149288e-05,0.0001088901274,0.0002153116365,0.0005028074078,0.001190944824,0.004985456745,0.002804501252,0.0004545451464,0.0004577277719,0.0001499045625,0.0001105858197,2.452715896e-05,3.652521764e-05,2.021154397e-05,1.31447235e-05,5.549234583e-06,7.022229234e-06,2.555496247e-05,8.051261592e-06,1.056506475e-05,1.0436432e-05,8.794434466e-06,1.731405157e-05,3.378604828e-05,0.0001043705374,4.910490496e-05,0.0006577089864,0.0005730801738,0.0006361088117,0.0004741433134,0.0007086744966,0.00123664852,0.0002519140934,0.000290408582,9.434877798e-05,6.68851405e-05,2.732721566e-05,1.620483476e-05,5.100297401e-06,3.331712455e-06,1.17002858e-06,2.1475292e-06,3.013968614e-06,9.548444123e-06,5.001660309e-06,1.732141382e-05,1.917549056e-05,3.400388579e-05,6.681064525e-05,0.0001596141655,0.0001884304535,0.00235704249,0.01140731421,0.0305945594,0,0.02001932669,0.01724522139,0.02418266382,0.01344663675,0.00840533736,0.009642782538,0.01126421754,0.002453376756,0.00157714692,0.0007243900927,0.00137154876,0.0006285364445,0.0007724986418,0.0002437232582,0.0001276939165,2.276045696e-05,3.314811603e-05,3.026425194e-05,0.0001911141122,0.000148124264,0.0001244208765,0.0001202358933,3.203280031e-05,1.87362239e-05,4.151090898e-05,5.95130595e-05,4.676604913e-05,8.899308587e-05,7.923298768e-05,6.964627462e-05,6.586220109e-05,0.0001494425643,5.077451441e-05,4.759502614e-05,7.643102234e-05,3.696658216e-05,3.803863294e-05,2.76228584e-05,9.656066823e-05,4.640139157e-05,3.713521743e-05,0.0002655045605,8.230940405e-05,1.539571012e-05,1.288858565e-05,1.628280601e-05,2.387638594e-05,2.461121161e-05,2.155727391e-05,2.461118658e-05,1.484128188e-05,2.943744566e-05,5.018201806e-05,3.806969298e-05,7.613092176e-05,3.373049725e-05,4.435256157e-05,5.233577755e-06,4.587014347e-06,4.166860271e-06,7.296962026e-06,1.123010836e-05,3.142674098e-05,2.387333894e-05,6.405469035e-06,2.496898094e-06,1.794484859e-06,1.546891754e-06,2.33513122e-06,1.450115164e-06,1.197352891e-06,1.563003618e-06,2.742985666e-06,3.716314662e-06,1.822526536e-06,1.549664804e-06,5.892930299e-06,2.194902947e-05,2.639167436e-05,3.148266947e-05,3.145132758e-05,3.489797982e-05,1.835605792e-05,6.118791164e-06,1.700735169e-05,5.020569098e-06,6.215536618e-06,8.257759193e-06,1.645067084e-05,2.168928421e-05,2.649140275e-06,6.845341628e-06,9.106326531e-06,2.592425442e-06,1.083561363e-06,1.954780872e-06,4.430062337e-06,4.21915331e-06,8.153052332e-06,8.536765871e-06,6.587483487e-06,9.934899367e-06,7.331964088e-06,3.860966434e-06,7.723781064e-06,1.667560355e-06,2.716057029e-06,1.200073548e-06
A:62,7.429550327e-06,1.288330011e-05,2.711533875e-05,5.626137476e-05,9.626149348e-05,5.236670009e-05,2.145321985e-05,6.606402892e-05,7.437239178e-05,0.0001953778414,0.000528451062,0.002199839764,0.0007873214727,0.0001069759335,0.0001292073054,6.538229896e-05,3.327031106e-05,1.92695752e-05,3.765903513e-05,1.437359525e-05,3.513565118e-06,1.560233166e-06,1.587104228e-06,8.724668353e-06,2.7634214e-06,4.053761429e-06,4.019533447e-06,3.536725083e-06,1.044240801e-05,1.209466255e-05,6.089112569e-05,5.200615745e-05,0.0005400404002,0.0007589693383,0.0005317817104,0.0004744555877,0.0006108240189,0.0001909073358,0.00013298608,6.388014191e-05,2.691645541e-05,3.499844961e-05,1.343663672e-05,8.554467743e-06,2.585878909e-06,1.711168088e-06,5.385692566e-07,1.06032681e-06,1.400043503e-06,6.144903017e-06,3.706503994e-06,1.513140396e-05,1.606515458e-05,3.888553292e-05,1.808852617e-05,1.861908638e-05,0.0001998408686,0.0006105369999,0.005044446848,0.01399022225,0.02001932669,0,0.02343546616,0.01818858184,0.01230568975,0.01594762318,0.01212882688,0.009007836719,0.004037477713,0.002195344012,0.003323016502,0.0007634288864,0.0016223064,0.001045959066,0.0003352134962,0.00016394259,3.260175727e-05,2.625458716e-05,1.072572509e-05,6.090459274e-05,2.323275561e-05,1.172137816e-05,1.635349039e-05,4.600484872e-06,3.357733283e-06,5.40727378e-06,8.409214348e-06,5.581599965e-06,1.404036683e-05,7.762809955e-06,5.074452006e-06,1.636337288e-05,3.900544297e-05,4.285796505e-06,8.06651106e-06,3.600699869e-05,3.429120672e-05,7.353511484e-05,2.87130926e-05,7.966329079e-05,2.907501499e-05,8.499475311e-05,0.0002941029813,0.0003159775332,6.765028521e-05,6.770753542e-05,5.472690912e-05,4.89223957e-05,4.14037007e-05,2.169994556e-05,9.983054169e-06,4.575783051e-06,5.080223073e-06,8.526117782e-06,4.621891862e-06,1.044936582e-05,5.182904786e-06,5.988491707e-06,6.928271431e-07,1.045971505e-06,1.03722097e-06,1.891778505e-06,2.598971049e-06,5.96027245e-06,2.952217904e-06,1.527663437e-06,3.693334375e-07,3.550579963e-07,1.332165176e-07,2.937413637e-07,3.53304379e-07,2.98542923e-07,3.564453856e-07,5.27038546e-07,1.200831599e-06,6.218688166e-07,5.950508808e-07,1.863670519e-06,8.738872076e-06,7.157476633e-06,4.706626243e-06,4.367667888e-06,3.597198006e-06,2.665638642e-06,1.092813297e-06,7.919011464e-06,1.042774208e-06,1.832321742e-06,2.608459025e-06,4.113460399e-06,3.886729471e-06,2.310702012e-06,2.829797325e-06,3.275145191e-06,6.514284209e-07,7.339497906e-07,2.623761769e-06,3.772451482e-06,4.412569052e-06,1.128911931e-05,7.625097018e-06,8.232941537e-06,1.026877746e-05,6.776994394e-06,3.25494261e-06,9.858447301e-06,1.204417528e-06,2.60170872e-06,1.237801804e-06
A:63,4.36704999e-06,8.482836685e-06,2.327802411e-05,6.419222066e-05,0.0002066667393,0.0001177211897,4.969367707e-05,2.14631744e-05,3.480724557e-05,0.0001071502922,0.0003609630758,0.001674523575,0.0005446004148,0.0001176431669,6.926100772e-05,3.396266169e-05,1.315558371e-05,5.331400099e-06,7.499312101e-06,1.108237945e-06,9.233387086e-07,5.493920933e-07,2.630109504e-07,3.099182994e-06,5.797818231e-07,8.121329934e-07,6.991523716e-07,1.11361857e-06,2.175149043e-06,2.992430112e-06,8.949648073e-06,1.219444794e-05,9.439659703e-05,0.0001968357361,0.0001204375528,0.00010674838,0.0001363852769,0.0001335842467,2.65794755e-05,2.023034493e-05,2.117388782e-05,1.585358128e-05,8.315811566e-06,4.418098999e-06,1.254326956e-06,9.033359206e-07,2.117156854e-07,4.455726418e-07,6.043615261e-07,3.46828923e-06,3.580360485e-06,1.260178624e-05,2.503178547e-05,4.357917791e-05,5.68796773e-05,2.344901333e-05,1.98965994e-05,0.0005472425743,0.0008821421878,0.01189524313,0.01724522139,0.02343546616,0,0.02037083857,0.01293313298,0.0244393915,0.009501805633,0.01267027537,0.004123551978,0.006343279079,0.002154284796,0.001618545729,0.003933334604,0.00354191171,0.0007366485676,0.0003143682786,5.956185423e-05,6.881932794e-05,2.051292481e-05,2.416608733e-05,2.07243674e-05,1.543880724e-05,1.697390232e-05,3.580044714e-06,2.165232193e-06,4.498654271e-06,4.360922769e-06,3.060456845e-06,1.82900017e-05,6.636022321e-06,4.981550197e-06,8.767179179e-06,1.17525481e-05,3.337458007e-05,4.095831499e-05,1.708491679e-05,4.301422833e-05,7.61034782e-05,5.533437667e-05,9.305108909e-05,3.886185285e-05,0.0001995609232,0.0004253917441,0.0006284426965,0.0001787769951,0.0001120177354,6.765145814e-05,4.526937367e-05,5.87880569e-05,2.89885061e-05,2.576480089e-05,8.662061214e-06,4.916672172e-06,5.477845343e-06,3.08522476e-06,9.70623252e-06,4.84522082e-06,3.111179582e-06,3.704930644e-07,4.322311122e-07,2.988219778e-07,4.916817146e-07,8.862393015e-07,2.189392531e-06,1.793501774e-06,4.316627183e-07,1.117334233e-07,8.634635983e-08,5.101789668e-08,1.522333494e-07,2.227985827e-07,1.441291849e-07,1.93541461e-07,6.75575971e-07,6.88714681e-07,2.644290409e-07,3.292162123e-07,1.064745122e-06,7.445185311e-06,6.18086742e-06,3.758419214e-06,3.390694183e-06,2.050055161e-06,1.571168081e-06,5.411382078e-07,2.797922853e-06,5.146029847e-07,4.65324421e-07,6.874037909e-07,1.088620894e-06,1.658637249e-06,5.176509516e-07,1.395452936e-06,2.765848704e-06,1.179345689e-06,1.328527886e-06,2.50784766e-06,6.075936535e-06,9.994062487e-06,9.092913879e-06,5.76746229e-06,1.007112153e-05,1.07549542e-05,4.336107298e-06,2.30378929e-06,1.09289972e-05,7.627012168e-07,1.569422014e-06,8.40690835e-07
A:64,4.587626169e-06,8.865916494e-06,2.28322457e-05,7.71043767e-05,0.000265649084,0.000186393025,0.0001596372682,8.418344343e-05,4.30513616e-05,2.808508314e-05,7.616140084e-05,0.0009081900843,0.0002298284612,3.092726877e-05,2.372185662e-05,1.953456567e-05,5.592666274e-06,2.892490423e-06,3.523135636e-06,7.26367871e-07,2.901047036e-07,2.681062368e-07,3.08279541e-07,8.332683704e-06,5.783797505e-07,6.967173985e-07,3.301538596e-07,4.123062639e-07,1.292257678e-06,1.754824884e-06,8.741576861e-06,1.105438153e-05,0.0001195984399,0.0002095657682,0.000187683544,0.0001364541587,0.0001485351103,8.479314131e-05,6.541775419e-05,6.691273762e-05,4.180921609e-05,2.346126804e-05,8.72455253e-06,3.174935229e-06,1.007791018e-06,7.355785904e-07,2.049679995e-07,4.215505245e-07,4.535371721e-07,2.964288341e-06,2.747281513e-06,1.0442621e-05,2.398009467e-05,5.394950669e-05,9.329299196e-05,9.260331857e-05,1.583452323e-05,0.0002076840087,0.001920479436,0.003726277279,0.02418266382,0.01818858184,0.02037083857,0,0.01370632935,0.01741406859,0.01015390518,0.00774442801,0.009328226288,0.005987427835,0.002910217603,0.002126513069,0.005383419955,0.00493563284,0.001460725732,0.0004743976973,8.688001153e-05,9.873040667e-05,4.632033495e-05,4.322843312e-05,1.503117904e-05,3.043348312e-06,2.574230244e-06,5.019852821e-07,1.645464303e-07,2.570635835e-07,4.474958832e-07,5.065255414e-07,1.050691486e-06,1.312004006e-06,1.012227823e-05,2.664372823e-06,1.708857594e-05,4.977235484e-05,3.77551948e-05,3.265386616e-05,4.739340377e-05,0.0001174287772,4.804856951e-05,0.0002664831528,6.284469572e-05,0.00033202039,0.0005973791458,0.001502931922,0.0002593804335,0.0002449913119,0.0001275575277,8.601235946e-05,7.818192097e-05,2.900670632e-05,4.17263436e-05,1.314045645e-05,1.343671502e-05,7.831176134e-06,2.045880122e-06,2.147679485e-06,6.992627018e-07,4.535612429e-07,3.129679024e-08,4.683264987e-08,3.482419168e-08,5.398180595e-08,9.389922433e-08,1.592219585e-07,1.266162274e-07,3.86223427e-08,3.268375231e-08,5.102339138e-08,5.001598632e-08,2.341515862e-07,2.778546149e-07,1.447500586e-07,2.061261906e-07,1.091119836e-06,5.458311883e-07,2.459906612e-07,2.488430506e-07,9.533171809e-07,6.33227788e-06,6.83582296e-06,5.278339937e-06,4.602736571e-06,1.497540609e-06,7.050962444e-07,1.423531481e-07,8.160801807e-07,6.61874058e-08,7.668179518e-08,3.949179088e-07,4.528051221e-07,1.431464226e-06,4.896906606e-07,1.362936961e-06,3.750983009e-06,2.696663542e-06,3.947080215e-06,3.690615651e-06,1.004147247e-05,1.529915141e-05,1.016537658e-05,7.008476978e-06,1.24525607e-05,1.358654916e-05,5.27698027e-06,2.710673748e-06,1.401811297e-05,8.414820211e-07,2.424901685e-06,1.324250779e-06
A:65,9.101667822e-06,1.62914338e-05,3.157931696e-05,0.0001218514214,0.0002615728327,0.0001612619129,7.085005774e-05,5.381153072e-05,2.356412727e-05,5.355828638e-05,0.0001532524767,0.0007576098334,0.0002742617925,5.087897081e-05,3.974731067e-05,1.308498693e-05,1.09832838e-05,2.567220751e-06,3.442918421e-06,1.102336861e-06,8.304205774e-07,4.307247328e-07,8.776271773e-07,1.095109418e-05,9.719271992e-07,1.136920201e-06,4.167156668e-07,4.454653998e-07,9.517854583e-07,1.628583909e-06,4.602001718e-06,4.279031854e-06,3.766310046e-05,5.953925094e-05,3.251082643e-05,2.724662111e-05,4.512605024e-05,4.699577334e-05,3.92058095e-05,4.147349884e-05,5.352088975e-05,3.223394933e-05,1.64372501e-05,6.006131307e-06,2.193912435e-06,1.48656273e-06,4.906849965e-07,1.013321211e-06,9.247140731e-07,6.60792548e-06,5.493254639e-06,1.740654659e-05,2.96084942e-05,5.63772644e-05,9.652135813e-05,4.101879777e-05,1.481752009e-05,0.0003541431176,0.0004596287954,0.004215671558,0.01344663675,0.01230568975,0.01293313298,0.01370632935,0,0.01442897959,0.009122084391,0.007628669761,0.01741407347,0.01242634127,0.004339099934,0.001428830947,0.001298922747,0.004714012996,0.0005509345477,0.0005372324145,6.005756397e-05,7.197474315e-05,3.639684836e-05,3.972531476e-05,1.308312814e-05,4.79348792e-06,7.041149206e-06,1.621535678e-06,8.098676044e-07,1.275217469e-06,2.972679429e-06,2.002218839e-06,6.066635829e-06,4.216036939e-06,1.270141445e-05,3.171513544e-06,1.578800651e-05,1.414647228e-05,1.236947325e-05,1.103610026e-05,3.059888547e-05,3.528105709e-05,9.246158322e-05,0.0002180862278,4.189208041e-05,6.116899467e-05,0.001816145759,0.000307022091,9.812684103e-05,3.625227568e-05,4.835571975e-05,5.091098076e-05,6.846355526e-05,3.7261428e-05,5.851849513e-05,1.664250943e-05,1.62197808e-05,9.043400744e-06,2.614000719e-06,4.420098055e-06,1.713256159e-06,1.555846719e-06,1.178751476e-07,1.420743551e-07,1.355404671e-07,2.549571702e-07,4.593336333e-07,1.207995537e-06,9.514197538e-07,2.123706389e-07,1.171502876e-07,1.694773128e-07,1.213073564e-07,4.941531699e-07,6.425731208e-07,3.568284112e-07,5.205395707e-07,2.069541893e-06,1.238696063e-06,6.013692063e-07,4.968456008e-07,2.203119017e-06,1.174887208e-05,1.393916516e-05,1.045625091e-05,8.238490916e-06,2.917069828e-06,1.074224956e-06,1.574673005e-07,1.486945642e-06,1.531061538e-07,1.530379822e-07,6.015974586e-07,8.58552339e-07,2.813427062e-06,5.505663665e-07,2.356214246e-06,7.276075908e-06,2.620820356e-06,4.015283153e-06,5.845576659e-06,1.76032806e-05,1.781535736e-05,1.509111682e-05,1.138420641e-05,1.99838471e-05,2.130288869e-05,9.328428857e-06,4.353233234e-06,1.831496592e-05,1.102458437e-06,3.906603461e-06,1.845651002e-06
A:66,1.894218285e-05,3.87721485e-05,8.260149246e-05,0.0003137699017,0.0006782198688,0.0003046029907,0.0001711777206,0.0001812667084,0.0001359982047,0.0001074646739,7.490774899e-05,0.0005714829355,0.000123248475,3.864971021e-05,3.270493415e-05,7.440029582e-05,1.422656984e-05,4.686867575e-06,6.683423416e-06,5.477262801e-06,2.296792522e-06,1.459363199e-06,2.871192595e-06,1.340932921e-05,1.276926082e-06,1.341676668e-06,8.209888215e-07,8.787834314e-07,1.001355438e-06,7.020529986e-07,1.547569031e-06,4.166432807e-06,2.478231695e-05,8.197742582e-05,4.57595378e-05,3.19935764e-05,0.000118224923,0.0001511893935,0.00017155403,7.601696615e-05,4.725860867e-05,2.338394693e-05,1.569561262e-05,6.667919152e-06,2.936349822e-06,2.714970068e-06,8.244302921e-07,1.745913049e-06,1.884983119e-06,1.126569501e-05,1.422296458e-05,2.83368374e-05,6.659096568e-05,6.883397193e-05,0.0001277450382,0.0001135732925,0.0001057281397,0.0003091757261,0.0006071178987,0.00453330973,0.00840533736,0.01594762318,0.0244393915,0.01741406859,0.01442897959,0,0.01179984579,0.009017903981,0.01190425074,0.01295155093,0.0147831351,0.003517521449,0.006371555382,0.007960028578,0.004066334212,0.001528318877,0.0001910664018,0.0001221228267,4.184945236e-05,6.756412655e-05,4.010737375e-05,1.717242996e-05,9.636591435e-06,2.752861621e-06,1.3546656e-06,3.783206846e-06,6.27876786e-06,9.132027189e-06,9.0129858e-06,1.134207295e-05,2.568993381e-05,2.564025233e-05,4.760608484e-05,5.4951584e-05,4.673987333e-05,4.308983146e-05,5.63246991e-05,0.0002048493374,0.0001049439479,0.0003398671339,9.640350132e-05,0.0005946464813,0.0006159640634,0.002075202971,0.0004418628651,0.0003658660272,0.0003119537362,0.0002462903503,0.0002454585733,0.0001052540393,6.982677579e-05,1.243066879e-05,2.388049463e-05,1.124455212e-05,7.214891637e-06,6.758834111e-06,2.835312545e-06,3.165752499e-06,2.885106213e-07,2.699833477e-07,1.226630773e-07,2.011211025e-07,3.88316625e-07,1.35720721e-06,1.471583387e-06,3.112452219e-07,2.177580926e-07,1.469316151e-07,3.873396901e-07,7.056394712e-07,6.545078331e-07,3.188193095e-07,5.279126294e-07,2.5564008e-06,9.930379577e-07,6.833556407e-07,4.883173149e-07,2.117336006e-06,1.326224694e-05,1.040148208e-05,9.47268509e-06,7.174317858e-06,4.293883229e-06,2.195904585e-06,1.306359313e-06,1.988245047e-06,4.714062278e-07,5.729736976e-07,1.507887302e-06,1.831025734e-06,2.031860338e-06,1.020800351e-06,1.565011639e-06,8.651598471e-06,2.938705346e-06,9.961083486e-06,1.139902586e-05,2.930060096e-05,2.634859161e-05,3.600575955e-05,2.68868476e-05,3.528547001e-05,7.118750619e-05,2.432602516e-05,1.197364921e-05,5.969895521e-05,3.628392593e-06,1.14058515e-05,5.663798831e-06
A:67,1.310122601e-05,2.453778879e-05,3.595997546e-05,0.00016790713,0.0002713233135,9.26257749e-05,4.15157357e-05,8.341178064e-05,5.581515785e-05,3.932929578e-05,2.928938109e-05,0.0002962322317,9.83325011e-05,1.702061623e-05,2.140166941e-05,3.195263889e-05,6.639538345e-06,3.007106731e-06,4.357773562e-06,1.380876388e-06,1.113723671e-06,8.464667414e-07,1.952737712e-06,1.029539727e-05,1.282082474e-06,1.36912538e-06,9.613686175e-07,7.441527421e-07,1.175831301e-06,1.125297589e-06,4.384376878e-06,4.74113404e-06,5.066617411e-05,7.080555978e-05,5.950638693e-05,3.356326304e-05,6.999282667e-05,0.0001333610199,0.0001105777246,5.359953402e-05,2.408239888e-05,1.120429857e-05,8.644117158e-06,3.118573541e-06,1.870596913e-06,1.609561238e-06,7.889614908e-07,1.542419444e-06,1.329890106e-06,7.529121151e-06,9.171798625e-06,1.375640691e-05,2.814354908e-05,2.29003407e-05,4.50963245e-05,4.42169923e-05,2.799901911e-05,0.0001257620071,0.0008732512954,0.001299418847,0.009642782538,0.01212882688,0.009501805633,0.01015390518,0.009122084391,0.01179984579,0,0.008796396229,0.008848238765,0.0103850213,0.016895606,0.009041785079,0.005620900211,0.003419447801,0.001103048536,0.0007088125705,5.431282068e-05,2.700021012e-05,1.227269405e-05,3.125288868e-05,1.948509547e-05,1.047087617e-05,4.638117881e-06,1.345865221e-06,6.280296242e-07,2.222029503e-06,5.479930251e-06,9.843087065e-06,6.564040879e-06,8.46546564e-06,3.298602064e-05,2.743882995e-05,2.904805866e-05,7.430798904e-05,6.567590192e-05,3.012525901e-05,5.122109336e-05,0.000226412647,0.0001126397243,0.0005384920093,0.0001542519194,0.000717062301,0.001114027977,0.002809961419,0.0004408055494,0.0003692745354,0.0003054336354,0.0001681341327,8.076799239e-05,3.515062094e-05,2.481962901e-05,3.491945185e-06,1.132882212e-05,5.580030058e-06,4.019450602e-06,4.031321828e-06,1.529335911e-06,1.907997454e-06,2.042666722e-07,1.299404744e-07,7.680821811e-08,1.185126699e-07,2.013238612e-07,8.547396421e-07,1.008516243e-06,1.780220652e-07,1.451525738e-07,9.86482025e-08,2.587968412e-07,3.64734506e-07,3.666869437e-07,1.934625277e-07,3.09224336e-07,1.126262142e-06,3.6949207e-07,4.075457504e-07,1.666823724e-07,9.898104815e-07,3.46643028e-06,4.685577633e-06,4.520504978e-06,3.831804889e-06,2.559024995e-06,1.470975574e-06,9.233427401e-07,1.179931008e-06,3.877412497e-07,4.597208385e-07,1.192087354e-06,1.465712794e-06,1.742474538e-06,8.116712058e-07,1.025153458e-06,5.34055093e-06,1.075449923e-06,4.75428484e-06,6.0861006e-06,1.584713737e-05,8.927788603e-06,2.180107243e-05,1.285709468e-05,1.347221559e-05,4.843600133e-05,1.150852153e-05,4.078547169e-06,2.207961579e-05,7.973285868e-07,6.58719768e-06,3.076145797e-06
A:68,1.330811305e-05,2.162948076e-05,2.663334292e-05,0.0001244841334,0.0002783260963,7.236174265e-05,5.007222176e-05,6.258131328e-05,3.004481676e-05,3.462287702e-05,9.097487256e-05,0.000368229652,0.0001002943684,2.229753886e-05,2.784577108e-05,1.560563628e-05,1.050678096e-05,1.825211226e-06,2.813499335e-06,1.205386176e-06,1.788105026e-06,9.110967118e-07,2.791188735e-06,1.502906833e-05,1.94312783e-06,2.127391389e-06,1.188501466e-06,5.407782048e-07,6.856630619e-07,7.470817196e-07,1.362279051e-06,1.288787135e-06,9.27795293e-06,1.402499229e-05,1.635722561e-05,2.227843318e-05,2.60359149e-05,2.325279512e-05,6.9809973e-05,4.828378046e-05,3.618551619e-05,2.215640611e-05,1.178409105e-05,3.21074171e-06,1.989116954e-06,1.364636441e-06,1.022389634e-06,1.813134513e-06,1.326160532e-06,7.044534952e-06,1.065293435e-05,1.268914547e-05,1.531225356e-05,2.30463586e-05,3.826174839e-05,7.562851576e-05,1.401044265e-05,0.0002636245097,0.0005916108976,0.002155992451,0.01126421754,0.009007836719,0.01267027537,0.00774442801,0.007628669761,0.009017903981,0.008796396229,0,0.008490771137,0.009337061192,0.01142590762,0.01885212058,0.01094740446,0.003396584848,0.001171937203,0.0005445726413,3.993492031e-05,5.383342552e-05,2.031986308e-05,4.67440527e-05,1.046205582e-05,2.707957244e-06,3.357687535e-06,1.11207683e-06,4.688556491e-07,9.909518148e-07,2.738212319e-06,4.688134301e-06,2.534812906e-06,4.1455309e-06,1.028704838e-05,4.478877472e-06,2.282501009e-05,3.859938557e-05,3.127483079e-05,0.000106495842,7.454661855e-05,4.360503633e-05,0.000256164036,0.001386231295,0.0002323241768,0.0002072845913,0.001375851115,0.0002977327126,0.0001829253796,0.0001294295704,0.0001600750045,0.0001205198342,6.03332659e-05,3.322277176e-05,2.246459978e-05,7.768489001e-06,1.364888338e-05,7.292719694e-06,3.283091365e-06,2.572495645e-06,1.084039794e-06,2.435286715e-06,1.69688239e-07,1.566239894e-07,1.235947791e-07,2.358976483e-07,3.567017653e-07,1.122557857e-06,9.436057029e-07,2.704680428e-07,2.883718696e-07,2.5671834e-07,4.671272991e-07,5.407522859e-07,5.618279155e-07,3.069634621e-07,4.835812038e-07,1.229149516e-06,4.466336052e-07,5.756948872e-07,2.181344446e-07,1.35350686e-06,2.578736017e-06,7.32913759e-06,8.074445996e-06,7.359706185e-06,4.026845225e-06,1.353345997e-06,5.255334395e-07,1.246893896e-06,1.473340779e-07,4.642284155e-07,1.54916589e-06,2.040341923e-06,4.076044498e-06,1.198856232e-06,1.615898069e-06,6.466908752e-06,2.231973672e-06,3.540344806e-06,5.296307475e-06,1.492435214e-05,6.393869521e-06,1.471514665e-05,9.256328266e-06,1.12753123e-05,4.612605279e-05,1.026215164e-05,3.608196377e-06,2.157934255e-05,9.964162107e-07,6.330938436e-06,2.750906048e-06
A:69,6.063718255e-05,0.0001069812449,0.0001730518627,0.0006176074459,0.001007950057,0.0002527860888,0.000127245092,8.749394707e-05,4.508160941e-05,4.370158807e-05,3.410508651e-05,8.35804278e-05,6.427339196e-05,3.441721477e-05,1.997348802e-05,2.537581876e-05,5.053298711e-06,1.315933524e-06,2.751385497e-06,2.73484709e-06,2.096621409e-06,1.256119588e-06,4.727922715e-06,2.711200948e-05,2.120338773e-06,1.908326468e-06,1.437634574e-06,1.074519886e-06,7.532194564e-07,3.284953171e-07,5.37624257e-07,1.336653872e-06,4.639091137e-06,6.872917585e-06,1.017294867e-05,2.825606006e-05,6.561313536e-05,0.0001268577302,0.000117189522,5.272311739e-05,7.663914815e-05,5.526822981e-05,4.779417901e-05,1.803265374e-05,9.525430818e-06,6.760384111e-06,3.657348295e-06,7.188522891e-06,6.30117307e-06,3.640687821e-05,3.696769338e-05,6.818613558e-05,0.0001016522481,0.0001222357214,0.0001477379825,6.974237992e-05,3.435658594e-05,0.0001592569225,8.146722732e-05,0.0007190583978,0.002453376756,0.004037477713,0.004123551978,0.009328226288,0.01741407347,0.01190425074,0.008848238765,0.008490771137,0,0.01268237156,0.01026680401,0.007695349841,0.009339279874,0.01542506968,0.003223152279,0.002309085532,0.0001366729653,8.893489624e-05,3.149266398e-05,2.543598578e-05,1.355822059e-05,1.001322129e-05,1.393153567e-05,4.230264802e-06,5.068316438e-06,1.332089738e-05,1.086717021e-05,3.011078003e-05,2.412945415e-05,1.021364847e-05,7.261959544e-05,3.823662473e-05,2.61019113e-05,0.0003144811937,0.0001076560717,0.0002382532188,0.0004038998186,0.000897389558,0.000951243389,0.002225007765,0.0003466664461,0.0007101340451,0.0210869626,0.007264206055,0.0003737090623,0.001464344883,0.0003967924485,0.0005134784762,0.0005945920507,0.0001519057688,0.0001066692342,1.545208104e-05,1.972142675e-05,5.280386533e-06,4.488598177e-06,4.839639403e-06,4.067712804e-06,4.521423398e-06,7.109530781e-07,9.634909621e-07,5.385815524e-07,9.206539297e-07,1.52562156e-06,4.498784005e-06,2.959140257e-06,1.093160219e-06,5.595904186e-07,4.174970586e-07,1.15734476e-06,8.927478128e-07,1.594631361e-06,8.988209377e-07,1.625080075e-06,4.373825482e-06,2.59953132e-06,2.511293978e-06,1.253252954e-06,6.403308315e-06,2.588417602e-05,2.428825787e-05,1.463701719e-05,8.154292677e-06,3.890765222e-06,1.981104109e-06,1.874458824e-06,1.707227499e-06,1.066294499e-06,1.40916275e-06,2.337571955e-06,2.778941587e-06,3.212696458e-06,2.381983736e-06,2.97305734e-06,1.785645139e-05,4.010028808e-06,9.166996264e-06,1.970154883e-05,5.375164464e-05,2.485839345e-05,5.898113467e-05,4.656912699e-05,6.716904162e-05,0.0001284676671,5.823404167e-05,2.76733612e-05,0.0001665202683,9.540707184e-06,3.487745425e-05,1.59732732e-05
A:70,6.226270384e-05,9.212077669e-05,0.0001563760913,0.000473225463,0.0005246809854,0.0009693441557,0.0006470500899,0.0003671237687,0.0001483253423,6.360348314e-05,5.834014793e-05,0.0001274548199,6.898698819e-05,4.40566686e-05,1.212503071e-05,8.460185537e-05,1.25695374e-05,2.254511991e-06,4.989932867e-06,8.751438781e-06,4.829903467e-06,2.46154164e-06,1.21761437e-05,4.076243124e-05,3.786292976e-06,3.345018143e-06,2.293933488e-06,1.524092326e-06,9.567932181e-07,2.910259254e-07,1.386322404e-06,1.945031483e-06,1.534753639e-05,2.124603497e-05,3.284216318e-05,7.515484751e-05,0.0001569428163,0.0001987263776,0.0001869867536,0.0001022522082,0.00013159675,8.225715235e-05,5.963810303e-05,1.996423183e-05,1.186760869e-05,1.227140653e-05,5.929588408e-06,9.702980288e-06,8.120181028e-06,3.154001746e-05,1.835798413e-05,4.737416041e-05,0.0001298638281,0.0001490548159,0.000414087285,0.0001595477485,8.705843081e-05,0.0002672504789,0.0001690153515,0.0006793968506,0.00157714692,0.002195344012,0.006343279079,0.005987427835,0.01242634127,0.01295155093,0.0103850213,0.009337061192,0.01268237156,0,0.02353604352,0.007523768696,0.008980444125,0.01057179259,0.009867334164,0.00128751861,0.0005433452929,0.0005256452691,0.0001928205184,0.0001442213255,3.064087998e-05,2.260955718e-05,1.145763948e-05,2.575532113e-06,3.859891013e-06,1.067725838e-05,2.661176105e-05,5.207497834e-05,4.356213353e-05,3.340853544e-05,9.963850974e-05,0.0001375696694,9.336760608e-05,0.0002913592421,0.0001858984554,0.0001348809619,0.0001638528574,0.0007090289048,0.000499533321,0.0004545181836,0.00036957049,0.00153729389,0.004789273223,0.001844148445,0.001229332225,0.0007726283917,0.0009848680406,0.0005884528907,0.0001861765127,0.0002071965401,0.0003004255039,5.208580717e-05,9.511467103e-05,2.453947924e-05,1.194576798e-05,5.572290378e-06,6.063911815e-06,7.551161914e-06,1.3583272e-06,7.551476048e-07,5.81149249e-07,8.414004384e-07,1.260526961e-06,5.169625757e-06,5.380970974e-06,8.298566909e-07,6.009043537e-07,5.73551559e-07,1.908658363e-06,4.352884118e-06,6.0125474e-06,2.668688465e-06,4.396561457e-06,1.603988573e-05,6.826390529e-06,5.763877052e-06,2.755536215e-06,1.553205652e-05,6.415991827e-05,6.272351203e-05,5.437431798e-05,3.395018916e-05,1.245028174e-05,2.689634985e-06,4.475106387e-06,2.918529342e-06,2.651630257e-06,3.020233168e-06,4.42401287e-06,6.189643517e-06,9.321967873e-06,2.509864654e-06,1.205080914e-05,7.348569119e-05,1.480202598e-05,4.709521707e-05,5.343244459e-05,0.0001545859908,0.0001103913388,7.914575009e-05,0.0001064576499,0.0001094272592,0.0001062814446,7.131402338e-05,3.270810456e-05,8.459110491e-05,7.051973278e-06,3.713844164e-05,1.616833065e-05
A:71,0.0001207948017,0.0001700443844,0.0002703738128,0.0007005812473,0.00121181838,0.0003179756309,0.0004790337189,0.0001241613097,3.795453708e-05,1.764986602e-05,1.397386684e-05,6.384347805e-05,2.477292567e-05,7.497256023e-06,1.451618018e-06,3.164179261e-05,5.467119188e-06,1.075759488e-06,1.3124243e-06,2.336803741e-06,2.60457117e-06,1.353503024e-06,1.021320254e-05,6.389303055e-05,6.637665113e-06,5.843636995e-06,3.299577032e-06,8.923544371e-07,2.909054625e-07,2.109223946e-07,1.541551812e-06,6.611268127e-07,1.760210495e-05,2.226115963e-05,2.056307412e-05,4.769776665e-05,5.265416859e-05,9.721505593e-05,0.0001459016379,8.354732941e-05,0.000132952565,0.0001180626085,9.191616604e-05,3.055956649e-05,2.066481206e-05,1.338822783e-05,1.307154016e-05,2.054250114e-05,1.741343948e-05,5.800796591e-05,5.663083285e-05,8.53502257e-05,0.000112155545,0.000155838894,0.0002917034904,0.0002058941864,4.106846854e-05,5.165638152e-05,6.305666573e-05,0.000235897043,0.0007243900927,0.003323016502,0.002154284796,0.002910217603,0.004339099934,0.0147831351,0.016895606,0.01142590762,0.01026680401,0.02353604352,0,0.01114857831,0.01374746437,0.01614915856,0.01027827642,0.002516614463,0.0003115633814,0.0002487449487,8.947746615e-05,2.427929719e-05,6.43583076e-06,4.844562327e-06,1.240113251e-06,5.823342719e-07,4.535096501e-07,3.742519349e-06,1.353726287e-05,4.169389249e-05,9.640489967e-06,1.223964313e-05,0.000144365646,7.692605413e-05,4.145203219e-05,0.0004402620319,0.0003542729928,7.031188082e-05,0.0002573890525,0.001050808119,0.0006903963163,0.0007141911676,0.000500920657,0.002433456594,0.006530783406,0.004181936625,0.001820648199,0.001391984115,0.001384961755,0.0004610745006,0.0002563096943,0.0002313432288,8.040072469e-05,2.048029712e-05,2.231485484e-05,6.876548427e-06,2.883560102e-06,1.095525657e-06,1.293088112e-06,2.54259808e-06,5.5113387e-07,1.776839302e-07,2.414354736e-07,3.574942825e-07,4.680614352e-07,1.884825138e-06,1.452114437e-06,4.153587583e-07,2.923976832e-07,5.747696344e-07,1.52135485e-06,2.245122908e-06,4.067115287e-06,2.235331521e-06,3.833350071e-06,6.338400555e-06,3.525075177e-06,5.943617512e-06,1.55991261e-06,1.114192257e-05,3.688401408e-05,3.604627781e-05,2.258785582e-05,1.049490168e-05,4.417691132e-06,1.392757846e-06,1.548774997e-06,6.723077539e-07,1.302759913e-06,2.298406274e-06,3.504944942e-06,3.906522482e-06,7.891423216e-06,6.507532846e-06,9.853030324e-06,4.032033642e-05,1.712823879e-05,1.316267207e-05,3.845629606e-05,8.321791189e-05,3.784576297e-05,8.940423425e-05,9.34234497e-05,6.191303932e-05,0.0002552551769,8.320438876e-05,2.770385558e-05,0.0001027002764,6.164022854e-06,4.127778123e-05,1.593784448e-05
A:72,5.195349475e-05,6.75004119e-05,9.132038285e-05,0.000431735061,0.001480971165,0.0002415358086,0.0006396896665,0.0001604195648,0.0001428491871,3.243304898e-05,3.32110688e-05,2.370433891e-05,9.429603619e-06,1.829955108e-05,3.722407969e-06,7.285237418e-05,5.916713811e-06,1.774031388e-06,1.953845706e-06,4.016095689e-06,2.578738479e-06,8.855644054e-07,4.771034677e-06,3.145852862e-05,3.964552521e-06,3.637926926e-06,2.09905215e-06,4.578682283e-07,2.211349361e-07,8.70752825e-08,4.907565297e-07,5.624453322e-07,4.886268694e-06,1.58053645e-05,6.758929733e-06,1.274915591e-05,2.019706966e-05,4.488578958e-05,7.428052607e-05,4.828966371e-05,5.700082282e-05,4.357753146e-05,3.740303255e-05,1.228700975e-05,8.762728449e-06,5.144539876e-06,7.173646641e-06,1.013982648e-05,8.307586406e-06,2.614401503e-05,6.711542768e-05,8.441365935e-05,7.042102178e-05,0.0001097127555,0.0002799106724,0.0002485374054,6.910182377e-05,6.449094484e-05,6.244331857e-05,0.0001705117541,0.00137154876,0.0007634288864,0.001618545729,0.002126513069,0.001428830947,0.003517521449,0.009041785079,0.01885212058,0.007695349841,0.007523768696,0.01114857831,0,0.01885024397,0.008343423012,0.0115052895,0.001641716975,0.0003443261736,0.0002949619037,0.0001155741574,5.133262667e-05,3.849773058e-05,2.498321621e-05,7.747407868e-06,5.044754283e-06,3.542820732e-06,2.665025469e-05,1.788445268e-05,9.023233675e-05,2.824840527e-05,2.713100089e-05,0.0001459537992,0.0001411187667,7.027177365e-05,0.0002530930249,0.0008876249303,0.0006323316633,0.0009860111537,0.001067674225,0.00304930245,0.01728826333,0.003504417038,0.005125420803,0.008299098663,0.009927757528,0.002563674936,0.001057485158,0.00140270499,0.0007235974444,0.0006018970622,0.0001822779929,6.005313002e-05,1.946068427e-05,1.906661374e-05,1.587274348e-05,6.838989379e-06,4.39120438e-06,4.555641036e-06,1.434042807e-06,4.139734637e-07,5.20300274e-07,9.116388488e-07,1.769747376e-06,2.634109027e-06,7.711432108e-06,4.441059924e-06,2.198805336e-06,7.44719733e-07,4.508069332e-07,1.72297049e-06,1.410770188e-06,2.438575216e-06,9.817171763e-07,1.943405588e-06,3.525882064e-06,2.000348082e-06,3.745785457e-06,1.19667419e-06,6.169461602e-06,2.495320059e-05,1.477204229e-05,1.1665434e-05,5.522772103e-06,2.243931776e-06,1.614931082e-06,8.468484827e-07,1.866663678e-06,7.928867706e-07,1.551696853e-06,1.818972006e-06,2.266395521e-06,4.073403151e-06,4.565283589e-06,5.073264466e-06,1.287734333e-05,1.812265758e-05,7.137656392e-06,9.548474222e-06,2.412657975e-05,2.888322394e-05,3.745254565e-05,2.240060964e-05,2.326824824e-05,0.0002286915244,2.68497796e-05,1.348796362e-05,0.000188910318,1.220482157e-05,2.871849595e-05,1.6667309e-05
A:73,0.0001178322031,0.0001659850907,0.0002633288173,0.0006595812481,0.001199579818,0.0003273126526,0.0003961869755,9.563824405e-05,4.638216896e-05,4.229718174e-05,8.536186119e-05,0.000115481755,2.813332731e-05,9.974072851e-06,2.279301429e-06,3.128494275e-05,6.289416934e-06,1.267204486e-06,1.278833591e-06,2.108377482e-06,2.964862657e-06,1.378717924e-06,9.779078913e-06,6.596298376e-05,6.891394514e-06,6.137767256e-06,3.38951333e-06,8.078676789e-07,2.279757975e-07,7.875409018e-08,9.092037439e-07,5.378317795e-07,1.152835761e-05,2.946898359e-05,1.367568049e-05,2.948145159e-05,2.451185487e-05,6.934844558e-05,0.0001700132924,9.664187602e-05,0.0001365176509,0.0001209986845,9.093915538e-05,3.044384845e-05,2.039699194e-05,1.19576726e-05,1.274131965e-05,1.994673973e-05,1.702372454e-05,5.655393853e-05,5.326567723e-05,8.071344104e-05,0.0001093732868,0.000150488922,0.0002623882959,0.0001923234608,3.34614152e-05,3.265198442e-05,5.444095449e-05,0.0004858860131,0.0006285364445,0.0016223064,0.003933334604,0.005383419955,0.001298922747,0.006371555382,0.005620900211,0.01094740446,0.009339279874,0.008980444125,0.01374746437,0.01885024397,0,0.01563540563,0.008432499058,0.002298015463,0.0002553043336,0.0002541759,0.0001038518646,5.99925271e-05,9.908691803e-06,9.811383589e-06,6.536403005e-06,4.158045613e-06,7.568525159e-06,3.069316312e-05,6.716051366e-05,0.0001748641031,5.033429186e-05,5.180150963e-05,0.0005509161039,0.0002519614852,0.0001614660526,0.001269814296,0.001141663827,0.0003437731608,0.0008389365465,0.002972563329,0.0008930026123,0.009839190737,0.0008955649653,0.003579025485,0.01210945998,0.01266280836,0.002994564755,0.000628994432,0.0015440382,0.001148863754,0.0005283746841,0.0001687123753,8.829515701e-05,2.650129108e-05,2.654027409e-05,1.139497701e-05,3.246898583e-06,1.313001394e-06,1.08666815e-06,2.445620511e-06,5.929312168e-07,4.411441912e-07,9.60376972e-07,2.084417626e-06,3.103996277e-06,1.318300885e-05,7.868708122e-06,2.440940798e-06,7.077712894e-07,3.244028111e-07,1.831360697e-06,1.092989749e-06,3.166836851e-06,1.877548684e-06,3.273368091e-06,4.63647052e-06,3.083147486e-06,6.008954876e-06,1.949926192e-06,1.042720497e-05,2.623924452e-05,2.946473025e-05,1.82459647e-05,1.360147711e-05,4.499319888e-06,1.994286182e-06,1.707974078e-06,6.677701436e-07,1.409735696e-06,1.99717697e-06,3.069797276e-06,4.002295217e-06,8.330518006e-06,6.278926783e-06,8.192550413e-06,2.888946745e-05,2.243782525e-05,1.079576474e-05,2.484818497e-05,6.17630777e-05,3.410683621e-05,7.256058579e-05,5.808916056e-05,5.462154777e-05,0.0002019887476,6.716124052e-05,2.884222379e-05,0.0001769230893,1.506475794e-05,6.05668667e-05,3.015294986e-05
A:74,0.0002793749324,0.0004056534241,0.000434354722,0.001717861539,0.006606679805,0.004020117683,0.002238532884,0.001266620944,0.001107566109,0.00035410654,6.900938272e-05,0.0001835815632,4.013997807e-05,0.0001302298853,6.101957195e-05,0.0004337784014,7.847313053e-05,1.45949054e-05,3.316020482e-05,5.389648524e-05,2.788198895e-05,1.180511651e-05,9.392319116e-05,0.0001439994598,2.279951109e-05,1.892311071e-05,2.082579778e-05,1.013167977e-05,5.02037243e-06,6.278386866e-07,4.414158489e-06,1.020393194e-06,3.706581469e-05,0.0001045551954,4.189873331e-05,0.0001659867656,0.0003642536464,0.000790813292,0.0005591026317,0.0004152044234,0.0003536007687,0.000268339122,0.0002362753148,8.11266582e-05,5.747286866e-05,6.91917938e-05,6.784473463e-05,7.538375622e-05,5.104878305e-05,0.0001235961137,0.0001992125841,0.0002294771569,0.000367401731,0.0003498895716,0.0007520037248,0.0002833253036,0.0003109987404,0.0006445163956,6.390050516e-05,0.0005914203447,0.0007724986418,0.001045959066,0.00354191171,0.00493563284,0.004714012996,0.007960028578,0.003419447801,0.003396584848,0.01542506968,0.01057179259,0.01614915856,0.008343423012,0.01563540563,0,0.01794095518,0.01001452055,0.002258379435,0.002056396916,0.0008382007687,0.0009452517467,0.0002415087032,0.0001502338562,7.226665085e-05,1.195172416e-05,9.595460452e-06,8.283804659e-06,4.761202597e-05,8.251972115e-05,7.316931624e-05,3.106115724e-05,0.0002339451934,9.216863834e-05,9.284869567e-05,0.0005381523343,0.0005093246526,0.0002822863926,0.000374126132,0.0007576394866,0.0007127661775,0.0004443102795,0.0004121145117,0.001891611279,0.004603353535,0.002440962851,0.002141686571,0.0007989219172,0.0009408049945,0.0001795005612,0.000724706216,0.0005549817121,0.001520121003,0.0002568626415,0.0005806875569,0.0001919096971,0.000106112452,4.322415331e-05,3.948408913e-05,7.741893618e-05,1.255314919e-05,6.453457943e-06,2.897957585e-06,2.683201937e-06,2.945094433e-06,1.129941989e-05,1.390806325e-05,2.53217618e-06,4.90742981e-06,7.300129753e-06,1.790260746e-05,4.144530287e-05,4.745708248e-05,2.090778691e-05,3.307150751e-05,8.634694083e-05,2.879195893e-05,4.058196102e-05,1.216155156e-05,9.127634485e-05,0.0001687794547,0.0003186555928,0.0003623314296,0.0002628326385,0.0001177519642,2.704882907e-05,4.392742411e-05,1.43048006e-05,2.456599533e-05,3.838234372e-05,5.313414462e-05,8.454206681e-05,0.0001225254385,3.945712287e-05,9.841537181e-05,0.000585135392,8.874102557e-05,0.0002822194551,0.0002620281269,0.000874265899,0.0005134402099,0.0004515612045,0.0005536842987,0.0006941470219,0.0003624658186,0.0002982431156,0.0001376476997,0.0002422966255,3.369576752e-05,0.0001279991388,4.821983021e-05
A:75,0.0006557176613,0.0007558067029,0.001956752734,0.004694076075,0.007415689274,0.006470183333,0.01179770128,0.003497553059,0.001047977498,0.0008943442264,0.0001260713714,0.0001963300868,9.294569445e-05,0.0003587048328,0.0001334742298,0.001822858095,0.0001851910861,5.732438443e-05,7.529799913e-05,0.000104289579,9.340193958e-05,2.362110369e-05,0.0001151339191,0.0006148266638,0.0001052766682,0.0001029623396,6.082406154e-05,1.148529069e-05,9.86864987e-06,7.495890117e-07,1.006426872e-05,1.096990295e-05,0.0001042501427,0.0001496768925,4.649235688e-05,0.000337383711,0.000575116246,0.0009872869935,0.00185623604,0.0008252204945,0.000978473595,0.0006018398847,0.0004215081844,0.000118408117,9.432243666e-05,5.841912425e-05,0.0001146509487,0.0001395654686,0.0001264249939,0.0002683449477,0.0007322206679,0.0009093635843,0.0008892957379,0.001280310362,0.006402415797,0.004144735965,0.00130289042,0.001670689154,0.0004287396448,6.526801686e-05,0.0002437232582,0.0003352134962,0.0007366485676,0.001460725732,0.0005509345477,0.004066334212,0.001103048536,0.001171937203,0.003223152279,0.009867334164,0.01027827642,0.0115052895,0.008432499058,0.01794095518,0,0.01187601847,0.007080017686,0.006676422702,0.003243033485,0.000935596583,0.000326478069,0.0002786831261,0.0001741328284,1.782126792e-05,3.827995e-05,3.34584714e-05,0.0001024564205,7.173446371e-05,0.0003766112164,0.0001225250051,9.472261193e-05,0.0002031414715,0.0003988729185,0.0001260155712,0.0001886261038,0.0003608854794,0.0001266551223,0.0002114514905,0.0001964518624,0.0002647986132,0.0007417821428,0.0003768171921,0.001367309311,0.001755653211,0.0003995236682,0.0004066386191,0.0003418188559,0.0009042011737,0.002764319819,0.003083447122,0.001457537744,0.000442391858,0.0005544245513,0.0002429011035,9.079188825e-05,4.619410041e-05,9.242218595e-05,0.0001272895737,1.781954775e-05,1.437168962e-05,8.445886863e-06,9.263602167e-06,1.030828376e-05,3.75333069e-05,3.490182051e-05,9.0525328e-06,1.019719469e-05,1.322163879e-05,5.294478148e-05,9.85469483e-05,0.0001311416377,3.859767004e-05,7.632211269e-05,0.0001828159472,6.96648116e-05,0.0001114468531,2.482021752e-05,0.0001893758125,0.0009704462845,0.0004526710019,0.0005364535196,0.0001907006501,0.0001242399765,3.290749029e-05,3.47399282e-05,3.806856431e-05,2.5682521e-05,7.010958654e-05,6.352008998e-05,0.000102839978,0.0001081943569,0.0001900712152,0.0001232617115,0.0003898739035,0.0005864001957,0.0002954120447,0.0002334137049,0.0007093173324,0.00100231832,0.0004267151651,0.0006262059328,0.0004999690721,0.002912629267,0.000719231652,0.0003033024012,0.002281040274,8.315684935e-05,0.0003490569062,0.0001290462917
A:76,0.0009036114883,0.0002733730846,0.00500588053,0.01153307439,0.0063891894,0.005859698146,0.007920460809,0.001884435107,0.001201329865,0.0005944587467,0.0002092473481,0.0002659138096,0.0001478491454,0.0002647771529,0.0001556138525,0.0009079333151,0.000119536644,3.137138991e-05,7.041952926e-05,6.090797e-05,7.664833311e-05,3.990041163e-05,0.0002956076051,0.0005042606761,8.674106056e-05,6.79668215e-05,8.923686937e-05,4.338495067e-05,1.308059285e-05,2.704366832e-06,1.465842972e-05,4.600862046e-06,0.0001230025993,0.0001875419084,8.33626424e-05,0.0005425522848,0.0008417186988,0.001844022708,0.001395087752,0.0008784279723,0.0009976130663,0.0004888597587,0.0003227610124,0.0003264771456,9.507522469e-05,0.0001006568246,0.0001714954838,0.0001724103613,0.0001761690352,0.0001483110332,0.0005988362375,0.0006575510546,0.002395798621,0.002350321973,0.004120534282,0.00126828107,0.001186942985,0.001509796857,0.0003393146104,6.2933385e-05,0.0001276939165,0.00016394259,0.0003143682786,0.0004743976973,0.0005372324145,0.001528318877,0.0007088125705,0.0005445726413,0.002309085532,0.00128751861,0.002516614463,0.001641716975,0.002298015463,0.01001452055,0.01187601847,0,0.007078986903,0.0053277366,0.001612185036,0.0007504726264,0.0003489809216,0.0001367301706,0.000107347858,1.542757046e-05,1.997729423e-05,2.634380424e-05,8.084834488e-05,0.0001054978398,0.0001632215774,4.830627167e-05,7.765103034e-05,0.0001616538445,0.0001270631576,3.859671507e-05,6.878874458e-05,0.0003259756528,9.963931233e-05,0.0002622059303,0.0002501495587,0.0001151478999,0.0005340192495,0.0003735180453,0.0005084897056,0.0007271436595,0.0007472427306,0.0004213245161,0.0005517098068,0.003383340701,0.01094213138,0.008088866983,0.009062485032,0.0007522928628,0.001686999885,0.0002872219721,0.0001702623588,6.558688891e-05,5.327044107e-05,0.0001486794842,3.539964241e-05,1.84959438e-05,1.239546297e-05,1.05734649e-05,1.144750268e-05,3.281255291e-05,2.399415308e-05,1.201301993e-05,1.256666448e-05,2.803550478e-05,6.398403892e-05,0.0001646779954,0.0001592406995,5.25832377e-05,8.043284791e-05,0.0003127840528,5.446686689e-05,0.0001159019989,2.637647355e-05,0.0002031984502,0.0003710597865,0.000888205354,0.0006734411796,0.0005175761783,0.0002234089594,6.916996732e-05,0.0001010917166,4.758898277e-05,0.000100493153,0.000192486705,0.0001736635563,0.0003006681111,0.0005176341783,0.0002642209862,0.0003434395899,0.001932259563,0.0004484654748,0.001126454131,0.000656152229,0.003422220627,0.003568805826,0.005031004098,0.001455489445,0.007890637913,0.01328409991,0.001920817071,0.0004517344676,0.004743990874,0.0003461240725,0.0006681763059,0.000437639774
A:77,0.0002133760941,0.0002045966509,0.0007385737317,0.003354845121,0.01002676126,0.009034832514,0.01045571461,0.002238454474,0.001373628088,0.0007578875843,0.0001410396309,0.0001051891233,8.811156951e-05,0.0002479818211,8.795707254e-05,0.0008304696528,5.417077234e-05,3.543281186e-05,4.600746257e-05,6.306431694e-05,6.432904198e-05,1.93609478e-05,6.148455268e-05,0.0001204914801,5.664896692e-05,4.857072289e-05,5.278206394e-05,2.13999303e-05,5.680537346e-06,3.540103366e-06,8.389435789e-06,7.53071033e-06,5.571590966e-05,9.443080032e-05,3.324936826e-05,0.0001119995519,0.0002140417028,0.0004421206693,0.0006098416599,0.0005363825171,0.000270006729,0.0001806389104,0.0001279855688,7.340627318e-05,5.588743352e-05,4.426376179e-05,5.023581664e-05,6.052091032e-05,7.114126484e-05,0.0001292006633,0.0005119100501,0.0006776301143,0.0008028813899,0.0005004029294,0.002564719,0.003143952867,0.001203193887,0.0004862800322,0.0001491661821,3.387557999e-05,2.276045696e-05,3.260175727e-05,5.956185423e-05,8.688001153e-05,6.005756397e-05,0.0001910664018,5.431282068e-05,3.993492031e-05,0.0001366729653,0.0005433452929,0.0003115633814,0.0003443261736,0.0002553043336,0.002258379435,0.007080017686,0.007078986903,0,0.005094668754,0.01029870784,0.00259366043,0.0003816873003,0.0001147678305,0.0001281708929,1.895137754e-05,2.662284537e-05,1.345298518e-05,6.813001735e-05,7.368349689e-05,0.0001629738122,3.902133013e-05,6.828639521e-05,0.0002108423015,0.0002336865218,3.2259758e-05,3.822374935e-05,0.0003750726757,2.28652979e-05,4.517353621e-05,4.932565166e-05,5.984630058e-05,0.0004329015128,0.0001148774894,0.0001302720826,0.0001225512425,0.0002163679222,0.0001273741499,0.0003315119233,0.001717315377,0.005826832034,0.004724058945,0.006722423626,0.005101962307,0.0005114190763,0.0001724537725,0.0001319938549,7.2718143e-05,6.634388835e-05,0.0001520077074,5.245195027e-05,1.882943709e-05,1.905153887e-05,1.393297893e-05,1.345924871e-05,3.559228507e-05,1.407969257e-05,2.009256617e-05,9.977651757e-06,1.957910477e-05,5.556646595e-05,0.0001784800924,0.0001628064557,4.656768103e-05,9.175871765e-05,0.0002446472959,0.0001175290029,0.0001510201226,5.898834125e-05,0.0001699555478,0.00151781909,0.0003739499449,0.0005742925435,0.0005068548184,0.0001910914574,0.0001111195885,9.453707226e-05,4.145597895e-05,8.967239142e-05,0.0002162765566,0.0001299132707,0.0002830367747,0.0002333143054,0.0002404104137,0.0002717839377,0.0008448119455,0.0004689648217,0.001226921917,0.0005929548868,0.002585047822,0.006874308706,0.008057520518,0.00218337946,0.007019074115,0.005999902365,0.001293384545,0.000722778348,0.003999381283,0.0004033897815,0.0008719296169,0.0007496471947
A:78,0.0002832571404,0.0003126948109,0.001298630275,0.0008871007806,0.007571181633,0.007571745604,0.00556200534,0.006284674288,0.005989907762,0.00228422454,0.0002391425204,0.0002127731988,0.0002531213243,0.000886433356,0.0001950730741,0.001616409394,0.0001953103055,2.907050934e-05,5.400449415e-05,0.0002601817744,8.158692519e-05,3.646044199e-05,8.928943934e-05,0.0003486029683,8.679345144e-05,8.496451926e-05,5.685595005e-05,2.101889865e-05,1.375268497e-05,1.66605071e-06,1.774517531e-05,1.066688593e-05,0.0001759153564,0.0001709031221,7.658510202e-05,0.0002703567144,0.0006512378453,0.0006727382304,0.001229136682,0.0005956752866,0.0003932247676,0.0004058510927,0.0001821975439,9.833812617e-05,7.118341205e-05,1.745773508e-05,4.3906493e-05,6.940159798e-05,8.023321458e-05,0.0001383348324,0.0001078963063,0.000255745431,0.0004460650439,0.0008089581359,0.002410138866,0.002035949019,0.001630652985,0.002284093153,0.0002861200926,0.0002060988764,3.314811603e-05,2.625458716e-05,6.881932794e-05,9.873040667e-05,7.197474315e-05,0.0001221228267,2.700021012e-05,5.383342552e-05,8.893489624e-05,0.0005256452691,0.0002487449487,0.0002949619037,0.0002541759,0.002056396916,0.006676422702,0.0053277366,0.005094668754,0,0.01095969599,0.006384658057,0.002356318868,0.0005635880013,0.0004235594481,0.0001527507994,0.0001602931604,6.717074583e-05,0.0002785771644,0.0002056476824,0.0007617362747,0.0002861629701,0.0001847029366,0.0006734594042,0.0008207692414,7.508935817e-05,7.678247577e-05,0.001509435365,0.0001239795508,2.10262823e-05,3.034307807e-05,0.0001214970918,0.0002827611901,0.0001350765605,0.0001028917901,7.215059724e-05,0.0002914410539,0.0002268153727,0.0002756758649,0.000879124027,0.005274936662,0.009366429448,0.007576184879,0.00874625287,0.006832098939,0.003789510852,0.001405540128,0.0002412884041,0.0006638693945,0.0005022630824,6.101596525e-05,6.271898043e-05,3.835728892e-05,4.076907768e-05,3.339815431e-05,0.0001284570772,0.0001270376678,5.745306468e-05,2.776438658e-05,3.713523912e-05,0.0001677288904,0.0007184572134,0.0005930546189,8.534879967e-05,0.0001726631308,0.001426856253,0.0001855167275,0.0003359345925,0.0001351185081,0.000396039039,0.002538021742,0.0009037888455,0.001652446475,0.0009120262981,0.0005582451355,0.0002666791676,0.00020393441,0.0001656893629,8.821858778e-05,0.000263297009,0.0001353438873,0.0002127057803,0.0001602118977,0.0005742763936,0.0004495801589,0.000615538101,0.004495605101,0.0008780300167,0.000389568976,0.00053381455,0.007819811326,0.001855906829,0.0008786490618,0.005670265175,0.00528494176,0.001373602713,0.0006305773622,0.002122000889,0.00023298436,0.0005282400959,0.0003072950706
A:79,9.54837557e-05,9.065148665e-05,0.000185171555,0.0004257761858,0.001046969925,0.01067668766,0.005943113502,0.005992096723,0.006090996225,0.002413386878,0.0005423882582,0.0002769268423,0.0003355097964,0.0005276103776,0.0004425979458,0.001203653,0.0002017687072,2.716591776e-05,0.0001521886268,0.0001139174777,0.0001244694569,4.013416829e-05,8.876294333e-05,0.0001257006178,5.392781886e-05,5.742005165e-05,6.092925775e-05,2.609741141e-05,1.126286745e-05,5.848171901e-06,2.650007867e-05,7.074152558e-06,0.0001488790393,0.000177115612,6.790070313e-05,0.000177655198,0.0004143896812,0.0004362364247,0.0004960741357,0.0002889712688,0.0001679797902,0.0001434085074,8.243754677e-05,3.903620757e-05,1.647429233e-05,8.813577337e-05,9.112153512e-06,1.171505825e-05,1.494285813e-05,3.44958218e-05,2.620483406e-05,3.391510187e-05,0.0001844983379,0.0001295481371,0.001747541487,0.001616495679,0.001814891267,0.001664826686,0.0002121363354,0.0002262504375,3.026425194e-05,1.072572509e-05,2.051292481e-05,4.632033495e-05,3.639684836e-05,4.184945236e-05,1.227269405e-05,2.031986308e-05,3.149266398e-05,0.0001928205184,8.947746615e-05,0.0001155741574,0.0001038518646,0.0008382007687,0.003243033485,0.001612185036,0.01029870784,0.01095969599,0,0.006518139762,0.01003170453,0.001991542268,0.0002311678504,0.0009238741022,2.419446108e-05,6.021803566e-05,0.0001365741257,0.0003406997725,0.0008421434845,0.0001817144577,0.0003257397241,0.001025356507,0.0007218480572,0.0001307267216,0.0001309031549,0.001358033184,8.592295695e-05,2.704909641e-05,1.903279278e-05,9.178561169e-05,7.873329114e-05,4.554842102e-05,4.305694168e-05,3.841394848e-05,0.0001316487491,2.622713224e-05,7.708400984e-05,0.0002974482624,0.000605720347,0.004489589448,0.004529225455,0.004698667256,0.007124170598,0.007311086465,0.001117541506,0.0009237856851,0.0002688361657,0.0002172048981,6.78677683e-05,2.502836604e-05,4.813377176e-05,4.106016272e-05,2.391725272e-05,5.246354429e-05,7.126584404e-05,6.027501997e-05,2.102345326e-05,2.502834365e-05,5.341806884e-05,0.0002507912374,0.0001598018205,6.887087192e-05,0.0001308278429,0.0003198353426,0.0004112858153,0.0005609144646,0.0001750355088,0.0005997893625,0.001676997738,0.001533333038,0.001198331957,0.002970260247,0.0003871824581,0.0005884113681,0.000150010721,0.0002466380178,0.00016629755,0.000297840673,0.0003174727597,0.0001990258854,0.0002287110264,0.001807232737,0.0005525415684,0.001288733275,0.008085576626,0.006271651814,0.0009251056633,0.00206517226,0.006800385652,0.000868346285,0.0008397924602,0.0008670543025,0.0006489747508,0.0005362097864,0.000403213886,0.0007013787194,0.0002610248484,0.0004045010553,0.0002782978985
A:80,0.0001159068282,0.0001630308113,0.000387603617,0.0007547412672,0.002154769809,0.003016525537,0.004020582779,0.00674334305,0.006716204557,0.007620275196,0.005003670412,0.0003717156442,0.002045978762,0.002513122096,0.0008904941175,0.005648475552,0.0004754779082,0.0001008760411,0.0001347583215,0.0003133936241,0.0002077845639,0.0001022442174,0.0001295560244,0.0001302699132,8.839391863e-05,9.453109141e-05,4.711658e-05,3.651211538e-05,3.189130371e-05,1.238174951e-05,3.786085257e-05,4.901622422e-05,0.0002736662593,0.0004729831349,0.0001554819387,0.0003152422782,0.0006027515063,0.0003630419985,0.0005904989098,0.0002745420402,0.0001243443719,0.0002069698685,0.0001000538281,5.45924185e-05,2.300264068e-05,2.607559099e-05,6.340920356e-06,1.27755387e-05,1.767789096e-05,6.175031815e-05,5.482233315e-05,7.133427778e-05,6.23757274e-05,0.0001590012536,0.0006906515779,0.0008950564972,0.001104482017,0.002878746307,0.0003188137383,0.001022289875,0.0001911141122,6.090459274e-05,2.416608733e-05,4.322843312e-05,3.972531476e-05,6.756412655e-05,3.125288868e-05,4.67440527e-05,2.543598578e-05,0.0001442213255,2.427929719e-05,5.133262667e-05,5.99925271e-05,0.0009452517467,0.000935596583,0.0007504726264,0.00259366043,0.006384658057,0.006518139762,0,0.005290320876,0.008013397676,0.001030649868,0.0001646515748,0.000504374255,0.0001465393652,0.0005436635352,0.001033157418,0.001619045316,0.0006358262302,0.0006151014293,0.004043557344,0.01236708802,0.0006840736358,0.0006647087622,0.008952602277,0.0009202994227,0.0002545781269,0.0001314590517,0.00033811454,0.0004912237964,0.0001028155141,8.047953292e-05,7.470071632e-05,0.00013158003,7.383829636e-05,5.87788751e-05,0.0001671481822,0.0002383786468,0.001967945089,0.007423775314,0.007719518107,0.008563215173,0.008460167884,0.004284395093,0.002555184482,0.001825668682,0.0006415999809,0.0001134958923,0.0001455255295,0.000114090573,0.0001288097417,7.917585836e-05,0.0002387138938,8.254364015e-05,9.256819699e-05,5.220436126e-05,5.396838862e-05,0.0001007428879,0.0007336399658,0.0004168678843,9.446522205e-05,0.0001727617125,0.0002348473746,0.0004516357613,0.0006790253687,0.0002282670637,0.0007348740207,0.001898050811,0.001977029061,0.002066835687,0.002955832575,0.00084579095,0.0003961325409,0.0003194747833,0.0001262686191,0.0001521538808,0.0005254178297,0.0003419679926,0.0003639018628,0.0007213189147,0.000198222154,0.0002866928628,0.0009459493258,0.004077292835,0.001011721973,0.0003694454535,0.0002950832445,0.005207735179,0.0008224972222,0.0003678193342,0.0009585377052,0.001524728411,0.0004926048352,0.000153423737,0.0005473600749,9.6619367e-05,0.0001591939815,8.084783003e-05
A:81,1.836288391e-05,3.035612841e-05,3.891622298e-05,0.0002053941897,0.0002122534054,0.001057522583,0.0008805999661,0.006773024336,0.004698251685,0.004008019126,0.004119776691,0.001078161463,0.001917989395,0.004304373957,0.004808745546,0.006006697728,0.0004658558924,0.0005943530279,0.0003325623136,0.0002274981936,0.0001983543823,0.0002673532333,0.0001169300985,5.370551943e-05,7.287720471e-05,6.15874298e-05,5.227168511e-05,0.0001164563932,2.967878681e-05,1.779326602e-05,3.898822607e-05,7.149585267e-05,0.0002291693918,0.0005636926338,0.000273617865,0.0003111600251,0.0001277936245,0.0001233738028,0.000137282851,8.613896346e-05,5.555716035e-05,6.792781193e-05,3.324662055e-05,2.399613475e-05,1.013154024e-05,2.213111981e-06,2.965616546e-06,5.940131591e-06,6.595369372e-06,1.813934755e-05,7.297643302e-06,1.670629845e-05,2.006585074e-05,3.797653967e-05,0.0001436196267,0.0001806073487,0.001984068497,0.00101645565,0.000276255984,0.0004093864828,0.000148124264,2.323275561e-05,2.07243674e-05,1.503117904e-05,1.308312814e-05,4.010737375e-05,1.948509547e-05,1.046205582e-05,1.355822059e-05,3.064087998e-05,6.43583076e-06,3.849773058e-05,9.908691803e-06,0.0002415087032,0.000326478069,0.0003489809216,0.0003816873003,0.002356318868,0.01003170453,0.005290320876,0,0.005285188005,0.007592066713,0.004190246421,0.0001969313909,0.000838389998,0.0004918153117,0.001643845327,0.005915962472,0.0009260070772,0.0007095652973,0.001945679488,0.009382206875,0.0003684982271,0.0003824953262,0.002806123718,0.0001160369512,0.0001420742275,0.0001000040445,0.0002027126442,6.032423279e-05,4.423385683e-05,3.440385448e-05,2.612728778e-05,6.129458991e-05,3.744441969e-05,2.062235484e-05,5.166255927e-05,0.0001235691431,0.001180502645,0.001050855831,0.002011777431,0.007393863415,0.005112550092,0.007439116205,0.005977518475,0.005797966531,0.0008824006054,0.0001747093152,0.0001614781766,0.0001629404389,0.0002182564527,0.0001240044708,0.0004030501349,0.0004880509202,0.0001833969731,4.949747273e-05,6.687437985e-05,6.200285194e-05,0.0001585678994,0.0001028247817,3.223268559e-05,4.579589642e-05,0.0004363286107,0.0001845290258,0.0001848106398,9.951738417e-05,0.0002178630427,0.0002635584558,0.0007178622508,0.001093422637,0.001229717905,0.0009135255846,0.0009195175043,0.0002997379487,0.0009367300515,0.0001897508913,0.0004101672923,0.0003103081003,0.0003388503065,0.000528530368,0.0005004694195,0.0003480791471,0.0001675788081,0.0005098755194,0.0003286188819,0.0001199233587,0.0001680048137,0.0004291561881,0.0001048921371,7.930144332e-05,0.0002473991567,0.0002850680092,0.0001479065782,6.789040378e-05,0.0001192194753,3.58634198e-05,5.436024725e-05,2.027137916e-05
A:82,1.009007478e-05,1.877199625e-05,5.089836843e-05,0.0001111368822,0.0003198062853,0.0004465719748,0.001031934786,0.00206223985,0.00345300193,0.006672255472,0.005613719954,0.001211036826,0.002243517232,0.004524295459,0.005820471675,0.001180138443,0.0005945344084,0.0009239985474,0.0007521294834,0.0004125210117,0.000449437865,0.0001835720727,0.0002369855789,0.0001048781987,0.0001037020967,9.055406791e-05,4.567018469e-05,7.823218485e-05,4.369242563e-05,2.939379277e-05,5.743816255e-05,0.0001706898983,0.0001251653288,0.0005557762032,0.0002058873095,0.0003044749887,0.0001889904068,9.135063485e-05,0.0001090869719,5.68135509e-05,3.895890906e-05,6.228365399e-05,1.815446638e-05,1.097400767e-05,3.659605499e-06,1.072875228e-06,3.19291047e-07,1.215961797e-06,1.960659382e-06,8.175349833e-06,4.417296205e-06,7.477276171e-06,7.057369002e-06,2.342119894e-05,0.0001068518781,0.0001947037878,0.0006787143477,0.001005828062,0.000372439474,0.0002731988195,0.0001244208765,1.172137816e-05,1.543880724e-05,3.043348312e-06,4.79348792e-06,1.717242996e-05,1.047087617e-05,2.707957244e-06,1.001322129e-05,2.260955718e-05,4.844562327e-06,2.498321621e-05,9.811383589e-06,0.0001502338562,0.0002786831261,0.0001367301706,0.0001147678305,0.0005635880013,0.001991542268,0.008013397676,0.005285188005,0,0.007047494661,0.01088897418,0.003098776345,0.005828413086,0.004649284453,0.003330072898,0.005599965002,0.005460838004,0.001781623581,0.006357511008,0.009340747542,0.0007616930142,0.0006066282212,0.001689563945,0.0005053083283,0.0002733978079,0.0001504821842,0.0002841731421,2.307296528e-05,6.70770972e-05,3.21129286e-05,4.842944528e-05,5.419394647e-05,3.601272452e-05,1.89637371e-05,1.436526145e-05,4.700090248e-05,0.0002620417931,0.0001697222546,0.0007304637291,0.006396428516,0.009566681292,0.007442673316,0.009240335032,0.006356437921,0.001361736052,0.0002665270179,0.000559078196,0.0005546342091,0.0005480454977,0.0004923564119,0.001406684944,0.001232650707,0.0004788471277,0.0001052163063,0.0001559551619,9.457956847e-05,0.0001583276803,4.072186833e-05,5.617239319e-05,4.133566694e-05,0.000556443391,0.0003215279924,0.0001671616738,6.042251991e-05,0.0001828395624,0.0005043684026,0.001093091115,0.000535594989,0.001409792468,0.001341862203,0.002832191612,0.0008293970489,0.0004270366203,0.0001834686069,0.000523074529,0.0001607214944,0.0003602893552,0.0007690544478,0.0001530572572,0.000265520682,0.0001449454186,0.0002477756039,0.0001685467046,9.449856439e-05,3.268735541e-05,0.000580511352,8.747957489e-05,4.555547924e-05,9.14767358e-05,5.573394848e-05,4.30692757e-05,1.85191181e-05,4.707355055e-05,1.339097834e-05,1.788209236e-05,6.279970886e-06
A:83,6.464299605e-06,8.814628831e-06,1.840824109e-05,5.922033894e-05,0.0001489008632,7.877833975e-05,0.0005209150876,0.0004116996669,0.001988185055,0.003013093245,0.002357394605,0.0007520588514,0.001479463038,0.009884536397,0.009241147655,0.001607728844,0.000324416313,0.001270976894,0.001196672987,0.0007411651931,0.000516148641,0.0002929455692,0.0002237879473,0.0002250760776,7.745657665e-05,6.638320896e-05,5.428974981e-05,0.0003288247761,0.0001217866953,1.631978646e-05,1.981864808e-05,3.911912085e-05,4.000147457e-05,0.0004625237707,0.000143343075,0.0001700744492,7.080947562e-05,3.07206229e-05,2.765381482e-05,6.17586047e-05,1.930649784e-05,1.483304465e-05,9.119137127e-06,9.609420956e-06,4.337130534e-06,7.922093708e-06,5.800545228e-08,4.384735482e-07,1.52580337e-06,7.58082112e-06,5.361637325e-06,1.402364569e-05,4.308713635e-06,1.894544183e-05,2.870900898e-05,4.127307434e-05,0.0001544286406,0.0001559278396,0.0002566063605,0.00027440992,0.0001202358933,1.635349039e-05,1.697390232e-05,2.574230244e-06,7.041149206e-06,9.636591435e-06,4.638117881e-06,3.357687535e-06,1.393153567e-05,1.145763948e-05,1.240113251e-06,7.747407868e-06,6.536403005e-06,7.226665085e-05,0.0001741328284,0.000107347858,0.0001281708929,0.0004235594481,0.0002311678504,0.001030649868,0.007592066713,0.007047494661,0,0.01029768507,0.007502291465,0.006730469644,0.005672874758,0.004263413574,0.005610733368,0.005324638286,0.001574226483,0.001698777734,0.002610076124,0.001022695845,0.0006728301199,0.001485822093,0.0004279204074,0.0004793001596,0.000170371985,0.0001686041625,6.525518713e-05,0.000111810696,3.251795585e-05,6.947576389e-05,7.813677081e-05,4.5870813e-05,1.159921282e-05,8.885904682e-06,4.308536763e-05,8.012710791e-05,0.0001007142526,0.0007795890088,0.00077673324,0.003910549449,0.01304407078,0.00664030781,0.00673904993,0.00428169072,0.0006256995527,0.0004943909452,0.001102605786,0.001179847732,0.00122444807,0.005236815034,0.01105729947,0.001768689481,0.0003482567581,0.0005448223333,0.0004095127299,0.0001623434251,9.588062797e-05,0.0001267320681,5.09180324e-05,0.0001272601977,5.897506582e-05,0.0001549469496,4.761957825e-05,3.884948635e-05,9.808791946e-05,0.0002669555583,0.0002256694744,0.0003171964191,0.001407617243,0.003307447438,0.000959211138,0.003663353432,0.0002438814881,0.0005927566666,0.0006813591827,0.000775424159,0.001204638506,0.001075001886,0.0004230606965,0.0001823619023,0.000172751141,0.0001211285673,0.0001517922907,6.311629959e-05,0.0001255273324,6.554857799e-05,7.451993685e-05,5.220568013e-05,2.991625548e-05,3.972983455e-05,1.215573324e-05,1.140703179e-05,6.845458175e-06,9.918097286e-06,2.733959028e-06
A:84,2.201445244e-06,2.375548607e-06,2.940059955e-06,1.834941994e-05,1.931045297e-05,6.953165467e-05,5.110327954e-05,8.103129847e-05,0.0002213279673,0.0008637610944,0.0004054436067,0.0001919552386,0.0004234803308,0.003403277859,0.003247198108,0.0009891657977,0.000111799643,0.0002954703215,0.0004548579351,0.0002312384076,0.0001596265871,6.899528109e-05,6.5286088e-05,3.956329988e-05,3.781664903e-05,2.200665209e-05,1.286836768e-05,3.113209144e-05,1.694205119e-05,6.717051794e-06,6.423086932e-06,9.785643636e-06,1.419766714e-05,0.0001110477444,3.808680136e-05,4.994495154e-05,1.912783792e-05,1.208317891e-05,8.357147553e-06,1.827924779e-05,6.278669791e-06,6.415684084e-06,4.928154031e-06,2.716380432e-06,5.535532165e-07,9.137919102e-06,1.538548693e-07,6.045481468e-08,7.152912702e-08,1.265330862e-06,1.108024675e-06,3.943803231e-06,1.620926986e-06,4.424765409e-06,1.08456818e-05,1.692675313e-05,7.837583019e-05,7.193382645e-05,7.373029296e-05,7.65441784e-05,3.203280031e-05,4.600484872e-06,3.580044714e-06,5.019852821e-07,1.621535678e-06,2.752861621e-06,1.345865221e-06,1.11207683e-06,4.230264802e-06,2.575532113e-06,5.823342719e-07,5.044754283e-06,4.158045613e-06,1.195172416e-05,1.782126792e-05,1.542757046e-05,1.895137754e-05,0.0001527507994,0.0009238741022,0.0001646515748,0.004190246421,0.01088897418,0.01029768507,0,0.005531633747,0.004974033003,0.004058358966,0.002811510349,0.007122977623,0.00754855918,0.001016352355,0.0006801292937,0.001229930148,0.0004610356019,0.0002733801974,0.0002383967898,0.0002899781699,0.0001996809491,9.669973988e-05,7.557686656e-05,2.905788074e-05,4.541838403e-05,1.951251563e-05,3.159739963e-05,3.24573584e-05,1.548987199e-05,4.227780198e-06,1.906149909e-06,6.119104821e-06,7.798762021e-05,8.363723415e-05,0.0004605633579,0.0005636555594,0.00283931942,0.0118293092,0.007632286813,0.009627976171,0.007648114384,0.000640880678,0.00198257866,0.002233209925,0.003036225011,0.004278222383,0.00628737335,0.004215879763,0.004876999879,0.000829882487,0.0005513632016,0.0006553745314,0.002393278492,0.0005114312233,0.0002455499294,0.0001261100539,0.0001995592162,0.000297109676,0.0002373641944,0.0001727876403,0.0001082323274,4.54871548e-05,0.0001932020808,0.0002590281718,0.0003102967973,0.002614270681,0.006758128823,0.002219505296,0.0007680882998,0.0001483375423,0.0004595268714,0.000505742987,0.0007777119013,0.001122098519,0.0006774687566,0.0002008886958,0.0001617346637,0.0003392173117,0.0001069282311,7.952502552e-05,4.124962273e-05,0.0001276525167,4.190471516e-05,3.802689098e-05,2.287798886e-05,8.941480673e-06,1.838991817e-05,6.203426451e-06,8.547292213e-06,3.757089294e-06,4.32697822e-06,1.639777015e-06
A:85,1.011551915e-06,1.644961192e-06,3.98657424e-06,1.295581889e-05,3.188594191e-05,6.641867136e-06,0.0001198234378,8.962829182e-05,0.0005618896065,0.0008032711779,0.0009007020118,0.0001553940507,0.0001235937183,0.0008007165821,0.002278849816,0.0002875388617,8.551380344e-05,0.0002055333289,0.0003042956533,0.0001644524988,0.0001328365861,3.630658807e-05,2.129016804e-05,3.620632947e-05,6.232398075e-06,7.724752832e-06,1.092151892e-05,8.128357332e-05,2.760610622e-05,9.373462439e-06,2.53438118e-06,9.990988449e-06,2.929902286e-06,3.327206129e-05,1.722509151e-05,2.131665826e-05,1.614534167e-05,6.669103675e-06,5.678697992e-06,5.930485389e-06,1.291920369e-06,1.097756683e-06,7.959381012e-07,7.561235759e-07,3.170664945e-07,9.48647352e-07,1.02267018e-08,1.482936811e-08,1.080423115e-07,6.699624664e-07,1.030714465e-06,1.69737233e-06,9.328396257e-07,4.048903788e-06,6.350486625e-06,8.452505131e-06,2.387546081e-05,5.013828415e-05,5.948468088e-05,5.078419553e-05,1.87362239e-05,3.357733283e-06,2.165232193e-06,1.645464303e-07,8.098676044e-07,1.3546656e-06,6.280296242e-07,4.688556491e-07,5.068316438e-06,3.859891013e-06,4.535096501e-07,3.542820732e-06,7.568525159e-06,9.595460452e-06,3.827995e-05,1.997729423e-05,2.662284537e-05,0.0001602931604,2.419446108e-05,0.000504374255,0.0001969313909,0.003098776345,0.007502291465,0.005531633747,0,0.009235541761,0.01324125743,0.002890573391,0.002874443499,0.01234118866,0.001508660155,0.003403776302,0.003896115318,0.001014101936,0.0008577858745,0.001385024436,0.0002317900155,0.0006096371266,0.0001719932614,4.83949067e-05,8.252606667e-05,0.000141784075,3.85867433e-05,4.056593091e-05,4.272435356e-05,3.142885572e-05,5.837806003e-06,4.423753186e-06,7.048489443e-06,3.368602623e-05,3.9932672e-05,0.0001306525947,4.232129551e-05,0.001393243986,0.002647143308,0.002695047915,0.01322419484,0.002677711823,0.002050500856,0.0104582516,0.007278831243,0.008359545094,0.007554129346,0.01007243342,0.0067255588,0.007263342394,0.0005813447345,0.001003149253,0.0002166449132,0.0005953811412,0.0003573957943,0.0002804432032,0.0001112268435,7.115290806e-05,0.0001161678054,0.0001415086656,0.0001185667011,0.000108305237,2.590947622e-05,6.625964788e-05,0.000129764195,0.0001073557315,0.001160523667,0.0001921701376,0.0001885015896,0.0003696575145,0.0004971887706,0.0003766326699,0.0004155209842,0.0001788734018,0.0001655701129,7.502464639e-05,6.566554651e-05,3.197107173e-05,0.0001079970527,2.64106519e-05,2.255463366e-05,2.053551306e-05,3.454688819e-05,1.779969973e-05,1.2601915e-05,1.452466009e-05,8.116810922e-06,1.111563253e-05,3.998618974e-06,2.067253508e-06,2.086938702e-06,2.317030132e-06,6.707583017e-07
A:86,1.091322303e-06,1.835418519e-06,4.776248552e-06,1.172975311e-05,3.015326715e-05,1.753568153e-05,9.287321739e-05,9.344206353e-05,0.000399185706,0.0004639704636,0.0005992265005,0.0004025804884,0.0008761103745,0.0029262737,0.003220945908,0.0005301449737,0.0002178146139,0.000410410452,0.0005412989509,0.0002725479541,0.0001876738029,7.948216958e-05,7.956472807e-05,4.325135368e-05,3.346234106e-05,2.427820424e-05,1.276295133e-05,6.919175975e-05,2.842547371e-05,5.862925942e-06,1.216456826e-05,3.881458791e-05,2.725767767e-05,0.0002284322837,6.613267501e-05,8.662979563e-05,4.442655131e-05,2.120783511e-05,1.961192595e-05,2.686055168e-05,1.280874764e-05,1.325473651e-05,3.422608627e-06,2.594231197e-06,8.773010865e-07,2.376869827e-06,2.220029012e-08,1.215657235e-07,3.429531157e-07,1.64619645e-06,5.372499772e-07,2.703887973e-06,6.739253935e-07,3.901403649e-06,1.327411506e-05,2.679368499e-05,6.210907036e-05,0.000152115347,0.0001015552524,0.0001105424301,4.151090898e-05,5.40727378e-06,4.498654271e-06,2.570635835e-07,1.275217469e-06,3.783206846e-06,2.222029503e-06,9.909518148e-07,1.332089738e-05,1.067725838e-05,3.742519349e-06,2.665025469e-05,3.069316312e-05,8.283804659e-06,3.34584714e-05,2.634380424e-05,1.345298518e-05,6.717074583e-05,6.021803566e-05,0.0001465393652,0.000838389998,0.005828413086,0.006730469644,0.004974033003,0.009235541761,0,0.02808443949,0.008763799446,0.007553456309,0.01531791224,0.01343999353,0.003843784322,0.003005252126,0.003267477794,0.002449716793,0.0006913701477,0.001593813507,0.001431475602,0.0004937587367,0.0005202085556,0.0001877572221,0.0003434443326,0.0001383496485,0.0001803212468,0.0001457333633,0.0001039808775,2.559713042e-05,1.498932061e-05,1.427510823e-05,2.851801616e-05,2.371221397e-05,3.982275695e-05,0.0003507102708,0.0001134283268,0.001355568991,0.00134928094,0.002436939334,0.001158087229,0.0006733074731,0.001400369919,0.002112954221,0.002307525813,0.00695821059,0.009094925624,0.00718872484,0.005801918091,0.0005910554476,0.001311960804,0.000246344157,0.0005585316961,0.000357104996,0.0002700430686,0.0001043638437,0.0001298829881,0.0001488875754,0.0001555298742,0.0001183387336,0.0001082395447,3.184411691e-05,0.0001033015337,0.0001004003993,0.0001308704437,0.0007569717036,0.0009068442215,0.000402121559,0.0005123877766,0.0001815494046,0.0003793670889,0.0001736410128,0.0003980867917,0.0004155868151,0.0001067658581,0.0001657826033,6.676068652e-05,4.13237754e-05,3.747651557e-05,6.124756578e-05,1.175860587e-05,6.563878831e-06,2.2460137e-05,2.230497912e-05,5.708435992e-06,4.874140148e-06,7.894503357e-06,2.820684395e-06,1.901185608e-06,1.607332813e-06,2.339052152e-06,8.384888344e-07
A:87,2.630243039e-06,4.593973743e-06,1.596449137e-05,3.898649989e-05,0.000117935062,3.961629017e-05,0.0004135230031,0.0002141277851,0.001729472766,0.001236258213,0.001402786719,0.0006206263231,0.0007166547131,0.001090277768,0.0004639640275,0.0001951495662,2.968611584e-05,7.795674957e-05,0.0001101656985,8.903035931e-05,2.818622566e-05,2.561559421e-05,1.582326097e-05,8.0414773e-06,1.315029189e-05,7.859064487e-06,5.647306266e-06,4.050885942e-05,8.79317395e-06,4.355872158e-06,6.145329745e-06,2.074358065e-05,2.352994629e-05,0.0002418916152,8.643458942e-05,0.0001167246709,0.0001145692509,5.540129286e-05,4.975228578e-05,4.738008244e-05,1.595005711e-05,1.411811674e-05,4.108034545e-06,2.83614102e-06,1.020305727e-06,2.438236722e-06,1.085317754e-08,9.099116011e-08,4.079507422e-07,2.441589523e-06,2.194109309e-06,6.732985464e-06,3.819615547e-06,1.805021153e-05,4.498904511e-05,8.081912823e-05,0.0001198379696,0.0003526192186,0.0002353649045,0.0001726519269,5.95130595e-05,8.409214348e-06,4.360922769e-06,4.474958832e-07,2.972679429e-06,6.27876786e-06,5.479930251e-06,2.738212319e-06,1.086717021e-05,2.661176105e-05,1.353726287e-05,1.788445268e-05,6.716051366e-05,4.761202597e-05,0.0001024564205,8.084834488e-05,6.813001735e-05,0.0002785771644,0.0001365741257,0.0005436635352,0.0004918153117,0.004649284453,0.005672874758,0.004058358966,0.01324125743,0.02808443949,0,0.01223097572,0.00728549605,0.009811963631,0.01361538279,0.004917996969,0.00323342189,0.001106623933,0.0009920643313,0.002124635418,0.0006540553555,0.000896696379,0.000497382312,0.0003193808863,0.0001233881046,0.0004308924675,0.0001686446374,0.0001443567971,0.0001687799792,0.0001276950849,3.55960743e-05,2.524066412e-05,4.77159647e-05,6.664805464e-05,7.017190474e-05,0.0001107139105,0.0001989933791,0.0007147040394,0.000534770943,0.0008883056192,0.001650313916,0.0004137530952,0.0005403829272,0.001077610556,0.001781315555,0.002094098807,0.006490026881,0.009993174295,0.007974825969,0.005170439181,0.0005375252926,0.001127811397,0.0002570064251,0.0004682254912,0.0003055291781,0.0002261233089,9.647218589e-05,5.119729386e-05,0.000137079947,0.0001101568923,0.0001336566419,0.0002057425009,7.883751494e-05,0.0002060167644,9.276300753e-05,0.0001651063836,0.0006271591606,0.0003751455352,0.0001431306712,0.0002256041245,0.00013986867,0.00025219568,0.0001316839883,0.0001636816716,0.0002234130132,7.126244416e-05,7.773230909e-05,6.32307207e-05,6.082705129e-05,2.531005522e-05,5.636420738e-05,1.871099248e-05,5.871353012e-05,4.57212461e-05,3.44375653e-05,2.417063709e-05,2.388005662e-05,2.84926407e-05,1.121347633e-05,1.455664779e-05,5.757241251e-06,6.355767241e-06,1.941891316e-06
A:88,2.642468844e-06,5.022204746e-06,2.040421938e-05,3.712242344e-05,0.0001105000649,7.044501547e-05,0.000350529288,0.0003872946895,0.0008938775931,0.00142278432,0.001352241779,0.001003018253,0.002642127826,0.001857802235,0.001422616599,0.0005407157241,0.000460318865,0.0001011169534,0.0002560880194,0.0003029857511,8.161272445e-05,2.539037936e-05,0.0001017956563,4.653907009e-05,5.279815141e-05,5.019417584e-05,3.08527921e-05,1.81091218e-05,3.773997029e-05,1.53463774e-05,3.237467234e-05,0.000124499758,4.838498353e-05,0.0003958674714,0.0001095364146,0.0001459672961,0.000158526633,0.0001025764854,9.701520051e-05,5.785555963e-05,2.717098957e-05,2.650724362e-05,4.457054278e-06,2.669901101e-06,1.085979959e-06,1.882775022e-06,7.590629699e-08,2.766092669e-07,6.258915107e-07,2.523787362e-06,1.473051e-06,6.102863015e-06,5.549360911e-06,2.13134759e-05,6.353184159e-05,0.0001044323529,0.0001611913526,0.000428244406,0.0002066722852,0.000184915042,4.676604913e-05,5.581599965e-06,3.060456845e-06,5.065255414e-07,2.002218839e-06,9.132027189e-06,9.843087065e-06,4.688134301e-06,3.011078003e-05,5.207497834e-05,4.169389249e-05,9.023233675e-05,0.0001748641031,8.251972115e-05,7.173446371e-05,0.0001054978398,7.368349689e-05,0.0002056476824,0.0003406997725,0.001033157418,0.001643845327,0.003330072898,0.004263413574,0.002811510349,0.002890573391,0.008763799446,0.01223097572,0,0.009031328015,0.01321782087,0.02443915822,0.00828663658,0.005389276732,0.007457680448,0.004132805396,0.001936132952,0.004278779305,0.003941681799,0.002226817252,0.001895020016,0.00040351527,0.001329756632,0.0006096404993,0.0005720599802,0.0005083958833,0.0003225612215,8.397239973e-05,6.04254907e-05,7.832885302e-05,0.0001009504206,0.0001101345137,0.000229558012,0.0003897489992,0.0006601748943,0.0007787685509,0.001428167479,0.000748574609,0.001034642935,0.0009189637781,0.001848435749,0.001697317306,0.002858929246,0.00398742965,0.005358688478,0.00314244614,0.00398757041,0.0005255512105,0.001172221783,0.0001734982169,0.0002035418953,0.0003865655026,0.0001845386035,4.167985006e-05,6.056564796e-05,0.0002761439376,0.0001264875658,0.0001126844167,0.0001988906067,0.0001992882705,0.0005510757579,0.0004686785458,0.0005635327941,0.000965009835,0.0003571569886,0.0001167396999,0.000136767643,5.96352482e-05,0.0004918803739,0.000133808301,0.0004901083263,0.0004792750655,7.807286001e-05,0.0003390670721,0.000258663461,7.514305234e-05,2.350866236e-05,8.070541697e-05,3.595941627e-05,5.521976161e-05,3.475385678e-05,3.238287476e-05,2.664459688e-05,2.980700366e-05,2.855353358e-05,1.353363528e-05,3.177131267e-05,7.635534117e-06,7.648331985e-06,2.805514932e-06
A:89,5.730419271e-06,1.214307136e-05,4.609799504e-05,8.343295101e-05,0.0003797946464,0.0001198736138,0.001080319126,0.0006552893437,0.00404035345,0.006807471682,0.01115834869,0.002388445033,0.001298438784,0.01154116338,0.002044050078,0.001661330545,0.0002100500913,0.0003518124143,0.0002425219009,0.0001397586616,0.0001546967043,0.0001102232811,5.899568795e-05,1.96752058e-05,2.699278085e-05,2.779780219e-05,1.88561851e-05,9.888242651e-05,2.901113937e-05,1.440126999e-05,4.306160686e-05,0.0001404482842,5.99726746e-05,0.0004941940501,0.0001266579894,0.0001617442183,0.000159743685,6.153074829e-05,7.672180936e-05,4.553575956e-05,2.668429017e-05,3.302528228e-05,8.421240837e-06,5.395904885e-06,2.473311932e-06,9.039561836e-07,3.000863671e-07,9.581921989e-07,1.487710729e-06,5.839106188e-06,2.943761693e-06,8.74737184e-06,1.526597628e-05,3.378702867e-05,7.362384604e-05,0.0001835445378,0.0003112068163,0.0007704621693,0.0004477659002,0.000296387725,8.899308587e-05,1.404036683e-05,1.82900017e-05,1.050691486e-06,6.066635829e-06,9.0129858e-06,6.564040879e-06,2.534812906e-06,2.412945415e-05,4.356213353e-05,9.640489967e-06,2.824840527e-05,5.033429186e-05,7.316931624e-05,0.0003766112164,0.0001632215774,0.0001629738122,0.0007617362747,0.0008421434845,0.001619045316,0.005915962472,0.005599965002,0.005610733368,0.007122977623,0.002874443499,0.007553456309,0.00728549605,0.009031328015,0,0.00978110914,0.006359023859,0.006996680799,0.00654269657,0.002376235497,0.002299065544,0.002199958845,0.000803245998,0.001210749838,0.0005208799703,0.0003739978039,0.000161627497,0.0003411126482,0.0001144464236,0.0002114294442,0.0002082333063,0.0001639769326,6.28309376e-05,3.517007247e-05,8.909715248e-05,0.0003054451418,0.0002382406877,0.000378750956,0.00163614584,0.001534197935,0.001396919175,0.002819867131,0.0007346412244,0.001816760616,0.0001756551343,0.0004092695193,0.0006953855398,0.0007674637795,0.001638786238,0.001596829107,0.005292708621,0.00106644189,0.0001947634872,0.0003324279658,0.0001783322725,0.000430270977,0.0001409994525,9.80078183e-05,6.02598143e-05,7.695478064e-05,0.0002067414744,0.0001313213394,3.177483029e-05,7.163821192e-05,0.0003113727858,0.0006942199873,0.0004061967524,0.0006994872288,0.0005531014539,0.001062220673,0.000152185225,0.0007275350526,8.300306154e-05,0.0001518535892,0.0001242300496,0.0002683708787,0.0006202870846,0.0002607183518,0.0002515724062,0.0001975406396,0.0001950211307,7.772211999e-05,3.598079907e-05,5.461685536e-05,0.0003577876528,4.580265656e-05,2.472288835e-05,0.0001309287897,0.0001011833801,4.869180958e-05,1.999539488e-05,6.283219239e-05,8.561179107e-06,1.269439983e-05,3.280042421e-06
A:90,2.633340739e-06,4.961735613e-06,1.819173381e-05,3.360510771e-05,0.0001440522134,2.567732279e-05,0.0005763684617,0.0003746515792,0.003373373307,0.00443458353,0.004898385526,0.001382961284,0.001564897176,0.004399236626,0.0006469042739,0.001188304302,0.0001983530855,0.0002039577021,0.0002236856411,0.0001738972425,0.000121352557,4.227357905e-05,6.539382684e-05,2.44168897e-05,3.099590344e-05,2.480554571e-05,1.064761536e-05,2.318374484e-05,1.170080187e-05,6.652845011e-06,1.827945954e-05,7.002513908e-05,5.317605691e-05,0.0004519649287,0.0001221820605,0.0001776697537,0.0001046345264,4.244135295e-05,3.73822773e-05,3.747380845e-05,1.767481348e-05,2.347610159e-05,5.234331915e-06,3.387314808e-06,1.22742128e-06,1.136927593e-06,4.432986996e-08,2.529834368e-07,5.783064947e-07,2.832244666e-06,1.104541829e-06,4.597235506e-06,3.750423737e-06,1.368050084e-05,4.889696203e-05,0.0001140606329,0.0003382409833,0.0006869981164,0.000385922559,0.0001402095003,7.923298768e-05,7.762809955e-06,6.636022321e-06,1.312004006e-06,4.216036939e-06,1.134207295e-05,8.46546564e-06,4.1455309e-06,1.021364847e-05,3.340853544e-05,1.223964313e-05,2.713100089e-05,5.180150963e-05,3.106115724e-05,0.0001225250051,4.830627167e-05,3.902133013e-05,0.0002861629701,0.0001817144577,0.0006358262302,0.0009260070772,0.005460838004,0.005324638286,0.00754855918,0.01234118866,0.01531791224,0.009811963631,0.01321782087,0.00978110914,0,0.009021637854,0.008535146423,0.01050949539,0.002395043148,0.002811623863,0.001543702456,0.0007069689567,0.001083382019,0.0004995538836,0.0003285574127,0.000114383251,0.0002690312463,9.865448962e-05,0.0001658424375,0.000163222154,0.0001136269947,5.421225747e-05,1.826359937e-05,3.007220147e-05,5.34654642e-05,2.902556729e-05,5.655344649e-05,0.0006460718285,0.0004308659705,0.00268109566,0.001695337157,0.0009008237578,0.0002190317376,0.0002146333873,0.0009007696196,0.001047553778,0.001671198566,0.0006942259691,0.009270309924,0.0128404973,0.0007395809069,0.0004231750088,0.0002625409069,0.0005850893077,0.001673865195,0.0002640109069,0.0001096301542,0.0001636696722,0.0001228616486,0.0001001726269,7.081702579e-05,4.825140666e-05,5.326529229e-05,5.622200946e-05,0.0001570276429,0.0001717008267,0.0001751214676,0.0003390701846,0.0009511338851,0.0002540058422,0.0001678224779,0.0001103929644,0.0001469710105,8.036508926e-05,0.0001760734317,0.0002701326206,6.663526574e-05,9.628629164e-05,5.109347113e-05,3.605553472e-05,2.546475545e-05,3.06726466e-05,8.969389515e-06,5.470685487e-05,1.203349261e-05,1.573119576e-05,1.60338867e-05,1.57653682e-05,1.242059666e-05,4.910725708e-06,9.540014617e-06,2.995412949e-06,4.636990966e-06,1.573135594e-06
A:91,3.679319991e-06,6.621988209e-06,2.60007178e-05,4.158784877e-05,0.0001099658085,8.612028285e-05,0.0003596708787,0.000368277468,0.002000659975,0.001764310474,0.002252653137,0.0007764570524,0.001748995198,0.0008489151556,0.0005506139924,0.0003172572505,0.000311008623,5.210825602e-05,0.0001350424944,0.0001352363017,5.311774846e-05,1.627777137e-05,6.002011817e-05,3.478856245e-05,3.507133811e-05,3.455481633e-05,2.019243183e-05,1.067320276e-05,2.493366015e-05,1.12124148e-05,2.565135241e-05,9.811582415e-05,5.621759292e-05,0.0003204668022,0.0001238232741,0.0001763318724,0.0001402690591,7.548004507e-05,9.390282683e-05,5.200203371e-05,2.364235426e-05,2.772246383e-05,5.038874164e-06,2.670890723e-06,1.12109309e-06,5.697386563e-07,1.016740671e-07,3.46635928e-07,6.817529729e-07,2.896035566e-06,1.731455908e-06,7.072177782e-06,8.791858697e-06,2.899874738e-05,8.041226007e-05,0.0001388861094,9.864291538e-05,0.0004794396831,0.0002652747276,0.0002039863896,6.964627462e-05,5.074452006e-06,4.981550197e-06,1.012227823e-05,1.270141445e-05,2.568993381e-05,3.298602064e-05,1.028704838e-05,7.261959544e-05,9.963850974e-05,0.000144365646,0.0001459537992,0.0005509161039,0.0002339451934,9.472261193e-05,7.765103034e-05,6.828639521e-05,0.0001847029366,0.0003257397241,0.0006151014293,0.0007095652973,0.001781623581,0.001574226483,0.001016352355,0.001508660155,0.01343999353,0.01361538279,0.02443915822,0.006359023859,0.009021637854,0,0.01484124198,0.006307043216,0.01312754575,0.01263696235,0.007166816381,0.005732978725,0.004273120219,0.002659918455,0.003783798231,0.0008304065248,0.002461497993,0.001500982093,0.001440376293,0.001596452701,0.0007221948607,0.0002190453955,4.961854036e-05,4.313276831e-05,8.205185905e-05,7.058318703e-05,0.0001118097539,0.0001875132105,0.000278099541,0.0003879808043,0.0005408252609,0.0003949368373,0.0003487473382,0.0002834134518,0.0005353524681,0.0005497517428,0.000864839618,0.0008523541866,0.001718465018,0.001227284379,0.0008328273589,0.0001318404632,0.0002616795085,6.499407961e-05,0.0001281111364,0.0001044733104,6.639533824e-05,3.352126594e-05,2.335764483e-05,0.0001033412187,6.975808983e-05,4.742555436e-05,7.834198754e-05,0.0001110224661,0.0002786825616,0.0002044301023,0.0002456295701,0.0003649767882,0.000211034308,7.93197624e-05,9.571420708e-05,3.830967656e-05,0.0002149615224,7.031225565e-05,0.0002088036823,0.0002132442337,4.892646211e-05,0.0001875551076,0.0001358536404,3.814194251e-05,1.456363787e-05,3.021023659e-05,1.802380606e-05,4.340385727e-05,1.909701522e-05,2.14665596e-05,2.895239596e-05,2.814237193e-05,2.670774211e-05,1.422631203e-05,2.282376172e-05,7.956480448e-06,7.306637111e-06,2.617211486e-06
A:92,7.657136851e-06,1.472203872e-05,6.20085701e-05,0.000101468729,0.0004037587698,0.0003123449543,0.0004924607567,0.001044605893,0.00387676835,0.005828796545,0.01250742629,0.00189525796,0.0004674024348,0.003321595451,0.002478383304,0.0006355464988,0.0002923501129,0.0001407817581,0.0002662303527,4.93319398e-05,7.169402637e-05,4.379203156e-05,4.170574497e-05,4.308464862e-05,2.539280878e-05,3.359414253e-05,2.4441076e-05,4.870245839e-05,4.463234993e-05,1.706242644e-05,3.619764639e-05,0.000125249613,4.899828858e-05,0.0002932353448,9.542794199e-05,0.0001378973643,0.000154433291,4.605928684e-05,0.0001028708243,4.19502392e-05,1.982037094e-05,2.584275114e-05,6.374826983e-06,3.204551268e-06,1.802566362e-06,7.219534563e-07,2.970886748e-07,7.863569298e-07,1.20337389e-06,5.529192715e-06,5.173247597e-06,1.296289186e-05,3.282204744e-05,6.725407151e-05,0.0001329441955,0.0002823996807,0.0001414395248,0.0008016436095,0.000540198156,0.0002707717821,6.586220109e-05,1.636337288e-05,8.767179179e-06,2.664372823e-06,3.171513544e-06,2.564025233e-05,2.743882995e-05,4.478877472e-06,3.823662473e-05,0.0001375696694,7.692605413e-05,0.0001411187667,0.0002519614852,9.216863834e-05,0.0002031414715,0.0001616538445,0.0002108423015,0.0006734594042,0.001025356507,0.004043557344,0.001945679488,0.006357511008,0.001698777734,0.0006801292937,0.003403776302,0.003843784322,0.004917996969,0.00828663658,0.006996680799,0.008535146423,0.01484124198,0,0.009765661286,0.008452111458,0.008577738726,0.01054282957,0.007158794194,0.003144862323,0.0015967765,0.00139624787,0.001486109367,0.001053365727,0.0004646202364,0.0006827617576,0.0007602873745,0.0004304305605,0.0002403162522,6.118416189e-05,0.0001582732189,0.0001465616051,0.0002972063459,0.0002950639572,0.001324263347,0.001740595982,0.0005471350144,0.001298597504,0.001233128701,0.0008948515929,0.0001825122308,0.0005059610362,0.0005337806202,0.0008946146763,0.001317336319,0.002481824968,0.0007697422632,0.001024808383,0.000184084828,0.000286996535,7.159786382e-05,3.928027092e-05,5.321539016e-05,8.00412654e-05,4.035790809e-05,4.595097856e-05,7.799261575e-05,6.956659339e-05,1.299533166e-05,7.917799986e-05,0.0002997124311,0.0005134952562,0.0004717739513,0.0008085165827,0.0003861976175,0.0004857326032,0.0001155775111,0.000495255852,6.26941412e-05,0.0002083701777,0.0001467800516,0.0003344916438,0.000427509547,0.0001432208234,0.0001823463297,0.0001653990416,0.0004278399257,9.749924641e-05,2.950951417e-05,8.503991865e-05,0.0003643466872,8.479931161e-05,3.046519686e-05,8.388190228e-05,7.99431168e-05,5.825589329e-05,2.317996583e-05,9.903934652e-05,1.189338804e-05,1.516514603e-05,4.361262402e-06
A:93,1.085794259e-05,2.015580865e-05,6.465999276e-05,0.0001424167631,0.0005623329892,0.0001662344518,0.00180115684,0.002346299694,0.004570604378,0.01131699522,0.01029988243,0.0005596949183,0.001749374368,0.003417971683,0.0013976934,0.000485573846,0.0001694196907,4.451710045e-05,0.0001027746845,4.005182114e-05,4.273353787e-05,2.020948921e-05,3.370051194e-05,2.523868383e-05,2.020563048e-05,2.052078245e-05,1.021360527e-05,2.342390669e-05,1.444482825e-05,6.163168754e-06,2.197533646e-05,6.199389415e-05,9.988386207e-05,0.0003531510923,0.0001196578003,0.0001881966574,0.0001167577095,7.338900666e-05,6.435595262e-05,4.84954207e-05,1.644233076e-05,2.958184741e-05,1.012393697e-05,5.372513738e-06,2.046405882e-06,2.767307828e-06,5.014178678e-07,1.053892617e-06,1.35737644e-06,6.843020508e-06,7.969970555e-06,1.263840726e-05,1.03382779e-05,3.365518702e-05,8.567257344e-05,0.0001716148937,0.0007627316616,0.0007663131999,0.0003354935607,0.0006059357149,0.0001494425643,3.900544297e-05,1.17525481e-05,1.708857594e-05,1.578800651e-05,4.760608484e-05,2.904805866e-05,2.282501009e-05,2.61019113e-05,9.336760608e-05,4.145203219e-05,7.027177365e-05,0.0001614660526,9.284869567e-05,0.0003988729185,0.0001270631576,0.0002336865218,0.0008207692414,0.0007218480572,0.01236708802,0.009382206875,0.009340747542,0.002610076124,0.001229930148,0.003896115318,0.003005252126,0.00323342189,0.005389276732,0.00654269657,0.01050949539,0.006307043216,0.009765661286,0,0.007046584421,0.005394148385,0.008228990125,0.008675903705,0.005005805553,0.002321691347,0.001484707799,0.000208910586,0.001914848895,0.0004089385026,0.0005331661326,0.0007914106793,0.0004378716449,0.0003430132376,5.827168147e-05,3.155824484e-05,0.000243616639,0.0005369291216,0.0004035649968,0.001005637653,0.003618340314,0.0003264980862,0.0004025197762,0.001511937534,0.0003441242753,6.160607076e-05,0.0002408200482,0.0002175128609,0.0002724075615,0.0001803239968,0.001103425162,0.0002392322195,0.0001612933055,5.205391227e-05,6.583088456e-05,3.725259791e-05,0.0001184332232,5.987428484e-05,1.851730971e-05,1.424972363e-05,2.079902275e-05,8.004744589e-05,3.215880586e-05,7.866302681e-06,5.946032522e-05,0.0001866494567,0.0002737867277,0.0003709701571,0.0006504098218,0.0001519450004,0.0001969837338,0.000201442432,0.0002363844568,6.115299323e-05,8.842370398e-05,9.872053962e-05,0.0001247836543,0.000219358717,6.594164504e-05,6.455708961e-05,9.531186514e-05,0.0005099811165,0.0001307473592,4.74129374e-05,3.560882156e-05,0.0005594926675,0.0001009209444,1.99012168e-05,3.533390887e-05,0.0001258306444,5.456487381e-05,1.689554776e-05,4.627672479e-05,6.076154121e-06,1.126328376e-05,3.934552399e-06
A:94,3.478332842e-06,5.756789729e-06,1.68234236e-05,2.110243806e-05,5.296996308e-05,3.3320152e-05,0.0001564873614,0.0002758797326,0.0005219036648,0.001718617296,0.001537855486,0.0003970758108,0.001130644177,0.000831518649,0.0007020013819,0.000164562893,0.0001396745216,4.010913416e-05,0.0001053461211,2.45774966e-05,1.09780141e-05,9.251099533e-06,1.69564844e-05,1.552898141e-05,1.276103642e-05,1.732621789e-05,1.241502287e-05,1.358401296e-05,1.368193488e-05,8.103139923e-06,1.372957959e-05,4.538011662e-05,4.511017152e-05,0.0001870904173,6.855360586e-05,9.377867584e-05,4.085670224e-05,2.822404504e-05,4.047053662e-05,1.951797902e-05,7.288668528e-06,1.031685589e-05,3.014965484e-06,1.828210143e-06,7.729309297e-07,2.084976756e-07,1.096679608e-07,2.933359067e-07,5.567015795e-07,2.148014566e-06,1.143459827e-06,3.535948276e-06,3.894799789e-06,1.11950986e-05,3.478344884e-05,4.35897875e-05,4.355075772e-05,0.000134037604,0.0001196226563,0.000258839909,5.077451441e-05,4.285796505e-06,3.337458007e-05,4.977235484e-05,1.414647228e-05,5.4951584e-05,7.430798904e-05,3.859938557e-05,0.0003144811937,0.0002913592421,0.0004402620319,0.0002530930249,0.001269814296,0.0005381523343,0.0001260155712,3.859671507e-05,3.2259758e-05,7.508935817e-05,0.0001307267216,0.0006840736358,0.0003684982271,0.0007616930142,0.001022695845,0.0004610356019,0.001014101936,0.003267477794,0.001106623933,0.007457680448,0.002376235497,0.002395043148,0.01312754575,0.008452111458,0.007046584421,0,0.03265756012,0.007675512672,0.01229136391,0.01019682659,0.02321712708,0.004725729577,0.001073003643,0.003983896109,0.004686366598,0.002890418325,0.004571305298,0.001665972732,0.0009750648224,0.0001685577249,0.0001224235065,3.448780491e-05,2.15668328e-05,2.478385401e-05,5.078874813e-05,8.864930403e-05,0.0002034936064,0.0003129443388,0.000347061403,0.0004231431651,0.0001404592792,0.0003572458917,0.0002551675008,0.0005362152508,0.0005916971345,0.001480673054,0.0003066814177,0.0004567967151,7.056470195e-05,0.0001163216808,3.306088435e-05,2.52119384e-05,2.589559388e-05,2.829117206e-05,1.472379033e-05,3.945680194e-06,7.37989083e-06,1.86202528e-05,5.088623136e-06,1.12857164e-05,2.45136857e-05,4.673561213e-05,8.432426583e-05,7.341895493e-05,0.0002055913004,0.0001002700043,5.206906624e-05,7.016391779e-05,2.679231732e-05,0.0001327431158,9.072698399e-05,0.0001687779702,9.786610535e-05,3.524362548e-05,5.133225296e-05,2.127184922e-05,2.520395017e-05,1.680998774e-05,4.665376754e-06,6.060404683e-06,1.803231255e-05,1.453613026e-05,1.610459451e-05,1.141550188e-05,1.76372544e-05,1.897112351e-05,9.549120873e-06,9.894895623e-06,6.666887921e-06,6.920809393e-06,2.685810643e-06
A:95,3.903915847e-06,6.819093323e-06,1.948978292e-05,2.587783958e-05,7.226893494e-05,3.154937325e-05,0.0001552659167,0.0002702120507,0.0005531606129,0.001762537349,0.001393716997,0.0002833726355,0.0007801482953,0.0007518481281,0.0006133787106,0.0001677546228,0.0001085890349,3.195960443e-05,8.610202374e-05,2.066845038e-05,9.669364386e-06,7.480495905e-06,1.341620354e-05,1.221588928e-05,1.043308536e-05,1.448268376e-05,1.030946479e-05,1.203206634e-05,1.176788368e-05,6.609784508e-06,1.159917612e-05,3.708395998e-05,3.755119226e-05,0.0001331675846,5.293877056e-05,7.532035069e-05,3.716687201e-05,2.299605377e-05,3.081582282e-05,1.61283032e-05,5.538322557e-06,9.32575005e-06,2.994912668e-06,1.966599338e-06,7.991371921e-07,2.903542345e-07,1.268114411e-07,3.233617688e-07,6.046119586e-07,2.34776304e-06,1.415391204e-06,3.723577172e-06,3.588413177e-06,1.045602337e-05,3.663271539e-05,4.733553838e-05,5.599280663e-05,0.0001511964797,9.792590622e-05,0.0001700266207,4.759502614e-05,8.06651106e-06,4.095831499e-05,3.77551948e-05,1.236947325e-05,4.673987333e-05,6.567590192e-05,3.127483079e-05,0.0001076560717,0.0001858984554,0.0003542729928,0.0008876249303,0.001141663827,0.0005093246526,0.0001886261038,6.878874458e-05,3.822374935e-05,7.678247577e-05,0.0001309031549,0.0006647087622,0.0003824953262,0.0006066282212,0.0006728301199,0.0002733801974,0.0008577858745,0.002449716793,0.0009920643313,0.004132805396,0.002299065544,0.002811623863,0.01263696235,0.008577738726,0.005394148385,0.03265756012,0,0.008300041274,0.01274827702,0.008901665997,0.01309099381,0.01124462619,0.002711359073,0.003021317877,0.001233035374,0.004076226726,0.003243742728,0.001574077387,0.001096920162,0.0002534654204,0.0002490996513,5.766609223e-05,2.142650584e-05,2.0460261e-05,4.097916569e-05,7.009766326e-05,0.0001666242771,0.0002586173167,0.0002920568506,0.0003187910617,0.0001015668326,0.0002437123035,0.0001738706134,0.000352019442,0.0003739655192,0.0009351807444,0.0001883151502,0.0002934484018,4.786898567e-05,8.054916832e-05,2.343976567e-05,2.102793519e-05,1.852344956e-05,2.108060747e-05,1.09257654e-05,3.71411848e-06,6.647432866e-06,1.633913218e-05,4.458438373e-06,1.042685175e-05,2.36671141e-05,3.897763008e-05,6.967237241e-05,5.936263004e-05,0.000161871932,8.309421588e-05,4.151214768e-05,7.593450241e-05,1.882444064e-05,0.00010354929,7.347153556e-05,0.0001388793558,8.007094249e-05,2.791808744e-05,4.237396223e-05,1.673510465e-05,2.839699329e-05,2.072579224e-05,5.416272837e-06,5.467163899e-06,2.194797418e-05,1.4061282e-05,1.757940129e-05,1.884341489e-05,2.456337718e-05,1.891987838e-05,9.71497179e-06,1.741379392e-05,6.592073445e-06,6.655538309e-06,2.620806876e-06
A:96,2.83294041e-05,5.274116393e-05,0.0002760379038,0.0003267849939,0.001647662177,0.001299570743,0.000756459782,0.007036412261,0.01179048183,0.008524771213,0.009028851176,0.0001863197269,0.001132677283,0.003182697441,0.0007554276114,0.003145586264,9.654195535e-05,4.07953506e-05,6.447758544e-05,0.0002783531133,6.790497142e-05,1.448366931e-05,1.379947854e-05,1.807709786e-05,6.35574446e-06,8.265591272e-06,4.512172057e-06,2.23248018e-05,5.871144201e-06,4.790054275e-06,1.216109121e-05,1.321348066e-05,7.411096058e-05,0.0001795513225,3.863796052e-05,7.182248966e-05,0.0002155530472,8.515997288e-05,0.0002530590378,0.0001662006021,7.472992522e-05,9.415142801e-05,2.190736419e-05,1.084695693e-05,6.54157105e-06,3.741480664e-06,1.121791386e-06,2.599308604e-06,3.899204909e-06,2.067525598e-05,2.224058687e-05,6.057872902e-05,0.0001750916396,0.0003398365557,0.000733662923,0.001089874862,0.0002839192179,0.001012144043,8.722616782e-05,0.0007088690885,7.643102234e-05,3.600699869e-05,1.708491679e-05,3.265386616e-05,1.103610026e-05,4.308983146e-05,3.012525901e-05,0.000106495842,0.0002382532188,0.0001348809619,7.031188082e-05,0.0006323316633,0.0003437731608,0.0002822863926,0.0003608854794,0.0003259756528,0.0003750726757,0.001509435365,0.001358033184,0.008952602277,0.002806123718,0.001689563945,0.001485822093,0.0002383967898,0.001385024436,0.0006913701477,0.002124635418,0.001936132952,0.002199958845,0.001543702456,0.007166816381,0.01054282957,0.008228990125,0.007675512672,0.008300041274,0,0.009453365349,0.006039639805,0.006097094523,0.01077978854,0.005478487605,0.003275194053,0.00187333095,0.0007682065584,0.001511333867,0.0008921949293,0.0009901313023,0.0002720081639,0.00036527263,0.000115661775,0.0002453695621,0.0001221885537,0.00103121482,0.0009707602025,0.0003354143193,0.0004402370853,0.001064433965,0.0004428597142,3.719606237e-05,8.921285374e-05,0.0001044628161,0.0002301853682,0.0002759239244,0.0007632146914,0.0002178059027,0.0001793560657,3.71802357e-05,4.891728475e-05,3.365541898e-05,8.098436532e-05,6.801703463e-05,5.839340077e-06,1.148374807e-05,2.008344851e-05,5.397196362e-05,2.874751732e-05,8.921523808e-06,6.623092491e-05,0.0001826290152,0.0002055774337,0.0003840759402,0.0005149793664,0.0001818049538,8.898220874e-05,0.0001699437437,0.0002626182284,3.446031272e-05,8.879277243e-05,0.0001300494827,0.0001707179428,7.903685883e-05,2.997538059e-05,1.864184811e-05,0.0001485103057,0.0007117121857,0.0001563018847,6.111582245e-05,9.351648407e-05,0.0005512062891,0.0001148936187,4.023224902e-05,0.0001036282188,0.0001197763974,8.37614394e-05,2.623902674e-05,0.000197735272,1.379016124e-05,2.055830901e-05,7.480214189e-06
A:97,4.150783701e-06,7.273182706e-06,1.963033873e-05,2.800152116e-05,7.827915827e-05,4.225938269e-05,0.0001488391341,0.0001787959691,0.0004230068194,0.0007501563218,0.001646028119,0.0001329987603,0.0003316855629,0.0001552764026,9.102584176e-05,0.0001152781556,1.454846602e-05,4.684277916e-06,7.255895522e-06,1.192303701e-05,3.348785126e-06,2.13935787e-06,1.816830203e-06,2.748684644e-06,1.636941583e-06,1.984012178e-06,1.35896303e-06,1.310325818e-06,9.152900997e-07,1.29724241e-06,3.058200189e-06,6.239679118e-06,1.900804547e-05,8.02441032e-05,2.285555448e-05,2.91737264e-05,1.45275621e-05,1.051453662e-05,1.614616184e-05,1.22230422e-05,6.390793094e-06,8.945678556e-06,3.505515066e-06,2.206470089e-06,1.017451982e-06,1.879875015e-07,1.318127719e-07,3.769373957e-07,7.11489353e-07,2.789173544e-06,1.450002076e-06,4.073198464e-06,5.213826462e-06,1.151342654e-05,2.401111857e-05,3.778710329e-05,4.436370004e-05,8.304209355e-05,3.261196833e-05,0.0001784565038,3.696658216e-05,3.429120672e-05,4.301422833e-05,4.739340377e-05,3.059888547e-05,5.63246991e-05,5.122109336e-05,7.454661855e-05,0.0004038998186,0.0001638528574,0.0002573890525,0.0009860111537,0.0008389365465,0.000374126132,0.0001266551223,9.963931233e-05,2.28652979e-05,0.0001239795508,8.592295695e-05,0.0009202994227,0.0001160369512,0.0005053083283,0.0004279204074,0.0002899781699,0.0002317900155,0.001593813507,0.0006540553555,0.004278779305,0.000803245998,0.0007069689567,0.005732978725,0.007158794194,0.008675903705,0.01229136391,0.01274827702,0.009453365349,0,0.02103542878,0.01435995787,0.01179192321,0.009009368861,0.01382034453,0.00313154808,0.001945674695,0.005388410002,0.001960670781,0.002201922608,0.0006033019347,0.000664870319,0.0001113633489,6.996678633e-05,2.38408369e-05,7.060535159e-05,0.0001273836752,6.709618268e-05,9.499605023e-05,8.964252445e-05,6.303211165e-05,2.337785348e-05,7.030115962e-05,7.040636975e-05,0.0001422277038,0.0001977781101,0.0004280474488,0.0002004414334,0.0001475171155,2.651281501e-05,3.107192661e-05,1.858833422e-05,7.025956722e-06,5.264763087e-06,4.133338318e-06,3.745973878e-06,3.195734191e-06,1.07370126e-05,4.229326788e-06,1.559379194e-06,1.179950552e-05,5.439754877e-05,3.41421748e-05,1.7173172e-05,3.398416652e-05,2.326232345e-05,3.536734224e-05,1.409595858e-05,1.086015472e-05,9.736563768e-06,1.608831807e-05,8.438760528e-06,1.104042137e-05,1.564596052e-05,6.589684811e-06,3.626595874e-06,8.748023851e-06,3.113275879e-05,9.405316499e-06,4.971024282e-06,1.335385783e-05,9.163691444e-05,2.494384208e-05,1.753522385e-05,5.269408112e-05,3.997432468e-05,4.207686549e-06,5.031777042e-06,0.0001384820271,5.045964438e-06,6.371939637e-06,4.049609541e-06
A:98,3.623213088e-06,7.02057574e-06,1.666074113e-05,4.261081524e-05,0.0001024467255,3.802729846e-05,4.523417301e-05,8.546933287e-05,0.0003498469577,0.0005419980508,0.0008681398056,0.0002251723902,0.0004805242307,0.0004096267896,0.0002243929477,3.46218678e-05,2.418080607e-05,1.087452737e-05,2.148233914e-05,3.892541105e-06,1.70034021e-06,2.408079034e-06,2.463483603e-06,2.55809202e-06,1.523576241e-06,2.15943156e-06,1.773268215e-06,3.139455047e-06,1.676236598e-06,1.354501893e-06,2.294630667e-06,8.847802298e-06,1.003969448e-05,8.270373687e-05,1.503865674e-05,1.523898696e-05,2.831995872e-06,1.942425382e-06,4.621957216e-06,3.782419449e-06,4.056842036e-06,4.559179649e-06,2.893882606e-06,2.064315188e-06,8.535224993e-07,1.043943827e-07,1.298947618e-07,3.439210683e-07,6.532522947e-07,2.33221381e-06,1.928553821e-06,4.251952986e-06,6.558520586e-06,1.136668493e-05,9.009358648e-06,1.203457512e-05,4.886656942e-06,1.472464465e-05,3.211791022e-05,8.745106111e-05,3.803863294e-05,7.353511484e-05,7.61034782e-05,0.0001174287772,3.528105709e-05,0.0002048493374,0.000226412647,4.360503633e-05,0.000897389558,0.0007090289048,0.001050808119,0.001067674225,0.002972563329,0.0007576394866,0.0002114514905,0.0002622059303,4.517353621e-05,2.10262823e-05,2.704909641e-05,0.0002545781269,0.0001420742275,0.0002733978079,0.0004793001596,0.0001996809491,0.0006096371266,0.001431475602,0.000896696379,0.003941681799,0.001210749838,0.001083382019,0.004273120219,0.003144862323,0.005005805553,0.01019682659,0.008901665997,0.006039639805,0.02103542878,0,0.02231431862,0.01095225842,0.006822428029,0.01568278269,0.00903199804,0.003996531795,0.004088074956,0.00164502295,0.002197607438,0.0004380795159,0.0003263200998,6.623449238e-05,2.075470541e-05,1.429352317e-05,2.417341986e-05,3.535830765e-05,5.92707469e-05,8.84654709e-05,0.0001258453499,0.0001339077496,3.454015484e-05,0.0001199359031,8.408837349e-05,0.0002146846358,0.0002641142183,0.0008178215479,0.0001685014148,0.0001729187874,2.623037379e-05,3.802469002e-05,1.53115197e-05,7.681268452e-06,3.370938386e-06,6.172370626e-06,5.356222598e-06,1.462816891e-06,1.175819496e-06,3.446042063e-06,1.167822204e-06,6.386220164e-06,1.074105765e-05,1.675259601e-05,2.24222811e-05,1.688666499e-05,4.297865545e-05,2.723810854e-05,1.959679017e-05,1.574902097e-05,1.197838424e-05,3.371865051e-05,2.495725087e-05,3.846564412e-05,1.608786627e-05,9.419730939e-06,9.9338381e-06,5.206744933e-06,1.499631296e-05,2.90364687e-06,3.306937889e-06,5.984954988e-06,1.370686121e-05,1.12705374e-05,1.087126896e-05,2.554312596e-05,3.75067564e-05,1.09410062e-05,8.456997343e-06,5.060801304e-05,5.94319305e-06,3.56295219e-06,2.371145575e-06
A:99,5.202807441e-06,9.537550774e-06,1.979384448e-05,4.749064896e-05,8.990008126e-05,4.751683059e-05,1.764031694e-05,0.0001173673412,0.0002719551079,0.0002020237948,0.0002428985214,5.867036962e-05,0.0001323392716,0.0001409055903,3.780381244e-05,5.07111194e-05,5.086859863e-06,2.374613326e-06,4.033170734e-06,5.375188203e-06,1.168493034e-06,6.26139651e-07,7.923695544e-07,2.176948316e-06,4.738071474e-07,4.956395725e-07,3.7363207e-07,5.922325891e-07,2.679056895e-07,4.100393341e-07,8.028548846e-07,2.013202709e-06,3.753023123e-06,2.622271824e-05,5.216434422e-06,4.203916341e-06,4.954685585e-06,3.747172335e-06,4.108381404e-06,3.636733371e-06,5.610722037e-06,5.478521664e-06,4.158358062e-06,2.429343168e-06,1.155363406e-06,3.411329059e-07,2.54412702e-07,6.025277136e-07,8.551860203e-07,3.364885148e-06,2.145744218e-06,5.193454602e-06,6.201083401e-06,9.913330127e-06,1.135072821e-05,1.201995671e-05,5.323737711e-06,2.037916845e-05,9.108716156e-06,3.377072932e-05,2.76228584e-05,2.87130926e-05,5.533437667e-05,4.804856951e-05,9.246158322e-05,0.0001049439479,0.0001126397243,0.000256164036,0.000951243389,0.000499533321,0.0006903963163,0.00304930245,0.0008930026123,0.0007127661775,0.0001964518624,0.0002501495587,4.932565166e-05,3.034307807e-05,1.903279278e-05,0.0001314590517,0.0001000040445,0.0001504821842,0.000170371985,9.669973988e-05,0.0001719932614,0.0004937587367,0.000497382312,0.002226817252,0.0005208799703,0.0004995538836,0.002659918455,0.0015967765,0.002321691347,0.02321712708,0.01309099381,0.006097094523,0.01435995787,0.02231431862,0,0.0175692596,0.005544870169,0.01221240801,0.0141420614,0.01334514209,0.005227988538,0.004065025641,0.003773642619,0.0009881270522,0.000678446518,0.0001391383342,4.920370882e-05,1.429742137e-05,2.676350819e-05,3.36778544e-05,2.011987568e-05,2.766714621e-05,3.615625799e-05,2.992944277e-05,9.329775256e-06,3.589249541e-05,3.793653242e-05,9.144869904e-05,0.0001107267003,0.0003126745422,9.336995041e-05,7.452770801e-05,1.318906574e-05,1.614896491e-05,8.3475606e-06,3.077722556e-06,2.311467415e-06,2.330323725e-06,1.992923989e-06,1.446917602e-06,1.120836225e-06,1.667871549e-06,8.276988808e-07,3.105270714e-06,1.438905147e-05,6.628366477e-06,1.399881286e-05,1.338328413e-05,7.876351707e-06,5.616709656e-06,5.331639421e-06,4.41406195e-06,3.785591196e-06,1.102513872e-05,5.87195294e-06,9.14051958e-06,3.281582338e-06,2.207231975e-06,4.433908146e-06,2.741966993e-06,1.481731943e-05,4.778433627e-06,3.973136093e-06,8.640859511e-06,2.732531884e-05,1.38946959e-05,1.547415501e-05,4.279704469e-05,3.307830927e-05,1.826911554e-05,1.385339381e-05,0.0001010425212,1.099987989e-05,7.998209961e-06,5.199053066e-06
A:100,4.340655022e-06,5.979089402e-06,1.480556135e-05,1.85212725e-05,3.119345041e-05,8.336928751e-05,7.128599057e-05,0.0002777872993,0.0005203040656,0.0005226543696,0.0002218241932,2.694555675e-05,3.471437465e-05,0.0001817181207,5.388658545e-05,0.0001451087655,6.742512126e-06,1.148022536e-06,9.65540612e-07,9.505072705e-06,3.093426758e-06,1.214620693e-06,1.450591674e-06,1.526875452e-06,1.998133756e-07,1.632130677e-07,1.393318039e-07,9.146252625e-07,2.450670624e-07,2.804251513e-08,1.048723896e-07,3.598055396e-07,7.491791322e-07,2.222818394e-06,1.680443586e-06,1.791326618e-06,9.572030724e-06,4.575679236e-06,7.318922319e-06,6.549209301e-06,5.904991441e-06,6.689438574e-06,3.657003178e-06,1.46477698e-06,9.418480616e-07,6.618988402e-07,4.16172036e-07,7.30795217e-07,7.340737974e-07,2.2299776e-06,1.270670851e-06,4.035028097e-06,9.955772319e-06,1.951231541e-05,4.890896575e-05,7.244036893e-05,1.189171586e-05,5.042056071e-05,2.589878159e-05,4.016621912e-05,9.656066823e-05,7.966329079e-05,9.305108909e-05,0.0002664831528,0.0002180862278,0.0003398671339,0.0005384920093,0.001386231295,0.002225007765,0.0004545181836,0.0007141911676,0.01728826333,0.009839190737,0.0004443102795,0.0002647986132,0.0001151478999,5.984630058e-05,0.0001214970918,9.178561169e-05,0.00033811454,0.0002027126442,0.0002841731421,0.0001686041625,7.557686656e-05,4.83949067e-05,0.0005202085556,0.0003193808863,0.001895020016,0.0003739978039,0.0003285574127,0.003783798231,0.00139624787,0.001484707799,0.004725729577,0.01124462619,0.01077978854,0.01179192321,0.01095225842,0.0175692596,0,0.005513616898,0.009636497146,0.01005866716,0.01540941973,0.01095539295,0.004903313742,0.005651653729,0.001222646416,0.0006260047783,0.0001111113686,6.383006077e-05,1.671019769e-05,5.924446751e-05,7.123417876e-05,5.516879625e-05,7.400962948e-05,6.500179152e-05,1.465829092e-05,3.159429824e-06,9.804942811e-06,1.349059356e-05,3.56330227e-05,4.929228147e-05,0.0001326797657,5.444799284e-05,3.633887457e-05,5.030023249e-06,6.905882105e-06,3.107994554e-06,5.740543076e-06,3.535053633e-06,1.300766618e-06,9.782823514e-07,1.399352321e-06,1.365253362e-06,1.222012759e-06,7.646906058e-07,2.169738459e-06,1.369819503e-05,5.344100403e-06,2.258303378e-05,3.119304336e-05,1.640252208e-05,1.405832413e-05,7.458488128e-06,1.444011924e-05,1.366273433e-06,9.137824642e-07,3.012803913e-06,3.636303931e-06,6.986499675e-06,4.825635313e-06,2.055675648e-06,4.410430021e-06,2.96586158e-05,1.115579691e-05,7.808061921e-06,1.034360511e-05,4.882874633e-05,1.497763089e-05,2.591834089e-05,3.21672768e-05,4.275445278e-05,2.69618318e-05,1.884664321e-05,7.8545492e-05,1.71389716e-05,1.868272625e-05,1.031139049e-05
A:101,2.127316315e-06,3.81550731e-06,9.04527169e-06,5.603915255e-05,5.611796768e-05,2.096922949e-05,0.0001023768528,0.0002784770659,0.0002373520782,0.0001843653156,0.000385829288,1.07831281e-05,4.638938655e-05,5.554102024e-05,2.032860671e-05,5.99174338e-05,3.566195139e-06,9.546049255e-07,2.5979146e-06,6.381842488e-06,6.077757587e-07,7.061822023e-07,1.742396783e-06,2.92599492e-06,1.297440694e-06,1.534579985e-06,7.509496472e-07,5.651399411e-07,2.377443282e-07,1.669645618e-07,3.396544177e-07,5.374847432e-07,3.236608928e-06,7.968312173e-06,3.909425204e-06,7.967727232e-06,1.052884385e-05,1.008582866e-05,2.147743769e-05,1.261370483e-05,6.204203266e-06,8.267373802e-06,3.473628732e-06,2.26821622e-06,7.883978351e-07,2.526115218e-06,8.991368117e-08,2.264133204e-07,5.001705737e-07,1.834708206e-06,3.490352017e-06,6.718541686e-06,7.661159071e-06,1.675291924e-05,5.257088494e-05,4.450623772e-05,2.696103794e-05,4.60320979e-05,7.031526145e-06,3.118550865e-05,4.640139157e-05,2.907501499e-05,3.886185285e-05,6.284469572e-05,4.189208041e-05,9.640350132e-05,0.0001542519194,0.0002323241768,0.0003466664461,0.00036957049,0.000500920657,0.003504417038,0.0008955649653,0.0004121145117,0.0007417821428,0.0005340192495,0.0004329015128,0.0002827611901,7.873329114e-05,0.0004912237964,6.032423279e-05,2.307296528e-05,6.525518713e-05,2.905788074e-05,8.252606667e-05,0.0001877572221,0.0001233881046,0.00040351527,0.000161627497,0.000114383251,0.0008304065248,0.001486109367,0.000208910586,0.001073003643,0.002711359073,0.005478487605,0.009009368861,0.006822428029,0.005544870169,0.005513616898,0,0.006465646529,0.007854813125,0.006375570881,0.006761250539,0.006236048954,0.006485060551,0.005591769651,0.01004227577,0.001343041905,0.0004706766964,0.0001278088587,5.380346657e-05,7.84726521e-05,1.937184896e-05,1.004812693e-05,2.00680615e-05,2.208789299e-05,4.45108597e-06,1.419081052e-05,9.667878387e-06,2.200793792e-05,3.202680501e-05,8.986645522e-05,2.471895941e-05,2.262922627e-05,3.3841084e-06,2.199320106e-06,3.270985748e-06,5.922019767e-06,6.71143588e-06,6.793832955e-07,1.597786237e-06,8.283748657e-06,9.059732626e-06,2.589213283e-06,5.006441671e-06,3.956969199e-06,0.0002315025343,9.549156404e-06,1.854179538e-05,1.409951985e-05,1.417442826e-05,4.320995775e-06,4.9731935e-06,3.022666022e-06,3.86142984e-06,8.264066283e-06,7.483878866e-06,5.6013165e-06,4.173298921e-06,4.151410388e-06,9.187762415e-06,2.325080993e-05,2.243698012e-05,1.64985534e-05,4.246504211e-05,6.426635039e-05,0.0001588012825,0.0001257632138,0.000232651871,0.0008099662484,0.00106822913,0.0001332072166,0.0001804006286,0.001858716681,6.15001363e-05,3.598168613e-05,3.801349108e-05
A:102,7.850317789e-06,1.254910296e-05,3.519532186e-05,8.484650598e-05,0.0001579007647,0.0001154330538,7.818810118e-05,4.439833676e-05,0.0001252711511,0.00010344114,0.0002545909957,2.304741918e-05,7.757224423e-05,8.553186737e-05,2.715367516e-05,2.067830365e-05,4.127808316e-06,1.14830117e-06,1.815535615e-06,1.128134162e-06,5.403254444e-07,8.463230759e-07,2.052871242e-06,6.803720287e-06,9.059642338e-07,9.577305154e-07,2.441670516e-07,1.676955432e-07,1.121398532e-07,9.398813075e-08,1.793111625e-07,7.632572394e-07,1.783536579e-06,8.673059052e-06,4.741592642e-06,8.096909963e-06,9.641357564e-06,1.599859857e-05,4.280607389e-05,2.608243223e-05,2.691087739e-05,1.729960762e-05,8.591037033e-06,3.773849909e-06,2.083227594e-06,2.286572445e-06,4.665443884e-07,1.093826559e-06,1.336774486e-06,5.290536777e-06,3.427377523e-06,1.147020969e-05,2.607424464e-05,3.788294808e-05,6.922969134e-05,4.27883459e-05,1.103387348e-05,1.641139245e-05,1.394846838e-05,6.261291275e-05,3.713521743e-05,8.499475311e-05,0.0001995609232,0.00033202039,6.116899467e-05,0.0005946464813,0.000717062301,0.0002072845913,0.0007101340451,0.00153729389,0.002433456594,0.005125420803,0.003579025485,0.001891611279,0.0003768171921,0.0003735180453,0.0001148774894,0.0001350765605,4.554842102e-05,0.0001028155141,4.423385683e-05,6.70770972e-05,0.000111810696,4.541838403e-05,0.000141784075,0.0003434443326,0.0004308924675,0.001329756632,0.0003411126482,0.0002690312463,0.002461497993,0.001053365727,0.001914848895,0.003983896109,0.003021317877,0.003275194053,0.01382034453,0.01568278269,0.01221240801,0.009636497146,0.006465646529,0,0.009283025478,0.0129175788,0.01498630154,0.01367210318,0.01092272598,0.003035097926,0.00179014932,0.0001829189565,5.955940869e-05,2.468466182e-05,1.860768794e-05,1.861364565e-05,1.344029089e-05,1.293436697e-05,2.35753106e-05,2.606398252e-05,4.785862115e-06,1.947125215e-05,1.21220752e-05,3.328830107e-05,4.575985704e-05,0.0001737475403,5.024215387e-05,2.835858277e-05,6.027588538e-06,7.200266341e-06,5.951379537e-06,3.134437556e-06,1.030311805e-06,1.729972073e-06,2.664821467e-06,2.544278068e-06,1.364852315e-06,2.523273249e-06,1.006687813e-06,6.128165121e-06,1.286767285e-05,2.363878203e-05,1.994258259e-05,1.479916458e-05,1.2687638e-05,5.144428341e-06,4.74929016e-06,1.746994707e-06,1.757395371e-06,5.631781245e-06,8.115309574e-06,8.849461817e-06,8.172745425e-06,4.46544708e-06,1.231574773e-05,2.754478429e-05,1.082987956e-05,1.399582709e-05,4.096208794e-05,3.206829963e-05,3.0362696e-05,6.82854108e-05,9.124153721e-05,4.581306037e-05,6.172380246e-05,3.264850869e-05,3.099373659e-05,0.0002967824365,3.403047449e-05,1.802791899e-05,1.510261193e-05
A:103,1.46967969e-05,2.503076321e-05,3.356474059e-05,0.0001123022023,0.0002159599361,5.378793763e-05,5.69426461e-05,8.37357135e-05,0.0001004694128,5.564521333e-05,5.84273556e-05,4.268736697e-05,2.758802417e-05,1.788628458e-05,6.85208417e-06,1.125492218e-05,1.77227514e-06,2.987434825e-07,6.162336914e-07,1.008057315e-06,2.237606512e-07,4.044246725e-07,1.750653326e-06,8.19029311e-06,8.738998432e-07,8.888749873e-07,4.774299303e-07,2.183767227e-07,1.062664272e-07,5.135827951e-08,2.89671795e-07,3.839181714e-07,2.895115834e-06,9.485512067e-06,3.06221989e-06,7.010462774e-06,1.099403089e-05,1.958367315e-05,2.929422922e-05,1.585953594e-05,2.110329476e-05,1.563979229e-05,1.203870204e-05,3.972682343e-06,2.246249019e-06,3.409187749e-06,1.300136583e-06,2.167843543e-06,1.655342166e-06,7.892521141e-06,7.620673747e-06,1.286542708e-05,1.791521488e-05,2.319361535e-05,5.022688401e-05,2.8486596e-05,1.012561988e-05,1.531613211e-05,1.031378057e-05,6.558503392e-05,0.0002655045605,0.0002941029813,0.0004253917441,0.0005973791458,0.001816145759,0.0006159640634,0.001114027977,0.001375851115,0.0210869626,0.004789273223,0.006530783406,0.008299098663,0.01210945998,0.004603353535,0.001367309311,0.0005084897056,0.0001302720826,0.0001028917901,4.305694168e-05,8.047953292e-05,3.440385448e-05,3.21129286e-05,3.251795585e-05,1.951251563e-05,3.85867433e-05,0.0001383496485,0.0001686446374,0.0006096404993,0.0001144464236,9.865448962e-05,0.001500982093,0.0004646202364,0.0004089385026,0.004686366598,0.001233035374,0.00187333095,0.00313154808,0.00903199804,0.0141420614,0.01005866716,0.007854813125,0.009283025478,0,0.01807189025,0.009026718476,0.01180071428,0.004539528584,0.003473771847,0.001904529736,0.0005425822707,0.000140412534,3.696269779e-05,2.038722085e-05,1.970119226e-05,9.407966932e-06,7.585512184e-06,4.931056704e-06,6.074757944e-06,1.484811906e-06,5.821696398e-06,4.177294372e-06,1.113202317e-05,1.62677148e-05,5.707866938e-05,2.072042731e-05,1.031023517e-05,2.577543247e-06,3.467634524e-06,2.931784996e-06,1.619473789e-06,1.365162731e-06,1.955223552e-06,3.349010147e-06,4.988186144e-06,5.080115853e-06,4.530903246e-06,3.072033062e-06,1.289107662e-05,5.636224388e-05,3.902257942e-05,1.823397675e-05,9.010921872e-06,4.476656057e-06,2.40575362e-06,1.457905955e-06,6.796482454e-07,6.909695797e-07,2.229972019e-06,3.169807959e-06,3.211168326e-06,4.407842328e-06,3.006649e-06,7.067646669e-06,2.02119752e-05,8.483861628e-06,8.599733959e-06,2.652911272e-05,5.156589302e-05,4.374004154e-05,3.288534421e-05,0.0001028000315,0.000128743223,5.553305947e-05,9.882490752e-05,7.427084829e-05,0.0004661666897,5.060059009e-05,4.482404594e-05,2.643933238e-05
A:104,1.563027676e-05,2.537599326e-05,3.381425653e-05,0.0001458500844,0.0002482438144,4.294913149e-05,6.781065942e-05,5.443161668e-05,4.880874347e-05,9.300748033e-05,8.562080408e-05,5.224778579e-05,2.949975701e-05,4.185229755e-05,1.290557262e-05,7.792828027e-06,1.64402184e-06,3.182473818e-07,9.254332465e-07,6.452684515e-07,3.653446397e-07,5.92944662e-07,2.818657705e-06,6.981173056e-06,7.810448117e-07,7.320642923e-07,5.124152292e-07,4.514140302e-07,1.10967755e-07,3.739270764e-08,1.884973943e-07,2.513821491e-07,2.140559364e-06,1.143909071e-05,2.511020804e-06,4.836322813e-06,5.604095453e-06,1.299077402e-05,2.151708603e-05,1.150634702e-05,1.8914416e-05,1.345277651e-05,1.159643064e-05,3.660375677e-06,2.216664077e-06,5.095876824e-06,1.4940868e-06,2.463495774e-06,1.74250982e-06,8.08867322e-06,1.080130467e-05,1.622825495e-05,1.929812818e-05,2.526566769e-05,3.578031804e-05,2.551860011e-05,8.02158259e-06,1.003817886e-05,1.245589884e-05,0.0001091792006,8.230940405e-05,0.0003159775332,0.0006284426965,0.001502931922,0.000307022091,0.002075202971,0.002809961419,0.0002977327126,0.007264206055,0.001844148445,0.004181936625,0.009927757528,0.01266280836,0.002440962851,0.001755653211,0.0007271436595,0.0001225512425,7.215059724e-05,3.841394848e-05,7.470071632e-05,2.612728778e-05,4.842944528e-05,6.947576389e-05,3.159739963e-05,4.056593091e-05,0.0001803212468,0.0001443567971,0.0005720599802,0.0002114294442,0.0001658424375,0.001440376293,0.0006827617576,0.0005331661326,0.002890418325,0.004076226726,0.0007682065584,0.001945674695,0.003996531795,0.01334514209,0.01540941973,0.006375570881,0.0129175788,0.01807189025,0,0.01679595435,0.01433287772,0.009980053314,0.002539612201,0.001540952283,0.0002885807619,9.922648618e-05,3.0053404e-05,3.117026728e-05,1.481410553e-05,1.243864632e-05,1.40016216e-05,1.195384045e-05,1.210491007e-05,2.454657551e-06,6.472450638e-06,3.552166593e-06,8.238490395e-06,1.362571479e-05,4.71359028e-05,2.224182007e-05,1.051074354e-05,2.879671475e-06,2.193738273e-06,3.893026566e-06,1.50616114e-06,1.364197472e-06,1.248737372e-06,2.235953017e-06,4.428185775e-06,2.116793637e-06,3.710043528e-06,1.344725657e-06,7.572618362e-06,1.876502484e-05,3.094863356e-05,1.69582772e-05,1.209491091e-05,6.530185566e-06,3.299104724e-06,3.769808344e-06,1.900946246e-06,2.114690804e-06,3.318207608e-06,4.702725133e-06,4.697183114e-06,6.462473729e-06,3.948243089e-06,1.086118656e-05,3.567433021e-05,9.434945019e-06,1.48746624e-05,4.742838246e-05,5.592676483e-05,3.851247318e-05,5.81458344e-05,0.0001333457026,6.300823919e-05,0.0001713753206,8.227098488e-05,5.534978411e-05,0.0001615243864,4.558127694e-05,4.22092933e-05,2.282665317e-05
A:105,8.547188076e-06,1.334142533e-05,4.032021434e-05,9.927083556e-05,0.0002155176159,0.000187056763,0.0001545817319,0.0001622500115,7.149207078e-05,8.810461607e-05,0.0001153151297,2.636117755e-05,4.190427225e-05,5.590574827e-05,2.365007629e-05,1.921715444e-05,7.181812392e-06,1.27901739e-06,3.519352239e-06,1.529305722e-06,8.645898262e-07,1.6299453e-06,3.905270758e-06,6.957392251e-06,1.338475779e-06,1.443935883e-06,6.065885497e-07,7.010294602e-07,2.783805825e-07,6.917404347e-08,1.504664211e-07,5.022621125e-07,1.803322885e-06,6.704394679e-06,3.607133076e-06,8.769030866e-06,2.541054248e-05,3.675697101e-05,5.733769854e-05,3.350232518e-05,2.714295077e-05,1.35555926e-05,7.815793236e-06,4.082207741e-06,2.316042873e-06,4.77302428e-06,6.125415817e-07,1.349587613e-06,1.695807499e-06,5.392957543e-06,3.496468209e-06,1.009948777e-05,3.060401616e-05,3.713999094e-05,0.0001079266547,6.232311018e-05,3.063608755e-05,5.053398357e-05,1.265778221e-05,6.345391551e-05,1.539571012e-05,6.765028521e-05,0.0001787769951,0.0002593804335,9.812684103e-05,0.0004418628651,0.0004408055494,0.0001829253796,0.0003737090623,0.001229332225,0.001820648199,0.002563674936,0.002994564755,0.002141686571,0.0003995236682,0.0007472427306,0.0002163679222,0.0002914410539,0.0001316487491,0.00013158003,6.129458991e-05,5.419394647e-05,7.813677081e-05,3.24573584e-05,4.272435356e-05,0.0001457333633,0.0001687799792,0.0005083958833,0.0002082333063,0.000163222154,0.001596452701,0.0007602873745,0.0007914106793,0.004571305298,0.003243742728,0.001511333867,0.005388410002,0.004088074956,0.005227988538,0.01095539295,0.006761250539,0.01498630154,0.009026718476,0.01679595435,0,0.01966480099,0.01623387764,0.02120970395,0.005173731915,0.001379853376,0.0001377512907,5.989867549e-05,6.934455295e-05,4.618056759e-05,2.196820407e-05,1.917110706e-05,1.753479169e-05,1.827051419e-05,3.181556733e-06,7.046465539e-06,3.410825155e-06,7.285094806e-06,1.218677286e-05,4.426007119e-05,2.259691253e-05,1.019778523e-05,2.733480021e-06,1.329735454e-06,3.859690401e-06,1.867149896e-06,2.325796512e-06,1.844249054e-06,3.313916141e-06,6.506447203e-06,2.771601569e-06,7.054735069e-06,3.136787839e-06,1.161025408e-05,6.012771401e-05,3.286470546e-05,2.232091335e-05,2.131232135e-05,1.181615235e-05,5.093474652e-06,6.23375208e-06,3.814040261e-06,3.093996408e-06,4.439851587e-06,7.61619739e-06,6.972284872e-06,1.116679012e-05,5.899463084e-06,2.580043212e-05,6.356660558e-05,1.76844782e-05,5.992447305e-05,0.000116739638,9.827394194e-05,7.940908898e-05,0.000195087645,0.0004109115984,0.0001964838584,0.0003128813687,0.0002346866863,0.0002313294129,0.001591121353,0.0002331171004,0.0001156635971,8.933277337e-05
A:106,1.916456718e-06,1.842027672e-06,8.675245656e-06,1.805801979e-05,5.538607006e-05,3.255335091e-05,6.10460649e-05,4.564894252e-05,8.249524566e-05,8.521021295e-05,9.887959161e-05,2.357001886e-05,4.173393718e-05,5.497556758e-05,1.710105008e-05,2.334513285e-05,4.716201125e-06,8.936774968e-07,4.440872263e-06,1.929880996e-06,1.382595723e-06,1.963974207e-06,5.625586274e-06,2.826728552e-06,1.831246695e-06,1.95513908e-06,1.254962066e-06,1.475301538e-06,4.881909412e-07,1.322037572e-07,2.297530581e-07,2.628393327e-07,1.985223137e-06,9.557822034e-06,1.982879055e-06,5.450222657e-06,1.607264226e-05,2.567578457e-05,2.319262841e-05,1.215551329e-05,5.447182184e-06,3.175408751e-06,1.739925168e-06,1.919150466e-06,1.772881636e-06,9.524501909e-06,6.484732983e-07,1.22050488e-06,1.725031789e-06,1.85565607e-06,1.888746027e-06,2.263864577e-06,4.849268035e-06,7.691697426e-06,2.463110975e-05,1.493211342e-05,1.901276207e-05,4.165524131e-05,4.174043262e-06,5.909419895e-05,1.288858565e-05,6.770753542e-05,0.0001120177354,0.0002449913119,3.625227568e-05,0.0003658660272,0.0003692745354,0.0001294295704,0.001464344883,0.0007726283917,0.001391984115,0.001057485158,0.000628994432,0.0007989219172,0.0004066386191,0.0004213245161,0.0001273741499,0.0002268153727,2.622713224e-05,7.383829636e-05,3.744441969e-05,3.601272452e-05,4.5870813e-05,1.548987199e-05,3.142885572e-05,0.0001039808775,0.0001276950849,0.0003225612215,0.0001639769326,0.0001136269947,0.0007221948607,0.0004304305605,0.0004378716449,0.001665972732,0.001574077387,0.0008921949293,0.001960670781,0.00164502295,0.004065025641,0.004903313742,0.006236048954,0.01367210318,0.01180071428,0.01433287772,0.01966480099,0,0.02719730908,0.01675374393,0.01118979419,0.002253350776,0.000186144811,9.963223202e-05,4.282486119e-05,2.081129836e-05,9.464311258e-06,7.489788105e-06,8.350155657e-06,4.223555577e-06,1.59386337e-06,2.495203149e-06,3.45014855e-06,7.05216749e-06,1.049480206e-05,3.935472738e-05,2.147025395e-05,5.88512173e-06,4.7469803e-07,1.632496395e-06,2.967245941e-06,5.709374823e-06,1.055339523e-05,7.237374271e-06,1.304375239e-05,1.298782196e-05,1.001509526e-05,2.358053027e-05,7.713082343e-06,3.344983085e-05,0.0002593805062,5.952036872e-05,4.020068481e-05,1.40182791e-05,1.163093969e-05,1.442615996e-06,2.419940404e-06,4.296154616e-06,4.596338271e-06,4.662967249e-06,6.795302674e-06,3.825362752e-06,1.166937032e-05,7.676293247e-06,5.300262077e-05,0.0001018422812,2.635057466e-05,4.535062838e-05,0.000193706193,0.0001231084215,0.0001750282328,0.0002542626413,0.0008016771078,0.0006517283221,0.0008423067957,0.0003506286911,0.0003467039856,0.002956413167,0.0002652609378,0.0001565738462,0.0001030488704
A:107,3.438610987e-06,2.882276434e-06,1.210264013e-05,1.904259107e-05,4.1448809e-05,5.927530553e-05,8.622934173e-05,4.697126938e-05,7.83014769e-05,6.612067383e-05,2.896795502e-05,1.41909542e-05,1.790822934e-05,2.036565397e-05,8.108998493e-06,1.38742052e-05,3.835224751e-06,7.624607682e-07,4.697737205e-06,1.283324064e-06,1.348731933e-06,2.52289267e-06,8.586874038e-06,2.944943559e-06,2.074031359e-06,2.14044929e-06,1.330636299e-06,1.441134538e-06,4.847679026e-07,1.259068315e-07,1.803592839e-07,1.662430619e-07,1.37854864e-06,5.436710176e-06,1.516525475e-06,5.154125777e-06,1.759198289e-05,2.905049199e-05,2.604944128e-05,1.415210023e-05,8.04346899e-06,4.251870798e-06,2.332508512e-06,2.411926497e-06,2.513989813e-06,1.51262422e-05,1.245458373e-06,2.123119633e-06,2.44081525e-06,2.439934952e-06,1.325742055e-06,1.917583555e-06,6.180594694e-06,7.766508986e-06,2.940217179e-05,1.634278974e-05,1.861950352e-05,3.964209095e-05,2.155712502e-06,1.519160302e-05,1.628280601e-05,5.472690912e-05,6.765145814e-05,0.0001275575277,4.835571975e-05,0.0003119537362,0.0003054336354,0.0001600750045,0.0003967924485,0.0009848680406,0.001384961755,0.00140270499,0.0015440382,0.0009408049945,0.0003418188559,0.0005517098068,0.0003315119233,0.0002756758649,7.708400984e-05,5.87788751e-05,2.062235484e-05,1.89637371e-05,1.159921282e-05,4.227780198e-06,5.837806003e-06,2.559713042e-05,3.55960743e-05,8.397239973e-05,6.28309376e-05,5.421225747e-05,0.0002190453955,0.0002403162522,0.0003430132376,0.0009750648224,0.001096920162,0.0009901313023,0.002201922608,0.002197607438,0.003773642619,0.005651653729,0.006485060551,0.01092272598,0.004539528584,0.009980053314,0.01623387764,0.02719730908,0,0.04005415136,0.01246723403,0.003372246358,0.0004600856203,0.0001271553926,0.0001056366056,3.642036111e-05,1.51802373e-05,5.378794739e-06,3.350147578e-06,7.507882846e-06,1.627456485e-06,8.43820178e-07,1.439205672e-06,2.225868751e-06,3.222260032e-06,1.015324044e-05,8.133730422e-06,2.372532899e-06,1.06495979e-06,3.654222883e-06,6.271340437e-06,5.650128439e-06,1.146751601e-05,1.255902969e-05,2.061010689e-05,2.020851751e-05,1.236778533e-05,3.939967478e-05,1.276578801e-05,5.951803396e-05,0.0002236954294,0.0001376512961,6.599655268e-05,3.566596502e-05,1.82958162e-05,2.385223874e-06,4.380972149e-06,3.953788575e-06,4.675465401e-06,6.945552888e-06,1.39945447e-05,9.136892054e-06,2.704530118e-05,1.600791147e-05,9.433589013e-05,0.0001898217995,3.08264068e-05,0.0001031285962,0.0003381001958,0.0002521983739,0.0001711377472,0.0003947918174,0.001238435834,0.0005444072228,0.000668597199,0.0006719751656,0.0005858375346,0.003128643136,0.0005885056943,0.0004029706563,0.0002612214666
A:108,5.826157015e-05,4.150973555e-05,0.0002710949,0.0004869716845,0.0003210210685,0.0005198234795,0.0004588090478,0.000334609309,0.000195783145,6.351871181e-05,5.293229312e-05,2.941277744e-05,4.329888257e-05,4.3948714e-05,1.60934251e-05,7.080010317e-05,1.994782881e-05,2.363467217e-06,1.755381723e-05,4.86006851e-06,8.450373231e-06,1.080607171e-05,2.85259664e-05,4.237311461e-05,1.209909771e-05,1.242327152e-05,6.561620731e-06,5.242469036e-06,2.073636473e-06,4.242338956e-07,7.011275872e-07,5.075670958e-07,5.617760226e-06,1.55152795e-05,6.777299217e-06,2.7925615e-05,9.499404689e-05,0.0001532206972,0.0002136055464,0.0001084334547,0.0001041841931,5.089365144e-05,3.600258741e-05,2.620280128e-05,1.898403094e-05,4.326151658e-05,2.87631633e-06,8.853776752e-06,1.397853339e-05,3.172737405e-05,1.150012582e-05,2.512476078e-05,0.000121925044,0.0001223666687,0.0003283975418,0.0001449592865,0.0001143373056,0.0002219071036,1.491459799e-05,1.814160766e-05,2.387638594e-05,4.89223957e-05,4.526937367e-05,8.601235946e-05,5.091098076e-05,0.0002462903503,0.0001681341327,0.0001205198342,0.0005134784762,0.0005884528907,0.0004610745006,0.0007235974444,0.001148863754,0.0001795005612,0.0009042011737,0.003383340701,0.001717315377,0.000879124027,0.0002974482624,0.0001671481822,5.166255927e-05,1.436526145e-05,8.885904682e-06,1.906149909e-06,4.423753186e-06,1.498932061e-05,2.524066412e-05,6.04254907e-05,3.517007247e-05,1.826359937e-05,4.961854036e-05,6.118416189e-05,5.827168147e-05,0.0001685577249,0.0002534654204,0.0002720081639,0.0006033019347,0.0004380795159,0.0009881270522,0.001222646416,0.005591769651,0.003035097926,0.003473771847,0.002539612201,0.02120970395,0.01675374393,0.04005415136,0,0.02764403745,0.006807695571,0.002679485684,0.0002869416912,0.0002576263973,0.0001166700206,3.372983211e-05,1.078169849e-05,5.391246e-06,2.008622617e-05,4.208627204e-06,1.46225528e-06,2.355814378e-06,3.255420596e-06,3.848812076e-06,1.22382169e-05,7.859502671e-06,3.124241705e-06,3.66486023e-06,1.094099423e-05,1.348282735e-05,1.238101124e-05,2.088858837e-05,2.305195383e-05,2.803546205e-05,3.430880824e-05,1.864496194e-05,6.380886057e-05,1.696623514e-05,0.000106591787,0.0002335232254,0.0004337172807,0.0002056624697,0.0001041423032,4.884220121e-05,7.271488174e-06,1.601329502e-05,1.055953559e-05,1.470205534e-05,2.919860391e-05,5.958328549e-05,4.438722285e-05,0.0001521360873,5.623142748e-05,0.0003394888218,0.0006628995821,0.0001363962033,0.0002813323488,0.0007977318381,0.0005744793409,0.0002742595209,0.0009836173175,0.002175175005,0.001090900979,0.001012623984,0.0007041423126,0.0008475366849,0.01347092742,0.000907330074,0.0006475531856,0.0005832437352
A:109,7.387023085e-05,3.469285289e-05,0.00037055907,0.000449229316,0.0008338514175,0.0009683971215,0.001191459944,0.0007184707886,0.0004784977587,0.0002429152488,8.116624098e-05,7.856639449e-05,8.209037017e-05,0.0001583119936,8.107759489e-05,0.0003126202761,8.002326463e-05,6.436155695e-06,2.987276309e-05,3.19853639e-05,1.900303639e-05,2.737254595e-05,0.0001024453993,8.138770634e-05,3.91895897e-05,3.973388736e-05,2.635170066e-05,1.716453387e-05,5.452220643e-06,1.033715242e-06,2.952726862e-06,1.704322129e-06,2.817254976e-05,5.248108667e-05,2.303167471e-05,0.0001251680805,0.0003217243844,0.000480461776,0.0004537404709,0.0001984773967,0.0001732836268,6.347633632e-05,3.6328405e-05,2.039131337e-05,2.832263345e-05,0.0001065834195,1.609226333e-05,2.865023642e-05,3.333110241e-05,2.827360251e-05,5.000832032e-05,5.28233696e-05,0.0001919152679,0.0001667291096,0.0009068484478,0.0002875849434,0.0004156576732,0.0009001675255,9.682700955e-05,6.535368249e-05,2.461121161e-05,4.14037007e-05,5.87880569e-05,7.818192097e-05,6.846355526e-05,0.0002454585733,8.076799239e-05,6.03332659e-05,0.0005945920507,0.0001861765127,0.0002563096943,0.0006018970622,0.0005283746841,0.000724706216,0.002764319819,0.01094213138,0.005826832034,0.005274936662,0.000605720347,0.0002383786468,0.0001235691431,4.700090248e-05,4.308536763e-05,6.119104821e-06,7.048489443e-06,1.427510823e-05,4.77159647e-05,7.832885302e-05,8.909715248e-05,3.007220147e-05,4.313276831e-05,0.0001582732189,3.155824484e-05,0.0001224235065,0.0002490996513,0.00036527263,0.000664870319,0.0003263200998,0.000678446518,0.0006260047783,0.01004227577,0.00179014932,0.001904529736,0.001540952283,0.005173731915,0.01118979419,0.01246723403,0.02764403745,0,0.009811665368,0.007950046696,0.001560818118,0.0003677411243,0.0003336331055,0.0002061128433,5.305204243e-05,4.159622961e-05,0.0001723016446,1.750042801e-05,1.486952457e-05,7.106229173e-06,6.975512751e-06,6.945810139e-06,2.098128587e-05,1.170926244e-05,6.520832016e-06,8.028612228e-06,2.832342952e-05,6.382762576e-05,0.0001463614772,0.0001830688359,5.17186178e-05,0.0001120100561,0.0001433529474,0.0001380786249,0.0001714440165,6.640524444e-05,0.0002315626538,0.00196929345,0.0002729598911,0.0006609410836,0.000266448954,0.0003516146979,3.847241861e-05,3.848379767e-05,2.357802838e-05,4.432213641e-05,9.46833193e-05,0.0001192312809,7.445615208e-05,0.0001352319331,0.0001184004041,0.0004371301882,0.001056101492,0.0005066485983,0.0003370357832,0.001333089658,0.001221964079,0.002316128568,0.001930237808,0.004221202778,0.005908590914,0.009603260493,0.001447975947,0.001492796402,0.009493644615,0.0006822540906,0.0007925447321,0.0005110571819
A:110,0.0001472736262,6.373214664e-05,0.0007354417907,0.0009817810928,0.0006783108286,0.002613011081,0.001233394593,0.0006594999759,0.000473620246,0.0004214253568,0.0001219970441,8.775117423e-05,0.0001474600011,0.0003920112144,7.994689245e-05,0.0003433464457,7.027056064e-05,1.286158075e-05,5.827335454e-05,5.623507634e-05,2.324376657e-05,3.53336344e-05,8.078013912e-05,0.0001868262655,7.069908171e-05,7.89713157e-05,5.110041774e-05,2.35632238e-05,9.804557376e-06,3.379662282e-06,7.090652422e-06,2.560237236e-06,4.462528861e-05,7.308648904e-05,2.526878151e-05,0.000130712287,0.0002633170199,0.0003962327927,0.00060955422,0.0002459260464,0.0002595633066,0.0001178979989,8.440403338e-05,4.155865531e-05,4.080607793e-05,7.519650971e-05,8.491376907e-06,2.168573988e-05,3.515727951e-05,6.293415727e-05,8.198158386e-05,0.0001094560484,0.0002922387261,0.0003171368967,0.00123060719,0.0007433600033,0.0003602513498,0.0006813736594,8.13407184e-05,8.467914195e-05,2.155727391e-05,2.169994556e-05,2.89885061e-05,2.900670632e-05,3.7261428e-05,0.0001052540393,3.515062094e-05,3.322277176e-05,0.0001519057688,0.0002071965401,0.0002313432288,0.0001822779929,0.0001687123753,0.0005549817121,0.003083447122,0.008088866983,0.004724058945,0.009366429448,0.004489589448,0.001967945089,0.001180502645,0.0002620417931,8.012710791e-05,7.798762021e-05,3.368602623e-05,2.851801616e-05,6.664805464e-05,0.0001009504206,0.0003054451418,5.34654642e-05,8.205185905e-05,0.0001465616051,0.000243616639,3.448780491e-05,5.766609223e-05,0.000115661775,0.0001113633489,6.623449238e-05,0.0001391383342,0.0001111113686,0.001343041905,0.0001829189565,0.0005425822707,0.0002885807619,0.001379853376,0.002253350776,0.003372246358,0.006807695571,0.009811665368,0,0.01280987612,0.008963292189,0.005210307827,0.0009705209958,0.0006693530935,0.0001783667452,0.0001885575957,0.0003308447235,4.010209185e-05,4.359985362e-05,1.92623641e-05,1.722727614e-05,1.671779418e-05,3.645484844e-05,2.760777203e-05,2.492623252e-05,2.388569151e-05,5.31491535e-05,8.448814447e-05,0.0001594523428,0.0001058100324,9.916726621e-05,0.0001411919391,0.0007320565746,0.0002126174248,0.0002982182621,0.0003875809096,0.000351760434,0.01472488496,0.003437638964,0.001174362093,0.001256563966,0.0003494421935,0.0002109338747,8.766692112e-05,5.156306573e-05,8.429910497e-05,0.000237772356,0.0001948236213,0.0001901728476,0.0004581236006,0.0002656828941,0.0005344909526,0.00086641071,0.001823866369,0.001270581971,0.0008120582852,0.001493398322,0.008755251681,0.003552569287,0.002416388925,0.007705723382,0.0111477725,0.002865916327,0.002293088032,0.007757865287,0.0008372053597,0.001121582793,0.0008263379203
A:111,0.0002254750879,9.900106039e-05,0.001085447968,0.001699996363,0.00109243578,0.001852334051,0.002041081656,0.00220266461,0.002344432575,0.0006810705567,0.000455180316,9.294663565e-05,0.0002027359911,0.0003831491664,0.0001521986091,0.001061616426,0.0001205633263,1.522085585e-05,8.678453645e-05,0.0002696290402,5.406613302e-05,3.506522546e-05,9.705132585e-05,0.0001974168237,8.248524908e-05,9.979909513e-05,5.895462451e-05,3.309663084e-05,1.013434656e-05,6.79015377e-06,1.106400888e-05,5.93843313e-06,6.458143633e-05,7.76849873e-05,3.359423691e-05,0.0001285636606,0.0003250177691,0.0002607510798,0.0004953811378,0.0002190785985,0.0001824187781,0.0002073597582,0.0001292215334,5.916230082e-05,3.453453923e-05,7.433284998e-05,4.309865911e-06,1.19638054e-05,2.496389862e-05,7.112992069e-05,9.037144577e-05,0.0001070077146,0.0002979656499,0.0003966332869,0.0008404711249,0.000633233407,0.001141780832,0.001695877154,0.0001986977884,0.0001829157123,2.461118658e-05,9.983054169e-06,2.576480089e-05,4.17263436e-05,5.851849513e-05,6.982677579e-05,2.481962901e-05,2.246459978e-05,0.0001066692342,0.0003004255039,8.040072469e-05,6.005313002e-05,8.829515701e-05,0.001520121003,0.001457537744,0.009062485032,0.006722423626,0.007576184879,0.004529225455,0.007423775314,0.001050855831,0.0001697222546,0.0001007142526,8.363723415e-05,3.9932672e-05,2.371221397e-05,7.017190474e-05,0.0001101345137,0.0002382406877,2.902556729e-05,7.058318703e-05,0.0002972063459,0.0005369291216,2.15668328e-05,2.142650584e-05,0.0002453695621,6.996678633e-05,2.075470541e-05,4.920370882e-05,6.383006077e-05,0.0004706766964,5.955940869e-05,0.000140412534,9.922648618e-05,0.0001377512907,0.000186144811,0.0004600856203,0.002679485684,0.007950046696,0.01280987612,0,0.007670633644,0.007720971093,0.003792046322,0.0008364497764,0.0004301165558,0.0001997748496,0.001560079809,0.0001419544611,0.0001535769158,6.643062751e-05,5.18240576e-05,4.855746595e-05,6.294136531e-05,5.034632929e-05,0.0001021250092,0.0001125691,0.0001915590189,0.0005009385681,0.001871994899,0.002116145603,0.000291969958,0.0006910601784,0.002447204408,0.001262430546,0.001350923795,0.0005547524743,0.001620351492,0.006413485078,0.006464249942,0.006316993676,0.003122469627,0.003580867591,0.00061734954,0.0005820007194,9.001220978e-05,0.0002512671166,0.0006989388572,0.0004663703807,0.0006718405096,0.0005180010547,0.0004207023314,0.0006927680685,0.00210372341,0.002756545341,0.0007495334718,0.0007694639065,0.00313879459,0.008157700127,0.001642489568,0.001058618642,0.01209184238,0.006593563842,0.0009893414767,0.0003761248321,0.006364845561,0.0008811111766,0.0005450662934,0.0004399756764
A:112,9.630218401e-05,5.155640949e-05,0.0002260881177,0.0004209035526,0.0009063149134,0.001165371551,0.0006342610436,0.002085956432,0.001508673637,0.0007356800617,0.0003719937863,0.0001074681656,0.0002884837268,0.000827978045,0.0002223950862,0.0008815804993,7.260745053e-05,4.664812212e-05,0.0001290794062,0.000110473096,6.087364177e-05,3.040313442e-05,4.360799954e-05,0.0001230768622,4.352648729e-05,6.316291448e-05,6.688927117e-05,4.4886029e-05,2.150902769e-05,1.890342512e-05,1.943241732e-05,9.796496415e-06,4.605555833e-05,8.452259263e-05,2.166513642e-05,5.264985533e-05,0.0001316467078,0.0001022485333,0.0001659418045,7.721929829e-05,5.571516066e-05,9.486374282e-05,6.25139892e-05,1.128973692e-05,4.69979503e-06,7.246261998e-05,2.595254458e-06,2.783013991e-06,6.844658895e-06,1.72986154e-05,6.213252715e-05,6.903092461e-05,5.627350971e-05,0.0001244162039,0.0003723372838,0.0003164002304,0.0005056277938,0.0006345510755,6.896959657e-05,9.760200395e-05,1.484128188e-05,4.575783051e-06,8.662061214e-06,1.314045645e-05,1.664250943e-05,1.243066879e-05,3.491945185e-06,7.768489001e-06,1.545208104e-05,5.208580717e-05,2.048029712e-05,1.946068427e-05,2.650129108e-05,0.0002568626415,0.000442391858,0.0007522928628,0.005101962307,0.00874625287,0.004698667256,0.007719518107,0.002011777431,0.0007304637291,0.0007795890088,0.0004605633579,0.0001306525947,3.982275695e-05,0.0001107139105,0.000229558012,0.000378750956,5.655344649e-05,0.0001118097539,0.0002950639572,0.0004035649968,2.478385401e-05,2.0460261e-05,0.0001221885537,2.38408369e-05,1.429352317e-05,1.429742137e-05,1.671019769e-05,0.0001278088587,2.468466182e-05,3.696269779e-05,3.0053404e-05,5.989867549e-05,9.963223202e-05,0.0001271553926,0.0002869416912,0.001560818118,0.008963292189,0.007670633644,0,0.005856888129,0.006013638891,0.004545281347,0.0004733977994,0.0003552863649,0.001085888709,0.0001637318737,0.0001706205171,8.272944653e-05,6.182286394e-05,3.221374909e-05,5.01182736e-05,4.906347282e-05,0.0001467756585,5.825128014e-05,9.359802142e-05,0.0002327267044,0.0007782264614,0.0004463231888,0.0003694753125,0.0005432203042,0.003436367582,0.0006630237339,0.001717010384,0.0006711518069,0.001497378096,0.004780968577,0.005358818297,0.007309625278,0.005122689643,0.001563444643,0.0007981962124,0.0007721422667,0.0001301383369,0.0003260134706,0.0006349087886,0.0002686864654,0.0004202637279,0.0008989906629,0.0003958492328,0.000647045611,0.001817258771,0.01197682405,0.002387694163,0.001292794197,0.007632660818,0.007790007822,0.002183050533,0.000533251193,0.00726092128,0.0005170497964,0.001137042462,0.0004413413712,0.0002460033663,0.0003104219578,0.0003682020217,0.0002655887815
A:113,7.79427863e-05,6.74536599e-05,0.0002319353828,0.0005382673389,0.0005312254416,0.0002322419287,0.0005100768592,0.001626342467,0.001233593531,0.001573737631,0.0003165984879,0.0001518302603,0.0002768042763,0.0008587784805,0.0001008669031,0.0002429910905,3.72147037e-05,1.663856589e-05,9.27810044e-05,3.855384685e-05,3.940951529e-05,7.229714308e-05,0.0001480639417,9.303491385e-05,7.590635463e-05,8.468709524e-05,6.599838884e-05,5.024351524e-05,1.300014832e-05,1.45111751e-05,1.465772784e-05,5.321890681e-06,4.440414999e-05,7.37273262e-05,3.874204872e-05,7.457738487e-05,8.945828899e-05,7.107442522e-05,0.0001038855683,5.021484414e-05,5.793561445e-05,8.780756739e-05,5.72640111e-05,2.279931146e-05,8.096217564e-06,4.27226318e-05,8.34130973e-07,1.719689843e-06,4.529597609e-06,2.49494442e-05,3.48404915e-05,3.604485506e-05,5.542990337e-05,9.680584573e-05,0.0001176234068,9.933203718e-05,0.0003432054813,0.0004837470686,8.114322499e-05,0.0001524548083,2.943744566e-05,5.080223073e-06,4.916672172e-06,1.343671502e-05,1.62197808e-05,2.388049463e-05,1.132882212e-05,1.364888338e-05,1.972142675e-05,9.511467103e-05,2.231485484e-05,1.906661374e-05,2.654027409e-05,0.0005806875569,0.0005544245513,0.001686999885,0.0005114190763,0.006832098939,0.007124170598,0.008563215173,0.007393863415,0.006396428516,0.00077673324,0.0005636555594,4.232129551e-05,0.0003507102708,0.0001989933791,0.0003897489992,0.00163614584,0.0006460718285,0.0001875132105,0.001324263347,0.001005637653,5.078874813e-05,4.097916569e-05,0.00103121482,7.060535159e-05,2.417341986e-05,2.676350819e-05,5.924446751e-05,5.380346657e-05,1.860768794e-05,2.038722085e-05,3.117026728e-05,6.934455295e-05,4.282486119e-05,0.0001056366056,0.0002576263973,0.0003677411243,0.005210307827,0.007720971093,0.005856888129,0,0.01091395166,0.008067883191,0.002041436421,0.0001290007632,0.001625827827,0.0001943360465,0.0001900067659,0.0001240150019,9.955570476e-05,5.015202638e-05,8.055258146e-05,0.0002718621486,0.0002441520938,0.0001807620977,0.0002178800794,0.0003088654331,0.00381964756,0.001411876331,0.0003162960092,0.0005074177618,0.01279993351,0.002620574511,0.002968143641,0.001503053603,0.00280887934,0.007372648693,0.01157693846,0.01087919861,0.005840410755,0.00641460593,0.002689850855,0.001830583867,0.0005453008979,0.0004094916501,0.001111017206,0.0006865856492,0.00159517737,0.001626201597,0.0007287017165,0.0007834633769,0.0004873346359,0.006294576038,0.0003294252139,0.0007101226542,0.001474889184,0.001925760811,0.0005694049231,0.0005967068615,0.0003015522847,0.0009982486651,0.0006317564265,0.0002189526684,0.0007076262888,0.0001145523676,0.0001884334875,8.118280544e-05
A:114,2.559096907e-05,2.507778681e-05,6.425346699e-05,0.0001330249732,0.0002355898582,0.0001680677187,0.0002958450881,0.00170211094,0.001393350911,0.00184980866,0.0005512731249,0.0002904860172,0.0006255503152,0.0011275735,0.0009362259121,0.0008995554533,0.0002515236477,0.0001220681075,0.000186875564,0.0001976988348,7.970345774e-05,0.0002787298693,0.0002422542486,0.0001123656821,0.0001302423659,0.0001551916028,0.0001081189514,6.516813691e-05,3.240666824e-05,3.655558698e-05,3.173005397e-05,2.372092852e-05,6.86878978e-05,0.0001623801424,6.144235877e-05,0.0001118060919,0.0001118965128,8.315754124e-05,5.49983061e-05,3.084728259e-05,4.035489115e-05,6.170715926e-05,2.26838526e-05,9.489912848e-06,3.084408253e-06,1.154943378e-05,2.967714723e-07,4.967056416e-07,2.024827119e-06,1.043749262e-05,6.67658036e-06,1.069149959e-05,1.389936568e-05,2.24612217e-05,0.0001239988575,7.512074403e-05,0.0003458940822,0.0007871198516,0.0001532684337,0.0001844777947,5.018201806e-05,8.526117782e-06,5.477845343e-06,7.831176134e-06,9.043400744e-06,1.124455212e-05,5.580030058e-06,7.292719694e-06,5.280386533e-06,2.453947924e-05,6.876548427e-06,1.587274348e-05,1.139497701e-05,0.0001919096971,0.0002429011035,0.0002872219721,0.0001724537725,0.003789510852,0.007311086465,0.008460167884,0.005112550092,0.009566681292,0.003910549449,0.00283931942,0.001393243986,0.0001134283268,0.0007147040394,0.0006601748943,0.001534197935,0.0004308659705,0.000278099541,0.001740595982,0.003618340314,8.864930403e-05,7.009766326e-05,0.0009707602025,0.0001273836752,3.535830765e-05,3.36778544e-05,7.123417876e-05,7.84726521e-05,1.861364565e-05,1.970119226e-05,1.481410553e-05,4.618056759e-05,2.081129836e-05,3.642036111e-05,0.0001166700206,0.0003336331055,0.0009705209958,0.003792046322,0.006013638891,0.01091395166,0,0.007526631241,0.009531321705,0.003701631311,0.005019698405,0.000683416265,0.0008342670653,0.0003550743686,0.0002689233302,0.0001200557009,0.000285053065,0.0005245936143,0.0001352714758,7.788932166e-05,6.466054993e-05,0.0001260323998,0.001611696547,0.000173417661,0.0001575003964,0.000183046034,0.001207390445,0.002861003867,0.001488436717,0.000726469969,0.001886939455,0.002505327992,0.008131958412,0.005065428151,0.01361991879,0.006360175626,0.009992891602,0.001263907628,0.001327678605,0.0008369289817,0.001740319507,0.000527765589,0.001197761966,0.004894298123,0.001207801915,0.0006293102399,0.002354540721,0.01225600731,0.001264525948,0.0004421821109,0.0007952678917,0.00244063771,0.0006090484077,0.0002703672844,0.00119192946,0.0002652325676,0.0002572096196,0.0001222931578,0.000338331412,0.0001362444088,0.0001299430587,6.467484405e-05
A:115,1.46924833e-05,1.244776712e-05,3.092806675e-05,0.0001344043436,9.421797259e-05,5.154117471e-05,0.0001242548301,0.0001759467455,0.0003788972627,0.0004238537326,0.0004056660235,0.0002941854183,0.0006557024761,0.006899753407,0.00404446163,0.0006147105972,0.0001429979749,0.0005846000194,0.0005980738878,0.000292094322,0.0002105069655,7.677149099e-05,0.0002988415609,9.280589588e-05,0.0001500249144,0.000117548527,7.03588519e-05,4.135752172e-05,3.499381764e-05,2.779278504e-05,2.131781228e-05,1.819385835e-05,2.575355709e-05,0.000152034867,5.612266427e-05,8.009651182e-05,3.866412832e-05,2.058228831e-05,2.265050725e-05,5.119504055e-05,3.230339157e-05,4.314137909e-05,2.713993421e-05,8.514383766e-06,1.457835302e-06,2.185784766e-05,7.441456371e-07,3.039443464e-07,3.655003899e-07,5.620187084e-06,5.095090686e-06,1.332493951e-05,7.626369741e-06,1.958127575e-05,2.134955639e-05,3.258365315e-05,0.0001090817318,0.0001261069813,8.20398804e-05,0.0001053170234,3.806969298e-05,4.621891862e-06,3.08522476e-06,2.045880122e-06,2.614000719e-06,7.214891637e-06,4.019450602e-06,3.283091365e-06,4.488598177e-06,1.194576798e-05,2.883560102e-06,6.838989379e-06,3.246898583e-06,0.000106112452,9.079188825e-05,0.0001702623588,0.0001319938549,0.001405540128,0.001117541506,0.004284395093,0.007439116205,0.007442673316,0.01304407078,0.0118293092,0.002647143308,0.001355568991,0.000534770943,0.0007787685509,0.001396919175,0.00268109566,0.0003879808043,0.0005471350144,0.0003264980862,0.0002034936064,0.0001666242771,0.0003354143193,6.709618268e-05,5.92707469e-05,2.011987568e-05,5.516879625e-05,1.937184896e-05,1.344029089e-05,9.407966932e-06,1.243864632e-05,2.196820407e-05,9.464311258e-06,1.51802373e-05,3.372983211e-05,0.0002061128433,0.0006693530935,0.0008364497764,0.004545281347,0.008067883191,0.007526631241,0,0.008615473736,0.006759602876,0.006045156913,0.0008843729557,0.0008358201087,0.0005876748275,0.0005729893412,0.0001529008017,0.0005918361417,0.001204706053,0.001090848288,0.0001220836814,0.0001051992223,0.000238194437,0.01356405839,0.001081593578,0.0001643643541,0.0002677930383,0.003868684125,0.00163252564,0.0004626399633,0.0003633588226,0.0006035519763,0.0006395162147,0.002020205491,0.00506734137,0.005684037808,0.006469034814,0.00556632781,0.005978284158,0.00190420083,0.0006142910314,0.002691397713,0.0006759980971,0.002031307389,0.002076769166,0.0006968090858,0.0009186292244,0.0002802363268,0.002207142559,0.0003674668314,0.0003765224356,0.000485369618,0.0007760984256,0.0002683642651,0.000203143108,0.0006399677856,0.000122387785,0.0001920141993,5.936851345e-05,0.0001163964486,4.184450528e-05,4.902984022e-05,1.567608757e-05
A:116,9.778871826e-06,1.060567241e-05,8.188994774e-06,5.911972856e-05,5.584533689e-05,4.769500125e-05,0.0002026857847,0.000263310911,0.0005589030327,0.00104064932,0.001007354543,0.0003389329545,0.001092505974,0.005886736479,0.007990714281,0.001283670657,0.0005242144328,0.0009517908599,0.001211162222,0.0007266801326,0.0003787199324,9.753756631e-05,0.0001535834594,0.0001460457206,0.0001520882572,0.0001015954222,7.711022258e-05,0.0001736925252,4.52810041e-05,3.23595372e-05,2.982245344e-05,4.22909015e-05,3.477083893e-05,0.0002682285208,9.621378916e-05,0.0001243792609,4.335146791e-05,2.756606002e-05,1.944395493e-05,5.520365841e-05,1.598538156e-05,1.344590662e-05,1.415715919e-05,1.038036496e-05,3.34051131e-06,2.974475259e-05,5.513996677e-07,2.36652074e-07,4.845790249e-07,5.427032854e-06,5.178750091e-06,1.150102871e-05,3.426415459e-06,1.237998582e-05,2.293909712e-05,3.161324552e-05,0.0001930049101,0.0001054041096,0.0001604223467,0.0001793828519,7.613092176e-05,1.044936582e-05,9.70623252e-06,2.147679485e-06,4.420098055e-06,6.758834111e-06,4.031321828e-06,2.572495645e-06,4.839639403e-06,5.572290378e-06,1.095525657e-06,4.39120438e-06,1.313001394e-06,4.322415331e-05,4.619410041e-05,6.558688891e-05,7.2718143e-05,0.0002412884041,0.0009237856851,0.002555184482,0.005977518475,0.009240335032,0.00664030781,0.007632286813,0.002695047915,0.00134928094,0.0008883056192,0.001428167479,0.002819867131,0.001695337157,0.0005408252609,0.001298597504,0.0004025197762,0.0003129443388,0.0002586173167,0.0004402370853,9.499605023e-05,8.84654709e-05,2.766714621e-05,7.400962948e-05,1.004812693e-05,1.293436697e-05,7.585512184e-06,1.40016216e-05,1.917110706e-05,7.489788105e-06,5.378794739e-06,1.078169849e-05,5.305204243e-05,0.0001783667452,0.0004301165558,0.0004733977994,0.002041436421,0.009531321705,0.008615473736,0,0.01256016882,0.008419694303,0.001560309482,0.001980017207,0.0009296397971,0.0007963457956,0.0003518588874,0.0008157895589,0.00111824697,0.0002484585431,0.0001074812312,9.891605271e-05,9.034314674e-05,0.0002997559776,0.000155754807,3.594170669e-05,3.601656014e-05,0.000459917254,0.0006310569295,0.0002485718931,0.0001379273644,0.0003284925735,0.0004762794755,0.001719353916,0.001939464091,0.004044787846,0.00511862712,0.005867114514,0.009667382105,0.01161171819,0.001166684588,0.002286159806,0.00124885542,0.00203151364,0.001578478739,0.002737289221,0.0006623213579,0.0006466549361,0.0002115354568,0.0005100892693,0.0003259434765,0.0001667023793,0.000105615771,0.0002609839042,0.0002363936621,4.276879616e-05,3.970733442e-05,0.0001212960881,4.536147795e-05,1.980402139e-05,2.694933599e-05,2.972945634e-05,1.146773406e-05
A:117,7.048362975e-06,9.832746582e-06,8.730629849e-06,4.785150888e-05,6.480734648e-05,1.370595205e-05,0.000218605036,0.0002663585521,0.0003541911158,0.0004929702883,0.0007604944915,0.0001867352953,0.0006480553597,0.006736334214,0.006947478883,0.001428731053,0.0004193800612,0.000581323579,0.001327951311,0.0007728109015,0.0006447038184,0.0002904660991,0.0001224755197,0.0001935197316,0.0001839834708,7.698048105e-05,8.65453321e-05,0.000693631814,0.0001723596132,4.704076704e-05,4.723307819e-05,5.862325631e-05,2.183061563e-05,9.110632013e-05,3.137321614e-05,3.751705111e-05,1.921781322e-05,1.414145623e-05,1.277686612e-05,3.780395206e-05,1.083663386e-05,4.906702019e-06,5.320019963e-06,4.842188017e-06,2.033943549e-06,9.82188983e-06,2.293557217e-07,1.068981337e-07,4.238829946e-07,3.099941473e-06,4.964100684e-06,6.805056379e-06,2.893910285e-06,9.613683951e-06,1.724936663e-05,2.343553713e-05,0.0001191238123,5.008569377e-05,7.902909133e-05,8.342129667e-05,3.373049725e-05,5.182904786e-06,4.84522082e-06,6.992627018e-07,1.713256159e-06,2.835312545e-06,1.529335911e-06,1.084039794e-06,4.067712804e-06,6.063911815e-06,1.293088112e-06,4.555641036e-06,1.08666815e-06,3.948408913e-05,9.242218595e-05,5.327044107e-05,6.634388835e-05,0.0006638693945,0.0002688361657,0.001825668682,0.005797966531,0.006356437921,0.00673904993,0.009627976171,0.01322419484,0.002436939334,0.001650313916,0.000748574609,0.0007346412244,0.0009008237578,0.0003949368373,0.001233128701,0.001511937534,0.000347061403,0.0002920568506,0.001064433965,8.964252445e-05,0.0001258453499,3.615625799e-05,6.500179152e-05,2.00680615e-05,2.35753106e-05,4.931056704e-06,1.195384045e-05,1.753479169e-05,8.350155657e-06,3.350147578e-06,5.391246e-06,4.159622961e-05,0.0001885575957,0.0001997748496,0.0003552863649,0.0001290007632,0.003701631311,0.006759602876,0.01256016882,0,0.008153438281,0.004678104198,0.004680918169,0.001847927288,0.001298663577,0.0009889446269,0.0005167105574,0.0004045010975,0.0002043549966,9.187779085e-05,0.000102512622,4.274780811e-05,0.0003953959139,5.043039973e-05,3.906843966e-05,2.338374127e-05,2.225570517e-05,8.750733571e-05,0.000108264426,4.576907262e-05,9.157516541e-05,0.0001649549314,0.0004809938878,0.0007573709598,0.001237148455,0.004884481546,0.01071420932,0.006282133641,0.009176946678,0.004967945838,0.003298088503,0.003541337334,0.001892513869,0.0006415485732,0.004049734848,0.000574179032,0.0003507341479,0.0007080153595,0.0002616236996,0.0002284942533,0.0001841195216,0.0001717208478,0.000133353249,0.0001263095785,7.868116977e-05,4.32477344e-05,9.252565151e-05,3.816718374e-05,1.575652078e-05,2.231457534e-05,2.242328829e-05,7.546271756e-06
A:118,1.116588421e-05,1.133361451e-05,2.856558135e-05,0.0001264024534,0.000130771852,2.619574222e-05,0.0003434081228,0.0002126541193,0.0008756325314,0.0007934229101,0.0006347896262,0.0003037723561,0.001010985125,0.002675684848,0.005763496388,0.0007328866682,0.000380790295,0.0003038806176,0.0007224359564,0.0005967178676,0.0002549048247,0.0003543963502,0.000423271334,0.000229389684,0.0004897381216,0.0002195190779,0.0001731266395,0.0005570727771,0.0001303687756,8.676842201e-05,8.316657689e-05,8.213532448e-05,3.733612435e-05,0.0001942537284,5.324346102e-05,8.000890393e-05,7.349495405e-05,3.599999866e-05,3.483094948e-05,8.746967856e-05,2.659702941e-05,2.236317196e-05,2.125608908e-05,3.783323607e-06,6.767051328e-07,9.091966148e-05,2.883412919e-06,2.67019834e-06,1.3862224e-06,1.22988774e-06,4.378683098e-06,2.375586222e-05,1.250217642e-05,3.344359084e-05,3.829911766e-05,5.460845435e-05,0.0002499097043,0.0001727110564,0.0001955106137,0.0001353873135,4.435256157e-05,5.988491707e-06,3.111179582e-06,4.535612429e-07,1.555846719e-06,3.165752499e-06,1.907997454e-06,2.435286715e-06,4.521423398e-06,7.551161914e-06,2.54259808e-06,1.434042807e-06,2.445620511e-06,7.741893618e-05,0.0001272895737,0.0001486794842,0.0001520077074,0.0005022630824,0.0002172048981,0.0006415999809,0.0008824006054,0.001361736052,0.00428169072,0.007648114384,0.002677711823,0.001158087229,0.0004137530952,0.001034642935,0.001816760616,0.0002190317376,0.0003487473382,0.0008948515929,0.0003441242753,0.0004231431651,0.0003187910617,0.0004428597142,6.303211165e-05,0.0001339077496,2.992944277e-05,1.465829092e-05,2.208789299e-05,2.606398252e-05,6.074757944e-06,1.210491007e-05,1.827051419e-05,4.223555577e-06,7.507882846e-06,2.008622617e-05,0.0001723016446,0.0003308447235,0.001560079809,0.001085888709,0.001625827827,0.005019698405,0.006045156913,0.008419694303,0.008153438281,0,0.01844664289,0.01609373368,0.006820603369,0.002921918422,0.0009513694574,0.001206681989,0.0002747403011,0.000589991188,0.0001063722804,9.016263152e-05,5.761036678e-05,0.0002024136737,0.0003075574453,3.370045698e-05,2.957812477e-05,0.0003101002316,0.0007832935418,0.000297646036,0.0002586224157,0.0006449480817,0.001185848839,0.002728391547,0.002815706379,0.00431091874,0.01375199953,0.007186086034,0.006960621027,0.003038941084,0.004999704696,0.009394774619,0.002393720881,0.005744584355,0.003434710068,0.0007616388297,0.001584886413,0.001130127636,0.00265602665,0.001075784663,0.000825903626,0.0003791614883,0.0001841300854,0.0007297896844,0.0004808738185,0.0002164143098,0.0001949306999,0.000359326519,0.000145758766,3.185605637e-05,7.976459996e-05,6.225231103e-05,1.900761723e-05
A:119,3.193430054e-06,4.920582277e-06,1.238419401e-05,3.149701553e-05,2.072493294e-05,9.233665842e-06,4.478576117e-05,2.592609828e-05,7.516844868e-05,6.519756283e-05,6.087440257e-05,3.644550717e-05,0.0001382624888,0.0002292792719,0.0005562823703,8.839179834e-05,0.0004279915931,0.0002767403052,0.0004647880795,0.0006407739273,0.0001916814072,0.0003882640664,0.0008885845902,0.0003054571054,0.0006671055848,0.000120397718,0.0001960989792,0.002137948827,0.0003964852227,0.0001722288538,0.0001250944716,0.0002324775504,4.629294434e-05,3.42097381e-05,2.060921091e-05,2.796156303e-05,1.273244871e-05,1.595683725e-05,2.152399971e-05,2.582281628e-05,7.024637319e-06,5.810209797e-06,2.874270289e-06,2.509551418e-06,1.116308048e-06,3.514991997e-05,1.05811292e-06,9.446878106e-07,3.507890122e-07,4.135944158e-07,2.963292638e-06,4.765333543e-06,9.145908078e-06,1.891329534e-05,9.524878921e-06,1.271938723e-05,7.831500028e-05,3.381041551e-05,2.4740232e-05,1.889390476e-05,5.233577755e-06,6.928271431e-07,3.704930644e-07,3.129679024e-08,1.178751476e-07,2.885106213e-07,2.042666722e-07,1.69688239e-07,7.109530781e-07,1.3583272e-06,5.5113387e-07,4.139734637e-07,5.929312168e-07,1.255314919e-05,1.781954775e-05,3.539964241e-05,5.245195027e-05,6.101596525e-05,6.78677683e-05,0.0001134958923,0.0001747093152,0.0002665270179,0.0006256995527,0.000640880678,0.002050500856,0.0006733074731,0.0005403829272,0.0009189637781,0.0001756551343,0.0002146333873,0.0002834134518,0.0001825122308,6.160607076e-05,0.0001404592792,0.0001015668326,3.719606237e-05,2.337785348e-05,3.454015484e-05,9.329775256e-06,3.159429824e-06,4.45108597e-06,4.785862115e-06,1.484811906e-06,2.454657551e-06,3.181556733e-06,1.59386337e-06,1.627456485e-06,4.208627204e-06,1.750042801e-05,4.010209185e-05,0.0001419544611,0.0001637318737,0.0001943360465,0.000683416265,0.0008843729557,0.001560309482,0.004678104198,0.01844664289,0,0.02140162257,0.01371647144,0.01176617414,0.00499720583,0.007018605612,0.0007206768955,0.001074560071,0.0004743870461,0.000337447553,0.0001870152224,4.550750138e-05,9.429796716e-05,0.0001107681111,5.024292294e-05,4.189546678e-05,5.896051143e-05,9.080930024e-05,4.009981623e-05,6.880157736e-05,0.000146975556,0.0003944059755,0.0003408090344,0.0007613457114,0.001728090236,0.00196121968,0.005633439632,0.003279940019,0.0183152211,0.01485582713,0.005966566476,0.0122266207,0.004269194434,0.001378587415,0.001234145419,0.002145914999,0.0005979791551,0.000783900881,0.00075721351,0.0006387550919,0.0001331059782,0.0003255915583,0.0002949695759,0.000119025211,9.739266581e-05,0.0001204368634,6.345490284e-05,1.735873585e-05,2.879380052e-05,2.091700101e-05,8.390917713e-06
A:120,1.106449617e-06,1.432926274e-06,2.425742128e-06,1.27879025e-05,8.419840768e-06,2.746181689e-06,2.286084391e-05,1.761913541e-05,7.230278402e-05,0.0001052169868,0.0001131784688,4.403947683e-05,2.738698995e-05,0.0002074925361,0.0002547364678,1.670928229e-05,1.720676626e-05,2.735332732e-05,4.289001985e-05,5.165709462e-05,2.810521532e-05,5.72637697e-05,0.0001725438785,4.390363939e-05,0.0001291187748,4.383002957e-05,5.122876121e-05,0.0003041482195,6.256893184e-05,3.514196319e-05,2.375758909e-05,1.773357148e-05,5.529703104e-06,4.131284275e-06,4.03268637e-06,5.392216742e-06,5.966902224e-06,4.849312763e-06,5.389302639e-06,8.353333022e-06,2.713871267e-06,1.737491395e-06,1.528686561e-06,9.535311318e-07,2.901964009e-07,1.101203058e-05,2.689296364e-07,2.120133148e-07,9.419873332e-08,2.7366112e-07,9.647683901e-07,2.040693806e-06,1.513818279e-06,3.638154582e-06,1.714742066e-06,2.976472908e-06,9.181129278e-06,1.680493117e-05,1.437713221e-05,2.218808306e-05,4.587014347e-06,1.045971505e-06,4.322311122e-07,4.683264987e-08,1.420743551e-07,2.699833477e-07,1.299404744e-07,1.566239894e-07,9.634909621e-07,7.551476048e-07,1.776839302e-07,5.20300274e-07,4.411441912e-07,6.453457943e-06,1.437168962e-05,1.84959438e-05,1.882943709e-05,6.271898043e-05,2.502836604e-05,0.0001455255295,0.0001614781766,0.000559078196,0.0004943909452,0.00198257866,0.0104582516,0.001400369919,0.001077610556,0.001848435749,0.0004092695193,0.0009007696196,0.0005353524681,0.0005059610362,0.0002408200482,0.0003572458917,0.0002437123035,8.921285374e-05,7.030115962e-05,0.0001199359031,3.589249541e-05,9.804942811e-06,1.419081052e-05,1.947125215e-05,5.821696398e-06,6.472450638e-06,7.046465539e-06,2.495203149e-06,8.43820178e-07,1.46225528e-06,1.486952457e-05,4.359985362e-05,0.0001535769158,0.0001706205171,0.0001900067659,0.0008342670653,0.0008358201087,0.001980017207,0.004680918169,0.01609373368,0.02140162257,0,0.03339836728,0.01758832499,0.0136471846,0.008453998815,0.001441463267,0.001968000857,0.0007642894612,0.0005468616315,0.0002687359471,0.0001916951508,0.0003047632178,0.0002254967021,6.944319128e-05,2.654057835e-05,0.0001940901175,0.0001563695515,7.600857623e-05,3.711452178e-05,0.000116564665,0.0003092095454,0.0005217508239,0.0005676345252,0.002380860937,0.0005715409875,0.001659318968,0.0003395078505,0.003005708133,0.003634091632,0.001556100284,0.002935132594,0.000430430029,0.0002960825065,0.000522530595,0.0002391756338,0.0001393622837,0.0002573077531,0.0001876313179,7.086621096e-05,2.266909926e-05,0.0001110415766,7.54569823e-05,2.368153161e-05,2.389309711e-05,3.9361459e-05,1.690670034e-05,3.263415118e-06,7.302778714e-06,5.697502713e-06,1.773725819e-06
A:121,3.71294159e-07,6.130399099e-07,1.58838346e-06,6.248807651e-06,7.065745132e-06,5.761698132e-06,2.727496827e-05,3.913439125e-05,0.0001021300718,0.0002124706017,0.000263142443,0.000107856492,0.0001238225826,0.0002024311367,0.0002142805847,7.47751629e-05,5.827974422e-05,3.819343886e-05,8.345532538e-05,9.468107064e-05,2.867670204e-05,3.835578586e-05,0.0001166487198,3.672491955e-05,6.74390385e-05,1.698271888e-05,2.222493999e-05,0.000155777426,3.440185485e-05,1.92763225e-05,1.282405715e-05,2.423645536e-05,5.461152158e-06,1.911393963e-05,5.666658228e-06,7.088582043e-06,7.974875512e-06,6.310643517e-06,5.579927764e-06,5.489910055e-06,1.560121141e-06,5.992482513e-07,4.443451248e-07,3.698880929e-07,1.102343184e-07,3.975094984e-06,8.197574197e-08,6.392888858e-08,2.925536497e-08,1.126259335e-07,5.154038776e-07,8.992260039e-07,1.275502147e-06,3.524052724e-06,4.230607433e-06,6.625573201e-06,2.245128235e-05,2.871645611e-05,1.88501948e-05,3.466575968e-05,4.166860271e-06,1.03722097e-06,2.988219778e-07,3.482419168e-08,1.355404671e-07,1.226630773e-07,7.680821811e-08,1.235947791e-07,5.385815524e-07,5.81149249e-07,2.414354736e-07,9.116388488e-07,9.60376972e-07,2.897957585e-06,8.445886863e-06,1.239546297e-05,1.905153887e-05,3.835728892e-05,4.813377176e-05,0.000114090573,0.0001629404389,0.0005546342091,0.001102605786,0.002233209925,0.007278831243,0.002112954221,0.001781315555,0.001697317306,0.0006953855398,0.001047553778,0.0005497517428,0.0005337806202,0.0002175128609,0.0002551675008,0.0001738706134,0.0001044628161,7.040636975e-05,8.408837349e-05,3.793653242e-05,1.349059356e-05,9.667878387e-06,1.21220752e-05,4.177294372e-06,3.552166593e-06,3.410825155e-06,3.45014855e-06,1.439205672e-06,2.355814378e-06,7.106229173e-06,1.92623641e-05,6.643062751e-05,8.272944653e-05,0.0001240150019,0.0003550743686,0.0005876748275,0.0009296397971,0.001847927288,0.006820603369,0.01371647144,0.03339836728,0,0.04271838134,0.01293183987,0.01181066638,0.002113641776,0.002236228711,0.0009887950954,0.0006992317528,0.0003627037777,0.0002765869486,0.0004992506218,0.0002433495379,8.097678787e-05,7.564800586e-05,0.0001676640879,9.204522243e-05,0.0001036544502,0.0001471316394,7.797972226e-05,0.0001656879419,0.0002417285954,0.0003992105498,0.0009993346497,0.0006538107224,0.0005094308067,0.0005118234047,0.00182708591,0.0008905758508,0.000726909794,0.0022333348,0.0009237165144,0.0002525191496,0.0002642265752,0.0003631669333,0.0001600229732,0.0001462373928,0.0001256044912,9.832486282e-05,3.448067742e-05,5.371419571e-05,4.015230124e-05,2.343980897e-05,1.649532972e-05,1.550174718e-05,7.723132204e-06,3.179010701e-06,2.998457605e-06,2.123684861e-06,7.766327537e-07
A:122,2.313927185e-07,3.652423979e-07,9.642824902e-07,4.217307714e-06,7.90082978e-06,7.521537767e-06,3.920830911e-05,5.248177407e-05,0.0001928185669,0.0003318063515,0.0004571269096,0.0002339997167,0.0002891889825,0.0003790387483,0.0002083482353,7.725912758e-05,2.034961198e-05,3.708141744e-05,6.203308799e-05,5.346391668e-05,2.541219984e-05,4.648836708e-05,7.751160325e-05,1.873032918e-05,3.694364654e-05,2.117320725e-05,2.123798162e-05,0.0001005663531,2.400961696e-05,1.492242371e-05,6.631369405e-06,1.381798405e-05,4.451171996e-06,4.083603987e-05,7.810778745e-06,9.564085366e-06,1.226642394e-05,7.183757591e-06,4.950021883e-06,6.124797296e-06,2.289048768e-06,1.436690093e-06,4.541186394e-07,3.392822064e-07,9.163291632e-08,1.793547957e-06,3.005361476e-08,2.14386699e-08,2.69378681e-08,1.526962291e-07,3.305794696e-07,7.401285659e-07,5.527343337e-07,2.181806107e-06,4.445486323e-06,8.116703217e-06,2.236815245e-05,4.706546408e-05,3.524908705e-05,6.09364906e-05,7.296962026e-06,1.891778505e-06,4.916817146e-07,5.398180595e-08,2.549571702e-07,2.011211025e-07,1.185126699e-07,2.358976483e-07,9.206539297e-07,8.414004384e-07,3.574942825e-07,1.769747376e-06,2.084417626e-06,2.683201937e-06,9.263602167e-06,1.05734649e-05,1.393297893e-05,4.076907768e-05,4.106016272e-05,0.0001288097417,0.0002182564527,0.0005480454977,0.001179847732,0.003036225011,0.008359545094,0.002307525813,0.002094098807,0.002858929246,0.0007674637795,0.001671198566,0.000864839618,0.0008946146763,0.0002724075615,0.0005362152508,0.000352019442,0.0002301853682,0.0001422277038,0.0002146846358,9.144869904e-05,3.56330227e-05,2.200793792e-05,3.328830107e-05,1.113202317e-05,8.238490395e-06,7.285094806e-06,7.05216749e-06,2.225868751e-06,3.255420596e-06,6.975512751e-06,1.722727614e-05,5.18240576e-05,6.182286394e-05,9.955570476e-05,0.0002689233302,0.0005729893412,0.0007963457956,0.001298663577,0.002921918422,0.01176617414,0.01758832499,0.04271838134,0,0.0199688833,0.01062893078,0.004235373325,0.005957146352,0.002704415907,0.001714396176,0.0009635562898,0.0004277718676,0.00127683712,0.0005978602689,0.0001708011753,0.000110488504,0.0002638717214,0.0001696829718,0.0001496342779,0.0002596353697,0.0001110708118,0.0001851537079,0.0002315478439,0.0002058996533,0.0006006854295,0.0003456800579,0.0005733917669,0.0004128685225,0.001831647136,0.001707859806,0.0008919543346,0.001598802696,0.0004325651028,0.0002113851561,0.0002329628607,0.0001519005033,6.65334407e-05,9.230180748e-05,6.953772852e-05,3.734868659e-05,1.71337085e-05,3.024585897e-05,2.046789659e-05,9.348625445e-06,7.775050672e-06,7.808897967e-06,3.534462305e-06,1.623089456e-06,1.36211049e-06,1.039880835e-06,3.512294416e-07
A:123,3.190459698e-07,4.674220011e-07,1.142382463e-06,4.671902133e-06,8.676509714e-06,7.483920702e-06,3.870611277e-05,3.256096997e-05,0.0001704205411,0.0002179895439,0.0004055442643,0.0001998901358,0.0002228126604,0.0003134542082,0.0001521619257,3.749303266e-05,9.538873334e-06,1.772841423e-05,2.701996446e-05,2.121392537e-05,1.09259062e-05,2.196498632e-05,4.498211678e-05,1.047987786e-05,3.057038307e-05,1.725001297e-05,1.488001577e-05,4.941355736e-05,1.299615832e-05,8.72932844e-06,5.646534225e-06,8.505608959e-06,5.218831458e-06,5.313345892e-05,1.21025183e-05,1.453374222e-05,1.276436442e-05,6.28371605e-06,4.312287558e-06,6.532385078e-06,2.373771729e-06,1.816908887e-06,6.760872698e-07,4.547303997e-07,1.11955446e-07,1.274854017e-06,2.372926418e-08,1.381649129e-08,2.432107705e-08,2.129959999e-07,3.623844648e-07,9.511496622e-07,5.577838979e-07,2.273102698e-06,3.28925521e-06,6.454864739e-06,1.325608349e-05,3.853698202e-05,4.25168593e-05,6.072750378e-05,1.123010836e-05,2.598971049e-06,8.862393015e-07,9.389922433e-08,4.593336333e-07,3.88316625e-07,2.013238612e-07,3.567017653e-07,1.52562156e-06,1.260526961e-06,4.680614352e-07,2.634109027e-06,3.103996277e-06,2.945094433e-06,1.030828376e-05,1.144750268e-05,1.345924871e-05,3.339815431e-05,2.391725272e-05,7.917585836e-05,0.0001240044708,0.0004923564119,0.00122444807,0.004278222383,0.007554129346,0.00695821059,0.006490026881,0.00398742965,0.001638786238,0.0006942259691,0.0008523541866,0.001317336319,0.0001803239968,0.0005916971345,0.0003739655192,0.0002759239244,0.0001977781101,0.0002641142183,0.0001107267003,4.929228147e-05,3.202680501e-05,4.575985704e-05,1.62677148e-05,1.362571479e-05,1.218677286e-05,1.049480206e-05,3.222260032e-06,3.848812076e-06,6.945810139e-06,1.671779418e-05,4.855746595e-05,3.221374909e-05,5.015202638e-05,0.0001200557009,0.0001529008017,0.0003518588874,0.0009889446269,0.0009513694574,0.00499720583,0.0136471846,0.01293183987,0.0199688833,0,0.01857455801,0.007523074103,0.02484113222,0.003316180051,0.001528585913,0.00256749011,0.00214576985,0.002053388432,0.0007454142587,0.00022379596,8.034496744e-05,0.0004433263399,0.0002769451469,0.0002155855113,0.0004382538963,0.00013166556,0.0001580425984,9.3106924e-05,5.425003147e-05,0.0002338445379,0.0002016543176,0.0002310987902,0.000158944144,0.0006873488737,0.0008718271421,0.0004048567258,0.0006265696223,0.0001301570476,0.0001263578804,0.0001179107503,5.411439004e-05,2.656113391e-05,5.413111269e-05,3.632691392e-05,1.93204689e-05,1.084506514e-05,2.352238567e-05,1.656851222e-05,6.52343888e-06,7.119675532e-06,7.334017754e-06,3.258598443e-06,1.235732647e-06,1.451931766e-06,1.160835506e-06,4.0074092e-07
A:124,7.046480414e-07,1.199163164e-06,4.202499137e-06,1.257911166e-05,3.903045254e-05,2.051383365e-05,0.0001789607244,0.0001260509345,0.0008115772367,0.0009413175771,0.001191804093,0.0005557369019,0.0007815155548,0.001396515364,0.0009551901518,0.0002170330541,6.973275015e-05,6.784997812e-05,0.000103873533,0.0001184965336,2.062698681e-05,1.171299243e-05,2.525132415e-05,1.024761459e-05,1.974373336e-05,1.94040988e-05,1.085266826e-05,1.714601544e-05,4.680243303e-06,3.179484955e-06,4.717763958e-06,1.012471111e-05,1.169286841e-05,0.0002076146025,4.241934607e-05,5.530042368e-05,5.0562957e-05,2.362318909e-05,1.67033831e-05,2.01160606e-05,6.771578494e-06,5.477830502e-06,1.468508877e-06,9.533381629e-07,2.701563024e-07,1.091929356e-06,8.897524371e-09,1.288940371e-08,8.368174525e-08,6.29604231e-07,7.417441837e-07,2.405790783e-06,1.402479752e-06,7.078598587e-06,1.849572403e-05,3.301687191e-05,8.278633721e-05,0.0001606813831,0.0001503871627,0.0001425997209,3.142674098e-05,5.96027245e-06,2.189392531e-06,1.592219585e-07,1.207995537e-06,1.35720721e-06,8.547396421e-07,1.122557857e-06,4.498784005e-06,5.169625757e-06,1.884825138e-06,7.711432108e-06,1.318300885e-05,1.129941989e-05,3.75333069e-05,3.281255291e-05,3.559228507e-05,0.0001284570772,5.246354429e-05,0.0002387138938,0.0004030501349,0.001406684944,0.005236815034,0.00628737335,0.01007243342,0.009094925624,0.009993174295,0.005358688478,0.001596829107,0.009270309924,0.001718465018,0.002481824968,0.001103425162,0.001480673054,0.0009351807444,0.0007632146914,0.0004280474488,0.0008178215479,0.0003126745422,0.0001326797657,8.986645522e-05,0.0001737475403,5.707866938e-05,4.71359028e-05,4.426007119e-05,3.935472738e-05,1.015324044e-05,1.22382169e-05,2.098128587e-05,3.645484844e-05,6.294136531e-05,5.01182736e-05,8.055258146e-05,0.000285053065,0.0005918361417,0.0008157895589,0.0005167105574,0.001206681989,0.007018605612,0.008453998815,0.01181066638,0.01062893078,0.01857455801,0,0.01185258355,0.01333581716,0.004834295597,0.002117400074,0.002824102926,0.001844719052,0.002536171683,0.0009891577058,0.0003210622122,0.0001123101473,0.0005160726143,0.000390430104,0.0003428194351,0.00070915618,0.0001819185915,0.0002685639562,0.0001335074921,9.464710646e-05,0.0004477465994,0.0001263630034,0.0002041958574,0.0001745828049,0.0006680284807,0.001468129206,0.0002824282834,0.0002663782779,0.0001288440731,3.373833812e-05,0.000120259849,4.05972883e-05,2.295033873e-05,2.841425364e-05,3.588916006e-05,1.125444312e-05,1.201265149e-05,2.73903595e-05,1.857297081e-05,1.157591644e-05,1.224951641e-05,1.189275777e-05,5.106643283e-06,4.168344799e-06,2.524270134e-06,2.23708493e-06,7.477665893e-07
A:125,9.165053262e-07,1.47907043e-06,4.613939933e-06,1.326558711e-05,3.861723858e-05,7.856726394e-06,0.0001386437008,0.0001022754384,0.0005730750764,0.0005454957202,0.001030081584,0.0004224251952,0.0007185430314,0.004519570365,0.001534421874,0.0007534548129,9.383969548e-05,0.0001893586545,0.000222952891,0.000160344862,5.961684755e-05,1.675242668e-05,4.204366067e-05,1.757765546e-05,1.651273375e-05,1.403306396e-05,5.49670923e-06,6.988959225e-06,6.402708046e-06,2.682699179e-06,3.899772941e-06,1.281965758e-05,1.06777408e-05,0.0001856824479,3.703121755e-05,5.194460031e-05,3.843138531e-05,1.46984031e-05,1.134043088e-05,1.799972806e-05,6.503029261e-06,6.454514463e-06,1.842913642e-06,1.124675637e-06,3.0431392e-07,1.003598255e-06,7.153951921e-09,1.284214192e-08,9.253131018e-08,7.900077655e-07,6.46625689e-07,2.40854064e-06,6.217576432e-07,4.223826493e-06,1.670618999e-05,3.130671378e-05,9.118996557e-05,0.000154094421,0.0001223484146,5.496890549e-05,2.387333894e-05,2.952217904e-06,1.793501774e-06,1.266162274e-07,9.514197538e-07,1.471583387e-06,1.008516243e-06,9.436057029e-07,2.959140257e-06,5.380970974e-06,1.452114437e-06,4.441059924e-06,7.868708122e-06,1.390806325e-05,3.490182051e-05,2.399415308e-05,1.407969257e-05,0.0001270376678,7.126584404e-05,8.254364015e-05,0.0004880509202,0.001232650707,0.01105729947,0.004215879763,0.0067255588,0.00718872484,0.007974825969,0.00314244614,0.005292708621,0.0128404973,0.001227284379,0.0007697422632,0.0002392322195,0.0003066814177,0.0001883151502,0.0002178059027,0.0002004414334,0.0001685014148,9.336995041e-05,5.444799284e-05,2.471895941e-05,5.024215387e-05,2.072042731e-05,2.224182007e-05,2.259691253e-05,2.147025395e-05,8.133730422e-06,7.859502671e-06,1.170926244e-05,2.760777203e-05,5.034632929e-05,4.906347282e-05,0.0002718621486,0.0005245936143,0.001204706053,0.00111824697,0.0004045010975,0.0002747403011,0.0007206768955,0.001441463267,0.002113641776,0.004235373325,0.007523074103,0.01185258355,0,0.01024028557,0.00722691764,0.006807245931,0.01078461155,0.0159184192,0.00336262193,0.001383394219,0.001846334869,0.0003470690811,0.001368426198,0.0003261439902,0.0003145730804,0.0004547219449,0.0001383710165,0.0001541330155,0.0007581158967,5.856431353e-05,0.0003041613822,0.0002009604458,0.000131840474,0.0001852424898,9.450626534e-05,0.0003513435914,5.42877147e-05,0.000136236107,0.0001531650365,3.242265769e-05,6.328589702e-05,2.644475853e-05,6.856131669e-05,1.643225902e-05,2.361823929e-05,9.814627405e-06,2.487023901e-05,1.557518193e-05,1.542339487e-05,6.003306497e-06,7.494333838e-06,1.041389194e-05,4.183775197e-06,3.131127832e-06,2.499078455e-06,2.530969934e-06,7.982858315e-07
A:126,2.79213474e-07,3.640123057e-07,1.270977425e-06,3.799193751e-06,7.540382246e-06,1.239129257e-05,2.855010632e-05,2.384694593e-05,0.0001026892091,0.0001696237271,0.000329512632,0.000154197733,0.0002009960039,0.0003687197128,0.0001266832519,5.002505168e-05,8.94405778e-06,2.497168149e-06,5.222948264e-06,1.363861477e-05,1.848880834e-06,5.119282854e-06,5.738557215e-06,2.078791596e-06,5.275842065e-06,5.189605276e-06,3.412735214e-06,5.500688343e-06,1.736338245e-06,1.227578014e-06,1.099562701e-06,2.232781603e-06,2.525558176e-06,3.996646632e-05,7.683675127e-06,9.26323065e-06,8.055728271e-06,4.310743256e-06,2.981260822e-06,3.248080314e-06,1.369314278e-06,1.122965288e-06,5.041349218e-07,2.267611311e-07,3.685400433e-08,1.986553628e-07,6.268968621e-09,2.364362893e-09,8.587107048e-09,1.283670902e-07,1.768669758e-07,6.793854485e-07,9.892948206e-07,2.47577835e-06,2.670556893e-06,5.359545263e-06,1.153713034e-05,2.623945021e-05,2.649610922e-05,4.211810071e-05,6.405469035e-06,1.527663437e-06,4.316627183e-07,3.86223427e-08,2.123706389e-07,3.112452219e-07,1.780220652e-07,2.704680428e-07,1.093160219e-06,8.298566909e-07,4.153587583e-07,2.198805336e-06,2.440940798e-06,2.53217618e-06,9.0525328e-06,1.201301993e-05,2.009256617e-05,5.745306468e-05,6.027501997e-05,9.256819699e-05,0.0001833969731,0.0004788471277,0.001768689481,0.004876999879,0.007263342394,0.005801918091,0.005170439181,0.00398757041,0.00106644189,0.0007395809069,0.0008328273589,0.001024808383,0.0001612933055,0.0004567967151,0.0002934484018,0.0001793560657,0.0001475171155,0.0001729187874,7.452770801e-05,3.633887457e-05,2.262922627e-05,2.835858277e-05,1.031023517e-05,1.051074354e-05,1.019778523e-05,5.88512173e-06,2.372532899e-06,3.124241705e-06,6.520832016e-06,2.492623252e-05,0.0001021250092,0.0001467756585,0.0002441520938,0.0001352714758,0.001090848288,0.0002484585431,0.0002043549966,0.000589991188,0.001074560071,0.001968000857,0.002236228711,0.005957146352,0.02484113222,0.01333581716,0.01024028557,0,0.0178221795,0.01118588608,0.01205554272,0.009613104428,0.01091079217,0.004662415418,0.001910626341,0.0004853379642,0.00292452733,0.002484882682,0.002335470606,0.003183870781,0.0004292527732,0.0003550609698,0.0002483971687,0.0001484403213,0.0002970457936,0.0001918593537,8.961386557e-05,1.978356301e-05,0.0001219693776,0.0002857446221,7.552949759e-05,9.902997744e-05,0.0001030367124,1.346268379e-05,2.111986699e-05,1.512376175e-05,6.184984541e-05,1.407088393e-05,1.125018888e-05,1.29774232e-05,2.992172439e-05,1.069007974e-05,1.024271518e-05,6.316929591e-06,6.174246931e-06,5.442875468e-06,2.595685047e-06,1.383042284e-06,1.855343824e-06,1.438684654e-06,5.098658061e-07
A:127,3.766464959e-07,4.196227683e-07,2.144927583e-06,5.437121169e-06,9.861649281e-06,5.304137482e-06,2.214687306e-05,1.87427646e-05,5.811605026e-05,6.139193439e-05,6.518464858e-05,4.759079725e-05,9.546572381e-05,0.0001200718895,7.272838046e-05,2.487538702e-05,8.928148284e-06,4.10441414e-06,1.393239761e-05,2.018165889e-05,4.009954313e-06,2.602377384e-06,1.140872672e-05,3.751343332e-06,4.364249474e-06,4.611463189e-06,2.42866048e-06,2.717949966e-06,1.58749841e-06,7.4128987e-07,7.728865937e-07,2.132132093e-06,1.219892314e-06,1.722481639e-05,4.10410323e-06,5.943409677e-06,6.95449024e-06,4.350861977e-06,4.260458582e-06,4.002357459e-06,2.128006654e-06,1.935992807e-06,5.704582208e-07,1.999727923e-07,3.262268926e-08,4.105294598e-07,9.833255186e-09,2.887519994e-09,1.052963481e-08,1.429534396e-07,2.247939635e-07,6.447721641e-07,8.562917646e-07,2.250056834e-06,4.854044056e-06,6.780561434e-06,1.025306229e-05,2.182553859e-05,1.426093273e-05,1.4857032e-05,2.496898094e-06,3.693334375e-07,1.117334233e-07,3.268375231e-08,1.171502876e-07,2.177580926e-07,1.451525738e-07,2.883718696e-07,5.595904186e-07,6.009043537e-07,2.923976832e-07,7.44719733e-07,7.077712894e-07,4.90742981e-06,1.019719469e-05,1.256666448e-05,9.977651757e-06,2.776438658e-05,2.102345326e-05,5.220436126e-05,4.949747273e-05,0.0001052163063,0.0003482567581,0.000829882487,0.0005813447345,0.0005910554476,0.0005375252926,0.0005255512105,0.0001947634872,0.0004231750088,0.0001318404632,0.000184084828,5.205391227e-05,7.056470195e-05,4.786898567e-05,3.71802357e-05,2.651281501e-05,2.623037379e-05,1.318906574e-05,5.030023249e-06,3.3841084e-06,6.027588538e-06,2.577543247e-06,2.879671475e-06,2.733480021e-06,4.7469803e-07,1.06495979e-06,3.66486023e-06,8.028612228e-06,2.388569151e-05,0.0001125691,5.825128014e-05,0.0001807620977,7.788932166e-05,0.0001220836814,0.0001074812312,9.187779085e-05,0.0001063722804,0.0004743870461,0.0007642894612,0.0009887950954,0.002704415907,0.003316180051,0.004834295597,0.00722691764,0.0178221795,0,0.03479982571,0.01970012567,0.00825942354,0.009018165572,0.02087820609,0.006613118863,0.001043160754,0.001963558083,0.008506292529,0.004504916012,0.006167904993,0.0008881186289,0.0005121529024,0.001478556315,0.0001145356578,7.730809768e-05,5.839672747e-05,2.855055653e-05,1.022642834e-05,7.691428248e-05,0.0001833880905,2.673213523e-05,2.928230101e-05,3.512276776e-05,1.623668601e-05,2.744642226e-05,5.900779186e-06,2.326396582e-05,1.427340341e-05,1.155908051e-05,5.958460462e-06,1.492882519e-05,1.204864632e-05,1.038443852e-05,9.406596319e-06,5.249848298e-06,7.097672382e-06,2.640283442e-06,2.357701822e-06,2.341241269e-06,1.904282671e-06,6.154350701e-07
A:128,4.847067236e-07,5.610740294e-07,2.496160455e-06,9.449454364e-06,9.391633314e-06,7.903085771e-06,1.692454204e-05,2.568637185e-05,6.524804246e-05,0.0001124586903,0.000149687543,6.796555201e-05,9.993787281e-05,0.0001641014513,6.863932336e-05,3.939517563e-05,1.030164808e-05,3.808001303e-06,1.152864531e-05,1.719640481e-05,4.040272883e-06,1.285649556e-06,4.907245552e-06,2.469286539e-06,2.081660298e-06,2.369677063e-06,1.627215585e-06,2.882668918e-06,1.2144596e-06,7.367429278e-07,3.94375697e-07,1.67984124e-06,8.323440282e-07,1.196160596e-05,2.548907217e-06,3.705612248e-06,4.799599558e-06,3.872524776e-06,4.141213068e-06,2.771300356e-06,1.748035292e-06,1.455816282e-06,5.365096265e-07,2.134992148e-07,4.498695904e-08,8.558669009e-07,1.827898808e-08,7.997057262e-09,2.19849777e-08,1.696349893e-07,3.884205047e-07,6.467926613e-07,1.32595648e-06,2.419822479e-06,5.863435204e-06,6.330974168e-06,1.100129867e-05,1.9195416e-05,1.163517506e-05,1.887526799e-05,1.794484859e-06,3.550579963e-07,8.634635983e-08,5.102339138e-08,1.694773128e-07,1.469316151e-07,9.86482025e-08,2.5671834e-07,4.174970586e-07,5.73551559e-07,5.747696344e-07,4.508069332e-07,3.244028111e-07,7.300129753e-06,1.322163879e-05,2.803550478e-05,1.957910477e-05,3.713523912e-05,2.502834365e-05,5.396838862e-05,6.687437985e-05,0.0001559551619,0.0005448223333,0.0005513632016,0.001003149253,0.001311960804,0.001127811397,0.001172221783,0.0003324279658,0.0002625409069,0.0002616795085,0.000286996535,6.583088456e-05,0.0001163216808,8.054916832e-05,4.891728475e-05,3.107192661e-05,3.802469002e-05,1.614896491e-05,6.905882105e-06,2.199320106e-06,7.200266341e-06,3.467634524e-06,2.193738273e-06,1.329735454e-06,1.632496395e-06,3.654222883e-06,1.094099423e-05,2.832342952e-05,5.31491535e-05,0.0001915590189,9.359802142e-05,0.0002178800794,6.466054993e-05,0.0001051992223,9.891605271e-05,0.000102512622,9.016263152e-05,0.000337447553,0.0005468616315,0.0006992317528,0.001714396176,0.001528585913,0.002117400074,0.006807245931,0.01118588608,0.03479982571,0,0.02082709423,0.008725567461,0.01004794745,0.01190790595,0.01730815967,0.001831556035,0.002038504063,0.003717122778,0.007568223897,0.00676936915,0.001087257829,0.0008386832993,0.0009493313589,0.0001429490952,8.705697409e-05,2.480718168e-05,2.673399125e-05,1.066198987e-05,5.785934193e-05,0.0001046121955,1.483863115e-05,1.039610582e-05,2.880896771e-05,9.950078438e-06,2.353345396e-05,8.409394276e-06,1.893288294e-05,2.880933663e-05,2.158786784e-05,9.913187535e-06,2.477985297e-05,3.009717556e-05,2.532023264e-05,2.018527842e-05,1.403286403e-05,1.797972591e-05,7.060539298e-06,8.477413011e-06,5.127744214e-06,4.03445317e-06,1.193247728e-06
A:129,1.108792631e-06,1.26093107e-06,7.074992855e-06,2.395007737e-05,3.703024142e-05,2.282868388e-05,7.257345951e-05,3.132977508e-05,8.686157069e-05,3.881305419e-05,4.056382463e-05,2.241615525e-05,4.458925821e-05,0.0001905246599,9.946507126e-05,2.273593038e-05,3.55281828e-06,7.348161505e-06,8.987251449e-06,1.022202513e-05,1.855204622e-06,2.537154995e-06,1.49008412e-05,2.225109639e-06,3.655897278e-06,3.628056086e-06,1.469117398e-06,1.316858551e-06,8.082674077e-07,3.561539167e-07,4.459874963e-07,8.880920996e-07,5.923524247e-07,9.999626827e-06,3.118814075e-06,5.012046022e-06,9.721672072e-06,6.545390878e-06,8.710343157e-06,7.337959686e-06,4.289469744e-06,3.498872958e-06,1.302908189e-06,5.729108346e-07,1.233584088e-07,2.10659462e-06,3.390651323e-08,1.310786621e-08,5.139308767e-08,4.505661843e-07,1.007567344e-06,1.952308196e-06,3.569927357e-06,7.488036895e-06,1.598043146e-05,1.900011713e-05,1.290791674e-05,3.003716853e-05,1.056523074e-05,6.819631453e-06,1.546891754e-06,1.332165176e-07,5.101789668e-08,5.001598632e-08,1.213073564e-07,3.873396901e-07,2.587968412e-07,4.671272991e-07,1.15734476e-06,1.908658363e-06,1.52135485e-06,1.72297049e-06,1.831360697e-06,1.790260746e-05,5.294478148e-05,6.398403892e-05,5.556646595e-05,0.0001677288904,5.341806884e-05,0.0001007428879,6.200285194e-05,9.457956847e-05,0.0004095127299,0.0006553745314,0.0002166449132,0.000246344157,0.0002570064251,0.0001734982169,0.0001783322725,0.0005850893077,6.499407961e-05,7.159786382e-05,3.725259791e-05,3.306088435e-05,2.343976567e-05,3.365541898e-05,1.858833422e-05,1.53115197e-05,8.3475606e-06,3.107994554e-06,3.270985748e-06,5.951379537e-06,2.931784996e-06,3.893026566e-06,3.859690401e-06,2.967245941e-06,6.271340437e-06,1.348282735e-05,6.382762576e-05,8.448814447e-05,0.0005009385681,0.0002327267044,0.0003088654331,0.0001260323998,0.000238194437,9.034314674e-05,4.274780811e-05,5.761036678e-05,0.0001870152224,0.0002687359471,0.0003627037777,0.0009635562898,0.00256749011,0.002824102926,0.01078461155,0.01205554272,0.01970012567,0.02082709423,0,0.01156718549,0.008500561777,0.009176395693,0.01496620969,0.005882723259,0.005682074995,0.004343233327,0.001835336747,0.005993118201,0.001498889521,0.001427447574,0.001832606357,0.0003177503294,0.0001318768059,6.670232845e-05,2.44563155e-05,1.012502575e-05,4.379498504e-05,0.0001150212767,2.649789546e-05,3.390357275e-05,8.803413322e-05,2.085290199e-05,6.964427811e-05,1.793773566e-05,6.423338573e-05,7.033140228e-05,5.174204442e-05,1.823561143e-05,8.670865368e-05,6.855465049e-05,4.716584106e-05,5.548372313e-05,2.752366654e-05,3.164582642e-05,1.143941068e-05,1.514757139e-05,7.475461709e-06,5.714542455e-06,1.433102334e-06
A:130,2.950716341e-06,2.970755966e-06,1.159549309e-05,6.141552336e-05,4.91448177e-05,8.416784094e-06,6.260026958e-05,7.329674942e-05,0.0001481439928,0.0001804070363,7.728692367e-05,9.684528168e-06,1.258093431e-05,9.443858234e-05,8.530260758e-05,3.673899363e-05,3.967967334e-06,1.021825638e-05,9.89412557e-06,2.472917417e-05,2.933899076e-06,1.674714114e-05,4.969687377e-05,4.868743342e-06,4.591632237e-06,4.947061776e-06,1.902732901e-06,1.235237181e-06,7.782956321e-07,7.303492701e-07,4.286399153e-07,1.128735061e-06,1.225810589e-06,2.66308608e-06,2.825668133e-06,5.276764236e-06,7.556373668e-06,4.838165365e-06,5.73220964e-06,5.025706122e-06,3.891467218e-06,5.560814373e-06,2.902705467e-06,6.742231403e-07,9.414522728e-08,5.236940669e-06,1.155779037e-07,5.583270336e-08,3.571273679e-08,6.960184631e-07,2.690338495e-06,3.1893459e-06,3.146742394e-06,6.639679179e-06,1.529395094e-05,1.524041065e-05,2.47628414e-05,4.871787838e-05,9.354835362e-06,1.168067649e-05,2.33513122e-06,2.937413637e-07,1.522333494e-07,2.341515862e-07,4.941531699e-07,7.056394712e-07,3.64734506e-07,5.407522859e-07,8.927478128e-07,4.352884118e-06,2.245122908e-06,1.410770188e-06,1.092989749e-06,4.144530287e-05,9.85469483e-05,0.0001646779954,0.0001784800924,0.0007184572134,0.0002507912374,0.0007336399658,0.0001585678994,0.0001583276803,0.0001623434251,0.002393278492,0.0005953811412,0.0005585316961,0.0004682254912,0.0002035418953,0.000430270977,0.001673865195,0.0001281111364,3.928027092e-05,0.0001184332232,2.52119384e-05,2.102793519e-05,8.098436532e-05,7.025956722e-06,7.681268452e-06,3.077722556e-06,5.740543076e-06,5.922019767e-06,3.134437556e-06,1.619473789e-06,1.50616114e-06,1.867149896e-06,5.709374823e-06,5.650128439e-06,1.238101124e-05,0.0001463614772,0.0001594523428,0.001871994899,0.0007782264614,0.00381964756,0.001611696547,0.01356405839,0.0002997559776,0.0003953959139,0.0002024136737,4.550750138e-05,0.0001916951508,0.0002765869486,0.0004277718676,0.00214576985,0.001844719052,0.0159184192,0.009613104428,0.00825942354,0.008725567461,0.01156718549,0,0.0110702543,0.006530830548,0.007910363877,0.01167022244,0.009517876209,0.002028070747,0.001344213866,0.002165556566,0.001443437142,0.002261382375,0.01889776748,0.001873634621,0.002045421636,0.0002243432615,0.0003471699115,5.681400634e-05,2.273914131e-05,6.47705515e-05,0.000202375286,0.0002100259174,0.0008776322518,0.0002297067674,0.0002518449555,9.180292816e-05,0.0009181021746,0.000121582196,4.471328156e-05,3.348441642e-05,0.0004629247474,0.0001740565098,4.736018523e-05,0.0003476302842,8.458166403e-05,6.837829529e-05,1.827184915e-05,5.658159618e-05,1.084662104e-05,1.009639071e-05,1.857542717e-06
A:131,3.633067567e-06,3.570667486e-06,1.807931686e-05,6.343285908e-05,6.242505813e-05,3.48323746e-05,0.0001140211191,4.036489357e-05,0.000100332839,3.05578123e-05,2.960089695e-05,9.67631364e-06,2.130416938e-05,2.944661017e-05,3.120801381e-05,1.354554752e-05,1.025753501e-05,3.29684221e-06,1.644552213e-05,2.402612209e-05,6.122102014e-06,1.606442922e-05,1.728446551e-05,4.347513056e-06,1.522250912e-06,1.935027777e-06,1.364971264e-06,1.325338549e-06,7.560263368e-07,5.17512326e-07,3.823957826e-07,1.364587536e-06,1.664438461e-06,4.046534356e-06,1.935145905e-06,3.898187973e-06,7.394485632e-06,6.336078547e-06,1.219111774e-05,6.717446108e-06,5.440810776e-06,6.081553293e-06,2.828766025e-06,1.057007115e-06,2.702831502e-07,4.397440146e-06,7.514712393e-08,1.820489634e-08,1.017046001e-07,1.216534623e-06,2.861697274e-06,3.951975429e-06,6.705635682e-06,1.245888772e-05,2.658529106e-05,2.63594994e-05,8.315517968e-06,3.614059629e-05,3.682990301e-06,1.231873306e-05,1.450115164e-06,3.53304379e-07,2.227985827e-07,2.778546149e-07,6.425731208e-07,6.545078331e-07,3.666869437e-07,5.618279155e-07,1.594631361e-06,6.0125474e-06,4.067115287e-06,2.438575216e-06,3.166836851e-06,4.745708248e-05,0.0001311416377,0.0001592406995,0.0001628064557,0.0005930546189,0.0001598018205,0.0004168678843,0.0001028247817,4.072186833e-05,9.588062797e-05,0.0005114312233,0.0003573957943,0.000357104996,0.0003055291781,0.0003865655026,0.0001409994525,0.0002640109069,0.0001044733104,5.321539016e-05,5.987428484e-05,2.589559388e-05,1.852344956e-05,6.801703463e-05,5.264763087e-06,3.370938386e-06,2.311467415e-06,3.535053633e-06,6.71143588e-06,1.030311805e-06,1.365162731e-06,1.364197472e-06,2.325796512e-06,1.055339523e-05,1.146751601e-05,2.088858837e-05,0.0001830688359,0.0001058100324,0.002116145603,0.0004463231888,0.001411876331,0.000173417661,0.001081593578,0.000155754807,5.043039973e-05,0.0003075574453,9.429796716e-05,0.0003047632178,0.0004992506218,0.00127683712,0.002053388432,0.002536171683,0.00336262193,0.01091079217,0.009018165572,0.01004794745,0.008500561777,0.0110702543,0,0.01948857193,0.0171051507,0.007792841892,0.01231121345,0.00881885738,0.004061969656,0.003447392667,0.004233928005,0.006105913439,0.01396303789,0.001676168108,0.0006495088702,0.0002939921658,9.023240234e-05,3.02226795e-05,2.03154335e-05,2.211793735e-05,8.251471776e-05,3.364169478e-05,0.0003119295454,9.706215594e-05,0.0001329047649,6.183411267e-05,0.0002100947595,0.0001324872166,6.566153151e-05,3.912611808e-05,0.0003352356023,0.0001380372048,7.233255767e-05,0.0002504709049,6.441485159e-05,5.780346769e-05,1.563473637e-05,4.451173701e-05,1.338831314e-05,1.191275712e-05,2.614865174e-06
A:132,1.931050388e-06,1.898374163e-06,9.116583815e-06,2.507686008e-05,2.800708586e-05,1.772571081e-05,3.261429751e-05,2.304671335e-05,3.579214427e-05,3.054283137e-05,4.378349513e-05,2.035203353e-05,4.166914725e-05,4.43706398e-05,2.003750641e-05,1.801032904e-05,1.27209485e-05,3.396408579e-06,9.883042128e-06,1.578400976e-05,5.269938778e-06,2.512707539e-06,9.058254672e-06,5.091884564e-06,1.815292303e-06,2.219878954e-06,1.56264041e-06,1.821317859e-06,8.98463231e-07,6.700640896e-07,3.16730517e-07,1.481680199e-06,9.746950239e-07,4.652042201e-06,1.666770232e-06,3.092277277e-06,5.573239797e-06,6.087221314e-06,9.408650354e-06,4.776891409e-06,3.516477825e-06,3.391248432e-06,1.641086297e-06,7.826870258e-07,2.600430332e-07,3.150365727e-06,5.843899726e-08,3.542537359e-08,1.304748434e-07,7.309659378e-07,1.314373949e-06,1.87769169e-06,3.877692908e-06,6.953349614e-06,1.500437086e-05,1.269988477e-05,6.527302329e-06,1.942670989e-05,4.618604251e-06,1.221216239e-05,1.197352891e-06,2.98542923e-07,1.441291849e-07,1.447500586e-07,3.568284112e-07,3.188193095e-07,1.934625277e-07,3.069634621e-07,8.988209377e-07,2.668688465e-06,2.235331521e-06,9.817171763e-07,1.877548684e-06,2.090778691e-05,3.859767004e-05,5.25832377e-05,4.656768103e-05,8.534879967e-05,6.887087192e-05,9.446522205e-05,3.223268559e-05,5.617239319e-05,0.0001267320681,0.0002455499294,0.0002804432032,0.0002700430686,0.0002261233089,0.0001845386035,9.80078183e-05,0.0001096301542,6.639533824e-05,8.00412654e-05,1.851730971e-05,2.829117206e-05,2.108060747e-05,5.839340077e-06,4.133338318e-06,6.172370626e-06,2.330323725e-06,1.300766618e-06,6.793832955e-07,1.729972073e-06,1.955223552e-06,1.248737372e-06,1.844249054e-06,7.237374271e-06,1.255902969e-05,2.305195383e-05,5.17186178e-05,9.916726621e-05,0.000291969958,0.0003694753125,0.0003162960092,0.0001575003964,0.0001643643541,3.594170669e-05,3.906843966e-05,3.370045698e-05,0.0001107681111,0.0002254967021,0.0002433495379,0.0005978602689,0.0007454142587,0.0009891577058,0.001383394219,0.004662415418,0.02087820609,0.01190790595,0.009176395693,0.006530830548,0.01948857193,0,0.02772085984,0.006080664184,0.01130780298,0.01426768255,0.01495017797,0.007206883857,0.001996595938,0.001573922151,0.003454748175,0.0006775753854,0.000236031789,5.280517481e-05,1.714653063e-05,6.693788965e-06,3.276736431e-05,4.435302753e-05,3.037691011e-05,2.472599208e-05,0.0001366990843,3.717442408e-05,8.356791488e-05,2.689482572e-05,0.0001735767528,8.425111538e-05,5.6250879e-05,2.275868148e-05,6.311248124e-05,7.116134325e-05,5.806550398e-05,3.532098463e-05,2.115360616e-05,4.039711556e-05,1.393983742e-05,1.18077586e-05,1.004791984e-05,9.971045017e-06,2.825958919e-06
A:133,2.987759089e-06,2.881457836e-06,1.519931916e-05,4.132552464e-05,4.915927432e-05,3.710048377e-05,7.349508925e-05,5.282355306e-05,8.931585706e-05,4.252574451e-05,3.908680941e-05,1.661081272e-05,3.578084007e-05,2.562555546e-05,1.086825018e-05,2.782655368e-05,1.342762612e-05,3.212175204e-06,9.447019995e-06,1.651392322e-05,5.441123383e-06,1.962944194e-06,1.083464066e-05,7.243095951e-06,2.145697689e-06,2.453411614e-06,1.6114363e-06,1.692073189e-06,8.976038365e-07,6.003654849e-07,2.907462357e-07,1.451133496e-06,1.127327443e-06,4.059985281e-06,2.331385186e-06,4.861380965e-06,1.193228435e-05,1.243366778e-05,1.860166702e-05,9.094044537e-06,6.204133328e-06,5.254911548e-06,2.566469312e-06,1.350662711e-06,4.726337491e-07,5.245857621e-06,8.668841653e-08,6.117944182e-08,2.391230748e-07,1.268313935e-06,2.141653976e-06,3.162134359e-06,7.265586848e-06,1.293479393e-05,3.359181272e-05,2.815850359e-05,1.670815798e-05,4.549499334e-05,7.741165924e-06,1.461162945e-05,1.563003618e-06,3.564453856e-07,1.93541461e-07,2.061261906e-07,5.205395707e-07,5.279126294e-07,3.09224336e-07,4.835812038e-07,1.625080075e-06,4.396561457e-06,3.833350071e-06,1.943405588e-06,3.273368091e-06,3.307150751e-05,7.632211269e-05,8.043284791e-05,9.175871765e-05,0.0001726631308,0.0001308278429,0.0001727617125,4.579589642e-05,4.133566694e-05,5.09180324e-05,0.0001261100539,0.0001112268435,0.0001043638437,9.647218589e-05,4.167985006e-05,6.02598143e-05,0.0001636696722,3.352126594e-05,4.035790809e-05,1.424972363e-05,1.472379033e-05,1.09257654e-05,1.148374807e-05,3.745973878e-06,5.356222598e-06,1.992923989e-06,9.782823514e-07,1.597786237e-06,2.664821467e-06,3.349010147e-06,2.235953017e-06,3.313916141e-06,1.304375239e-05,2.061010689e-05,2.803546205e-05,0.0001120100561,0.0001411919391,0.0006910601784,0.0005432203042,0.0005074177618,0.000183046034,0.0002677930383,3.601656014e-05,2.338374127e-05,2.957812477e-05,5.024292294e-05,6.944319128e-05,8.097678787e-05,0.0001708011753,0.00022379596,0.0003210622122,0.001846334869,0.001910626341,0.006613118863,0.01730815967,0.01496620969,0.007910363877,0.0171051507,0.02772085984,0,0.005744389805,0.009029032336,0.0136721427,0.01203587008,0.01932601438,0.00371398523,0.003394655141,0.003966851382,0.0005532159709,0.0002822510311,3.956230897e-05,1.539371456e-05,6.638294515e-06,2.637261376e-05,3.929178846e-05,2.255946681e-05,1.614117582e-05,9.917256544e-05,3.18543637e-05,0.0001174958652,4.423961193e-05,0.0001555033629,0.0001363712155,0.0001064477208,3.874594779e-05,0.0001205191732,0.0001134788616,9.381992771e-05,8.149287705e-05,2.965278624e-05,5.802832622e-05,1.910703633e-05,1.622643207e-05,1.409753695e-05,1.373756021e-05,3.700432277e-06
A:134,1.309045441e-05,8.836399827e-06,5.352957745e-05,0.0001250907816,0.0001154474666,8.431533346e-05,0.0001492750046,4.153787752e-05,9.863409459e-05,3.620788519e-05,4.435216815e-05,8.9571269e-06,3.469637235e-05,7.38286328e-05,1.976286661e-05,9.59314405e-05,1.581957786e-05,4.062403413e-06,4.428591798e-05,4.830683886e-05,2.086700258e-05,3.919662763e-05,6.017306554e-05,2.663690406e-05,7.208883499e-06,8.783205207e-06,5.930830228e-06,3.149141762e-06,2.024858923e-06,1.438268967e-06,1.172743504e-06,2.572637493e-06,3.695380201e-06,5.380472242e-06,4.303313944e-06,1.024342444e-05,1.852986916e-05,1.63594885e-05,3.579924862e-05,1.422394748e-05,1.284449498e-05,1.631959516e-05,9.138265905e-06,3.551621706e-06,1.246642582e-06,1.364250755e-05,1.738226816e-07,1.080242433e-07,5.046164261e-07,4.070125384e-06,8.696107612e-06,9.136080064e-06,1.788689731e-05,3.277488982e-05,6.306763573e-05,5.507119962e-05,1.550948324e-05,7.280167713e-05,8.463868415e-06,1.97372211e-05,2.742985666e-06,5.27038546e-07,6.75575971e-07,1.091119836e-06,2.069541893e-06,2.5564008e-06,1.126262142e-06,1.229149516e-06,4.373825482e-06,1.603988573e-05,6.338400555e-06,3.525882064e-06,4.63647052e-06,8.634694083e-05,0.0001828159472,0.0003127840528,0.0002446472959,0.001426856253,0.0003198353426,0.0002348473746,0.0004363286107,0.000556443391,0.0001272601977,0.0001995592162,7.115290806e-05,0.0001298829881,5.119729386e-05,6.056564796e-05,7.695478064e-05,0.0001228616486,2.335764483e-05,4.595097856e-05,2.079902275e-05,3.945680194e-06,3.71411848e-06,2.008344851e-05,3.195734191e-06,1.462816891e-06,1.446917602e-06,1.399352321e-06,8.283748657e-06,2.544278068e-06,4.988186144e-06,4.428185775e-06,6.506447203e-06,1.298782196e-05,2.020851751e-05,3.430880824e-05,0.0001433529474,0.0007320565746,0.002447204408,0.003436367582,0.01279993351,0.001207390445,0.003868684125,0.000459917254,2.225570517e-05,0.0003101002316,4.189546678e-05,2.654057835e-05,7.564800586e-05,0.000110488504,8.034496744e-05,0.0001123101473,0.0003470690811,0.0004853379642,0.001043160754,0.001831556035,0.005882723259,0.01167022244,0.007792841892,0.006080664184,0.005744389805,0,0.007588286966,0.006639499126,0.006646074852,0.006480917462,0.006770716084,0.005634830863,0.009663403577,0.00463747189,0.001220643053,0.001019669415,0.0006012905251,6.926184636e-05,5.381469353e-05,0.0001544709089,0.0002740359935,0.0003763528868,0.001181332963,0.0003507353008,0.0003358509015,0.0001305139727,0.002138918754,0.0002802486395,0.0001446997491,0.0001461180464,0.001021036685,0.0002027578457,0.0001085264297,0.0003975747126,0.0002472758985,0.0001080393465,3.515722301e-05,0.0001358248242,1.815559703e-05,2.424092698e-05,8.434835553e-06
A:135,5.70510409e-06,3.319936301e-06,2.552479991e-05,3.102816268e-05,4.589705929e-05,6.185443376e-05,9.315576361e-05,0.0001428362595,0.000215242233,0.0001439191443,7.820823281e-05,4.381807241e-05,0.0001227855649,0.000258560301,9.139207542e-05,5.236172372e-05,3.286275901e-05,1.672507449e-05,7.914260327e-05,2.882910299e-05,3.120991118e-05,1.56613206e-05,3.630039858e-05,3.309240206e-05,9.487327219e-06,1.350064816e-05,7.898650011e-06,8.593958821e-06,6.37086816e-06,2.363655405e-06,1.580472818e-06,4.048996286e-06,4.833784239e-06,1.94121789e-05,4.287823314e-06,1.138718919e-05,3.248554908e-05,3.163045602e-05,4.407253303e-05,1.524412402e-05,8.376925595e-06,8.051697988e-06,4.285345421e-06,2.107224374e-06,1.060246301e-06,8.430950488e-06,9.792782219e-08,1.354195424e-07,5.056629432e-07,2.400333012e-06,2.024623129e-06,3.215181953e-06,9.306020392e-06,1.777238591e-05,7.98697468e-05,5.696254925e-05,5.432575248e-05,0.0001399008549,1.209704233e-05,2.981796126e-05,3.716314662e-06,1.200831599e-06,6.88714681e-07,5.458311883e-07,1.238696063e-06,9.930379577e-07,3.6949207e-07,4.466336052e-07,2.59953132e-06,6.826390529e-06,3.525075177e-06,2.000348082e-06,3.083147486e-06,2.879195893e-05,6.96648116e-05,5.446686689e-05,0.0001175290029,0.0001855167275,0.0004112858153,0.0004516357613,0.0001845290258,0.0003215279924,5.897506582e-05,0.000297109676,0.0001161678054,0.0001488875754,0.000137079947,0.0002761439376,0.0002067414744,0.0001001726269,0.0001033412187,7.799261575e-05,8.004744589e-05,7.37989083e-06,6.647432866e-06,5.397196362e-05,1.07370126e-05,1.175819496e-06,1.120836225e-06,1.365253362e-06,9.059732626e-06,1.364852315e-06,5.080115853e-06,2.116793637e-06,2.771601569e-06,1.001509526e-05,1.236778533e-05,1.864496194e-05,0.0001380786249,0.0002126174248,0.001262430546,0.0006630237339,0.002620574511,0.002861003867,0.00163252564,0.0006310569295,8.750733571e-05,0.0007832935418,5.896051143e-05,0.0001940901175,0.0001676640879,0.0002638717214,0.0004433263399,0.0005160726143,0.001368426198,0.00292452733,0.001963558083,0.002038504063,0.005682074995,0.009517876209,0.01231121345,0.01130780298,0.009029032336,0.007588286966,0,0.01187906554,0.01172914334,0.01320461351,0.00725503946,0.01141669586,0.008456533536,0.001008262242,0.001331477037,0.000426700167,0.0003734016087,6.427045357e-05,0.0001165396576,0.0002060894693,0.0002282507228,0.0003004983443,0.0002478208118,0.0001253634537,0.0002526017054,8.294091441e-05,0.0006827976015,0.0001148921188,0.0001044484812,4.12321118e-05,0.0001878754677,5.704330731e-05,4.773638516e-05,0.0002068578634,4.731548449e-05,2.433232267e-05,1.191365576e-05,3.891453014e-05,7.821756122e-06,9.682224473e-06,4.318790785e-06
A:136,3.7984136e-06,3.579802491e-06,2.0766534e-05,4.917351648e-05,7.620222988e-05,9.410296922e-05,0.0001632385466,0.000172153593,0.00022380596,0.0001203842992,8.646838596e-05,3.838826632e-05,7.709059174e-05,0.0001481456429,6.566135442e-05,4.822687198e-05,2.499912723e-05,1.182520878e-05,4.289490343e-05,2.325233626e-05,1.395184647e-05,8.044080082e-06,2.807556888e-05,1.566944923e-05,4.741370614e-06,6.23981124e-06,3.628431984e-06,6.767080807e-06,3.068075811e-06,1.402759538e-06,5.469151111e-07,2.343091788e-06,1.56866032e-06,7.932760059e-06,2.48382532e-06,5.644163628e-06,1.99545628e-05,2.264193534e-05,3.238632367e-05,1.460549297e-05,9.285286649e-06,6.477043891e-06,3.338981584e-06,2.212242081e-06,8.840257354e-07,8.542300806e-06,1.335623963e-07,1.498643893e-07,4.883698842e-07,2.00282661e-06,2.563291134e-06,4.141362899e-06,1.254299669e-05,2.148545151e-05,6.493474717e-05,5.356198871e-05,3.298319581e-05,8.229089811e-05,9.018673275e-06,2.106401784e-05,1.822526536e-06,6.218688166e-07,2.644290409e-07,2.459906612e-07,6.013692063e-07,6.833556407e-07,4.075457504e-07,5.756948872e-07,2.511293978e-06,5.763877052e-06,5.943617512e-06,3.745785457e-06,6.008954876e-06,4.058196102e-05,0.0001114468531,0.0001159019989,0.0001510201226,0.0003359345925,0.0005609144646,0.0006790253687,0.0001848106398,0.0001671616738,0.0001549469496,0.0002373641944,0.0001415086656,0.0001555298742,0.0001101568923,0.0001264875658,0.0001313213394,7.081702579e-05,6.975808983e-05,6.956659339e-05,3.215880586e-05,1.86202528e-05,1.633913218e-05,2.874751732e-05,4.229326788e-06,3.446042063e-06,1.667871549e-06,1.222012759e-06,2.589213283e-06,2.523273249e-06,4.530903246e-06,3.710043528e-06,7.054735069e-06,2.358053027e-05,3.939967478e-05,6.380886057e-05,0.0001714440165,0.0002982182621,0.001350923795,0.001717010384,0.002968143641,0.001488436717,0.0004626399633,0.0002485718931,0.000108264426,0.000297646036,9.080930024e-05,0.0001563695515,9.204522243e-05,0.0001696829718,0.0002769451469,0.000390430104,0.0003261439902,0.002484882682,0.008506292529,0.003717122778,0.004343233327,0.002028070747,0.00881885738,0.01426768255,0.0136721427,0.006639499126,0.01187906554,0,0.02720560396,0.01590783625,0.009189532308,0.00700202745,0.004250783412,0.002010128651,0.0006652224656,0.0002342087624,9.523711501e-05,5.168320685e-05,8.534648325e-05,0.0001264166515,0.000144627998,0.0001873303418,0.0002220994934,0.0001348271147,0.0003497225725,0.0002184187821,0.0003301813126,0.0002982126011,0.0002635590572,0.0001180434945,0.0001685772156,0.0001622614644,0.0001621229091,7.398312715e-05,4.63887667e-05,7.613378617e-05,2.925200099e-05,2.889414564e-05,2.18090126e-05,1.988707628e-05,5.943782292e-06
A:137,2.15548861e-06,1.627984709e-06,7.941043176e-06,9.128986696e-06,1.856400134e-05,3.232046787e-05,4.869795597e-05,6.390743273e-05,7.259644339e-05,3.567541955e-05,2.845281287e-05,2.073525299e-05,4.873397161e-05,5.588930416e-05,3.67230827e-05,1.493979137e-05,1.213648867e-05,7.358823391e-06,3.524458607e-05,1.484255768e-05,1.228919808e-05,7.052141353e-06,3.037175609e-05,1.616701053e-05,6.971576568e-06,9.316369265e-06,5.387131504e-06,7.932024456e-06,3.394295767e-06,1.6577359e-06,8.193171855e-07,1.784548273e-06,1.908186935e-06,6.949665078e-06,2.040978319e-06,4.896250544e-06,1.174913908e-05,1.483740588e-05,1.978473639e-05,7.666163382e-06,3.945028873e-06,3.529860908e-06,1.915980167e-06,1.335706942e-06,8.535303167e-07,5.791312507e-06,1.288301037e-07,2.387370549e-07,5.358716543e-07,1.370956178e-06,6.880524877e-07,1.192884903e-06,3.13987551e-06,6.36968003e-06,2.179583539e-05,1.640744313e-05,1.055784266e-05,3.1223155e-05,3.689321698e-06,1.270903036e-05,1.549664804e-06,5.950508808e-07,3.292162123e-07,2.488430506e-07,4.968456008e-07,4.883173149e-07,1.666823724e-07,2.181344446e-07,1.253252954e-06,2.755536215e-06,1.55991261e-06,1.19667419e-06,1.949926192e-06,1.216155156e-05,2.482021752e-05,2.637647355e-05,5.898834125e-05,0.0001351185081,0.0001750355088,0.0002282670637,9.951738417e-05,6.042251991e-05,4.761957825e-05,0.0001727876403,0.0001185667011,0.0001183387336,0.0001336566419,0.0001126844167,3.177483029e-05,4.825140666e-05,4.742555436e-05,1.299533166e-05,7.866302681e-06,5.088623136e-06,4.458438373e-06,8.921523808e-06,1.559379194e-06,1.167822204e-06,8.276988808e-07,7.646906058e-07,5.006441671e-06,1.006687813e-06,3.072033062e-06,1.344725657e-06,3.136787839e-06,7.713082343e-06,1.276578801e-05,1.696623514e-05,6.640524444e-05,0.0003875809096,0.0005547524743,0.0006711518069,0.001503053603,0.000726469969,0.0003633588226,0.0001379273644,4.576907262e-05,0.0002586224157,4.009981623e-05,7.600857623e-05,0.0001036544502,0.0001496342779,0.0002155855113,0.0003428194351,0.0003145730804,0.002335470606,0.004504916012,0.007568223897,0.001835336747,0.001344213866,0.004061969656,0.01495017797,0.01203587008,0.006646074852,0.01172914334,0.02720560396,0,0.0282953802,0.01029690066,0.01146661982,0.002182468129,0.001509950964,0.000567349497,0.0001362727635,8.749047772e-05,3.835974156e-05,8.500457793e-05,0.0001555119648,0.0001417499352,0.0002237319743,0.0001712126428,9.551335995e-05,0.0002925346475,0.0001645057333,0.0001663073364,0.0001360107966,0.0001358422837,6.118630577e-05,8.39606754e-05,5.558702392e-05,4.498169905e-05,7.312569851e-05,2.36657799e-05,1.458910423e-05,1.006237423e-05,9.160059188e-06,6.168911598e-06,6.3215491e-06,3.538259479e-06
A:138,1.155869894e-05,8.816331434e-06,5.463905239e-05,9.299104447e-05,0.0001431907538,0.0001144539925,0.0002385998064,0.0002213773858,0.0003425422521,0.0001991072381,0.0001501765565,7.037574138e-05,0.0001740436202,0.0002312946674,8.767141653e-05,8.762917077e-05,5.028779749e-05,1.86138796e-05,8.399726076e-05,3.974213832e-05,3.174029212e-05,1.185337647e-05,4.326607845e-05,4.410796422e-05,1.208250041e-05,1.654997083e-05,1.034764076e-05,1.308346819e-05,7.722599512e-06,3.225224295e-06,1.884065334e-06,5.477061447e-06,6.331350486e-06,2.412456299e-05,7.632234971e-06,1.91271161e-05,5.296415063e-05,5.761810869e-05,8.35014987e-05,3.439498619e-05,2.066734201e-05,1.770422753e-05,9.456622738e-06,5.064448516e-06,2.185461859e-06,1.725073325e-05,2.153582701e-07,2.725933903e-07,1.099377187e-06,5.150932047e-06,4.963546521e-06,8.521124445e-06,2.382478645e-05,4.324527264e-05,0.0001247307083,9.764761856e-05,5.847039501e-05,0.0001883728644,2.093244082e-05,5.286432818e-05,5.892930299e-06,1.863670519e-06,1.064745122e-06,9.533171809e-07,2.203119017e-06,2.117336006e-06,9.898104815e-07,1.35350686e-06,6.403308315e-06,1.553205652e-05,1.114192257e-05,6.169461602e-06,1.042720497e-05,9.127634485e-05,0.0001893758125,0.0002031984502,0.0001699555478,0.000396039039,0.0005997893625,0.0007348740207,0.0002178630427,0.0001828395624,3.884948635e-05,0.0001082323274,0.000108305237,0.0001082395447,0.0002057425009,0.0001988906067,7.163821192e-05,5.326529229e-05,7.834198754e-05,7.917799986e-05,5.946032522e-05,1.12857164e-05,1.042685175e-05,6.623092491e-05,1.179950552e-05,6.386220164e-06,3.105270714e-06,2.169738459e-06,3.956969199e-06,6.128165121e-06,1.289107662e-05,7.572618362e-06,1.161025408e-05,3.344983085e-05,5.951803396e-05,0.000106591787,0.0002315626538,0.000351760434,0.001620351492,0.001497378096,0.00280887934,0.001886939455,0.0006035519763,0.0003284925735,9.157516541e-05,0.0006449480817,6.880157736e-05,3.711452178e-05,0.0001471316394,0.0002596353697,0.0004382538963,0.00070915618,0.0004547219449,0.003183870781,0.006167904993,0.00676936915,0.005993118201,0.002165556566,0.003447392667,0.007206883857,0.01932601438,0.006480917462,0.01320461351,0.01590783625,0.0282953802,0,0.01028281186,0.01343963486,0.002876404209,0.001259882347,0.0009188714787,0.0002152548006,0.0001893679494,5.256815147e-05,0.0001513993305,0.0002692596551,0.0002289567112,0.000327230798,0.0001567398198,0.000127966262,0.0004117405877,0.0001638493677,0.0005557471763,0.0003114034545,0.0003134735447,0.0001118750765,0.0002297689851,0.0002079443793,0.0002240715152,0.0001384458989,7.307869425e-05,0.0001143814175,3.639151205e-05,6.338027546e-05,3.553693058e-05,3.786666527e-05,1.159761744e-05
A:139,4.758517226e-05,1.985672164e-05,0.0002346739315,0.0003353806616,0.0002511111512,0.0008512584111,0.0006858711557,0.0007192987148,0.0008870078962,0.0004594706205,0.0002951797783,0.0001251214848,0.0003705698049,0.0005847171042,0.0001490896791,0.0002507582443,7.692116923e-05,2.99826136e-05,0.0001860292245,3.939030034e-05,8.314735372e-05,3.648823708e-05,0.0001669596495,0.000200471389,5.777922311e-05,7.582534232e-05,3.967061828e-05,2.886741072e-05,1.860188788e-05,8.106568347e-06,7.678742762e-06,9.040906167e-06,3.247752261e-05,7.799720048e-05,2.344585956e-05,7.988067485e-05,0.0002100350828,0.0001857910041,0.0003235820229,0.000106744409,7.366406582e-05,5.048009953e-05,3.131116062e-05,1.471862873e-05,1.034369736e-05,4.334484609e-05,3.495640338e-07,2.18105282e-06,5.572415918e-06,2.14911283e-05,1.977974731e-05,2.913095604e-05,8.697903703e-05,0.0001303880635,0.000662506326,0.0004494289594,0.0003777041985,0.0008069624354,7.208268349e-05,0.0001459711906,2.194902947e-05,8.738872076e-06,7.445185311e-06,6.33227788e-06,1.174887208e-05,1.326224694e-05,3.46643028e-06,2.578736017e-06,2.588417602e-05,6.415991827e-05,3.688401408e-05,2.495320059e-05,2.623924452e-05,0.0001687794547,0.0009704462845,0.0003710597865,0.00151781909,0.002538021742,0.001676997738,0.001898050811,0.0002635584558,0.0005043684026,9.808791946e-05,4.54871548e-05,2.590947622e-05,3.184411691e-05,7.883751494e-05,0.0001992882705,0.0003113727858,5.622200946e-05,0.0001110224661,0.0002997124311,0.0001866494567,2.45136857e-05,2.36671141e-05,0.0001826290152,5.439754877e-05,1.074105765e-05,1.438905147e-05,1.369819503e-05,0.0002315025343,1.286767285e-05,5.636224388e-05,1.876502484e-05,6.012771401e-05,0.0002593805062,0.0002236954294,0.0002335232254,0.00196929345,0.01472488496,0.006413485078,0.004780968577,0.007372648693,0.002505327992,0.0006395162147,0.0004762794755,0.0001649549314,0.001185848839,0.000146975556,0.000116564665,7.797972226e-05,0.0001110708118,0.00013166556,0.0001819185915,0.0001383710165,0.0004292527732,0.0008881186289,0.001087257829,0.001498889521,0.001443437142,0.004233928005,0.001996595938,0.00371398523,0.006770716084,0.00725503946,0.009189532308,0.01029690066,0.01028281186,0,0.02739264827,0.008790777433,0.008217494705,0.001104028495,0.0009198792729,0.0006169465112,7.782792553e-05,0.0002786838808,0.0006561533096,0.0005344126825,0.0008018574343,0.001000802678,0.00032137986,0.001168385994,0.0009948413265,0.001907001122,0.0003898561187,0.0004831644968,0.000172201403,0.002596602327,0.001102208139,0.0004065171293,0.003034228518,0.0006568327229,0.000462190254,0.000292631906,0.0005001335159,5.842554036e-05,7.78232385e-05,4.550704375e-05
A:140,6.333818997e-05,3.949707059e-05,0.0002384207801,0.0003044295194,0.0004077166613,0.000262644633,0.0004545732278,0.0005413196269,0.0008218612892,0.0006137866537,0.0004761054139,0.0002749776539,0.000785963978,0.00119295741,0.0004279545618,0.0002254963597,0.000231378821,7.65607363e-05,0.0002623453661,0.0001789247199,0.0001242616752,1.918866987e-05,5.67138133e-05,0.0001624390623,4.328316709e-05,5.819521686e-05,5.463687102e-05,4.219102018e-05,3.142475656e-05,1.488512117e-05,1.267289546e-05,2.958052445e-05,4.274521242e-05,0.0001395019402,3.255974619e-05,7.749771765e-05,0.0001426643662,0.0001408006058,0.0002228506052,8.977107347e-05,6.235849762e-05,8.652169946e-05,4.627933261e-05,1.437276543e-05,5.223007468e-06,5.272625767e-05,9.080440535e-07,3.757347303e-07,2.186452362e-06,1.67260244e-05,1.717780469e-05,2.6153749e-05,7.28066706e-05,0.0001280638949,0.0002451397508,0.000200359477,0.000158213003,0.0005365669892,5.644623297e-05,0.0002034377056,2.639167436e-05,7.157476633e-06,6.18086742e-06,6.83582296e-06,1.393916516e-05,1.040148208e-05,4.685577633e-06,7.32913759e-06,2.428825787e-05,6.272351203e-05,3.604627781e-05,1.477204229e-05,2.946473025e-05,0.0003186555928,0.0004526710019,0.000888205354,0.0003739499449,0.0009037888455,0.001533333038,0.001977029061,0.0007178622508,0.001093091115,0.0002669555583,0.0001932020808,6.625964788e-05,0.0001033015337,0.0002060167644,0.0005510757579,0.0006942199873,0.0001570276429,0.0002786825616,0.0005134952562,0.0002737867277,4.673561213e-05,3.897763008e-05,0.0002055774337,3.41421748e-05,1.675259601e-05,6.628366477e-06,5.344100403e-06,9.549156404e-06,2.363878203e-05,3.902257942e-05,3.094863356e-05,3.286470546e-05,5.952036872e-05,0.0001376512961,0.0004337172807,0.0002729598911,0.003437638964,0.006464249942,0.005358818297,0.01157693846,0.008131958412,0.002020205491,0.001719353916,0.0004809938878,0.002728391547,0.0003944059755,0.0003092095454,0.0001656879419,0.0001851537079,0.0001580425984,0.0002685639562,0.0001541330155,0.0003550609698,0.0005121529024,0.0008386832993,0.001427447574,0.002261382375,0.006105913439,0.001573922151,0.003394655141,0.005634830863,0.01141669586,0.00700202745,0.01146661982,0.01343963486,0.02739264827,0,0.009717814971,0.00946167534,0.003136479301,0.0004204258054,0.0006881731103,0.0002080676713,0.0005361649021,0.000902493618,0.0004511292389,0.000814837574,0.0002724930356,0.0002343365157,0.000597040128,0.000465231944,0.001661833182,0.0009468798707,0.0005595720974,0.0003069940249,0.0005723332519,0.0007140307013,0.0006583238149,0.0001897809057,0.0006347640809,0.0004337921716,0.0001272945089,0.0006225061378,0.0001000134622,0.0001413756626,5.617087289e-05
A:141,4.533930305e-05,3.9328752e-05,0.00016322127,0.0003712464394,0.0003231479051,0.0001452917015,0.0004953300056,0.0004551562787,0.0007514880198,0.0005011749318,0.0002970141321,0.0001449759657,0.0004016064151,0.0005241463536,0.000535646976,0.0002246374749,0.0001798520678,9.465135771e-05,0.0004072166775,0.0005217341747,0.0001695075703,0.0002984374976,0.0002575881686,0.0001185223871,6.763492625e-05,7.5331771e-05,6.499918895e-05,3.610649862e-05,2.068148999e-05,1.580806473e-05,1.33426805e-05,3.289394452e-05,3.802932554e-05,7.984177883e-05,4.38957993e-05,8.949590955e-05,0.0001005591632,8.396706e-05,0.0001320956714,7.793692085e-05,6.351341558e-05,9.720798996e-05,3.859990321e-05,9.733649787e-06,2.689199801e-06,3.832790679e-05,1.149880537e-06,3.370138247e-07,1.11735851e-06,1.280529975e-05,1.724236284e-05,2.390762621e-05,3.740659471e-05,7.281515343e-05,0.0001506326964,0.0001471808709,9.041879927e-05,0.0004122678658,8.661140926e-05,0.0001839526478,3.148266947e-05,4.706626243e-06,3.758419214e-06,5.278339937e-06,1.045625091e-05,9.47268509e-06,4.520504978e-06,8.074445996e-06,1.463701719e-05,5.437431798e-05,2.258785582e-05,1.1665434e-05,1.82459647e-05,0.0003623314296,0.0005364535196,0.0006734411796,0.0005742925435,0.001652446475,0.001198331957,0.002066835687,0.001093422637,0.000535594989,0.0002256694744,0.0002590281718,0.000129764195,0.0001004003993,9.276300753e-05,0.0004686785458,0.0004061967524,0.0001717008267,0.0002044301023,0.0004717739513,0.0003709701571,8.432426583e-05,6.967237241e-05,0.0003840759402,1.7173172e-05,2.24222811e-05,1.399881286e-05,2.258303378e-05,1.854179538e-05,1.994258259e-05,1.823397675e-05,1.69582772e-05,2.232091335e-05,4.020068481e-05,6.599655268e-05,0.0002056624697,0.0006609410836,0.001174362093,0.006316993676,0.007309625278,0.01087919861,0.005065428151,0.00506734137,0.001939464091,0.0007573709598,0.002815706379,0.0003408090344,0.0005217508239,0.0002417285954,0.0002315478439,9.3106924e-05,0.0001335074921,0.0007581158967,0.0002483971687,0.001478556315,0.0009493313589,0.001832606357,0.01889776748,0.01396303789,0.003454748175,0.003966851382,0.009663403577,0.008456533536,0.004250783412,0.002182468129,0.002876404209,0.008790777433,0.009717814971,0,0.01089557473,0.01069190142,0.003818690719,0.0008966231508,0.0004490989388,0.000700095097,0.00137506507,0.001280033109,0.0007037666091,0.003248755196,0.001301650404,0.001582223174,0.000657051257,0.001691042502,0.0008337145613,0.0007297417495,0.000344642928,0.000628944944,0.0006247790556,0.0004942942363,0.001099296177,0.0001752426543,0.0003282252358,8.332804051e-05,0.0002023466376,0.0001023890642,0.0001095079015,3.701955038e-05
A:142,3.961187034e-05,2.916654038e-05,0.0001263667065,0.0002486605176,0.0001908167555,0.0002825760919,0.000174952668,0.000663910788,0.0006081823408,0.0009133899979,0.0002176383664,0.0001694705342,0.00052901086,0.0007760509849,0.0008289133847,0.0005659466147,0.000548213726,0.0002233100617,0.0002289651303,0.0006840915489,0.0001367425695,0.0002651550449,0.0006029954015,3.426483141e-05,4.922336913e-05,6.952763296e-05,0.0002129623981,0.0001173255291,5.08107546e-05,5.28188875e-05,3.922904666e-05,8.639250963e-05,5.943606775e-05,0.0001120648246,4.073530675e-05,7.556639261e-05,6.094438219e-05,5.158577776e-05,6.895320833e-05,6.462080722e-05,6.727451682e-05,8.031710675e-05,3.125589081e-05,6.603703759e-06,5.265626351e-06,9.337512664e-05,7.564742275e-06,8.408437013e-06,6.092419013e-06,8.673752864e-06,4.749354568e-06,2.035702993e-05,3.162927364e-05,3.95868582e-05,8.991054448e-05,6.156629787e-05,0.0001157686936,0.0003667379178,8.542328481e-05,0.000145240033,3.145132758e-05,4.367667888e-06,3.390694183e-06,4.602736571e-06,8.238490916e-06,7.174317858e-06,3.831804889e-06,7.359706185e-06,8.154292677e-06,3.395018916e-05,1.049490168e-05,5.522772103e-06,1.360147711e-05,0.0002628326385,0.0001907006501,0.0005175761783,0.0005068548184,0.0009120262981,0.002970260247,0.002955832575,0.001229717905,0.001409792468,0.0003171964191,0.0003102967973,0.0001073557315,0.0001308704437,0.0001651063836,0.0005635327941,0.0006994872288,0.0001751214676,0.0002456295701,0.0008085165827,0.0006504098218,7.341895493e-05,5.936263004e-05,0.0005149793664,3.398416652e-05,1.688666499e-05,1.338328413e-05,3.119304336e-05,1.409951985e-05,1.479916458e-05,9.010921872e-06,1.209491091e-05,2.131232135e-05,1.40182791e-05,3.566596502e-05,0.0001041423032,0.000266448954,0.001256563966,0.003122469627,0.005122689643,0.005840410755,0.01361991879,0.005684037808,0.004044787846,0.001237148455,0.00431091874,0.0007613457114,0.0005676345252,0.0003992105498,0.0002058996533,5.425003147e-05,9.464710646e-05,5.856431353e-05,0.0001484403213,0.0001145356578,0.0001429490952,0.0003177503294,0.001873634621,0.001676168108,0.0006775753854,0.0005532159709,0.00463747189,0.001008262242,0.002010128651,0.001509950964,0.001259882347,0.008217494705,0.00946167534,0.01089557473,0,0.01026578652,0.009824290757,0.005027275544,0.0005954629368,0.001513238225,0.002716668318,0.001311838299,0.004907491418,0.01107708275,0.002895248956,0.003451774894,0.01015004898,0.008174613975,0.003756181509,0.000946014713,0.002161177692,0.0008630242933,0.001472953894,0.0007203918881,0.0007331724006,0.0009033620568,0.0009317849447,0.0004340581472,0.0001788575785,0.0004593289885,0.0003869002905,0.0001930098718
A:143,2.330675069e-05,1.687634134e-05,5.062838855e-05,0.0002232825257,0.0001023337334,3.56151591e-05,0.0001677201484,0.0001465884286,0.0004203614385,0.0004173168465,0.0002972219885,0.0001801684439,0.0006220184108,0.0008157167596,0.001948615783,0.0004337109638,0.0007073901534,0.0002995329709,0.001437206034,0.001093944102,0.0004068020555,0.001852459171,0.0005674030457,0.0001442706211,0.0002439220139,0.0002437125584,0.0002680127076,0.0003159916067,9.972476178e-05,8.862299866e-05,6.819379702e-05,0.0001298898944,5.017175227e-05,0.0001170957246,5.65929585e-05,9.488260632e-05,8.110075807e-05,6.027931042e-05,7.62109377e-05,8.189978299e-05,4.007385772e-05,3.632109266e-05,3.734680252e-05,2.523768531e-06,2.033321361e-06,0.0001713601534,7.359339679e-06,7.306626074e-06,4.506331089e-06,1.4707628e-06,6.473858142e-06,2.634183903e-05,2.101076744e-05,4.787310077e-05,2.403193315e-05,4.264096064e-05,0.0003111991073,0.0001993231427,0.0001466891201,0.0001315495064,3.489797982e-05,3.597198006e-06,2.050055161e-06,1.497540609e-06,2.917069828e-06,4.293883229e-06,2.559024995e-06,4.026845225e-06,3.890765222e-06,1.245028174e-05,4.417691132e-06,2.243931776e-06,4.499319888e-06,0.0001177519642,0.0001242399765,0.0002234089594,0.0001910914574,0.0005582451355,0.0003871824581,0.00084579095,0.0009135255846,0.001341862203,0.001407617243,0.002614270681,0.001160523667,0.0007569717036,0.0006271591606,0.000965009835,0.0005531014539,0.0003390701846,0.0003649767882,0.0003861976175,0.0001519450004,0.0002055913004,0.000161871932,0.0001818049538,2.326232345e-05,4.297865545e-05,7.876351707e-06,1.640252208e-05,1.417442826e-05,1.2687638e-05,4.476656057e-06,6.530185566e-06,1.181615235e-05,1.163093969e-05,1.82958162e-05,4.884220121e-05,0.0003516146979,0.0003494421935,0.003580867591,0.001563444643,0.00641460593,0.006360175626,0.006469034814,0.00511862712,0.004884481546,0.01375199953,0.001728090236,0.002380860937,0.0009993346497,0.0006006854295,0.0002338445379,0.0004477465994,0.0003041613822,0.0002970457936,7.730809768e-05,8.705697409e-05,0.0001318768059,0.002045421636,0.0006495088702,0.000236031789,0.0002822510311,0.001220643053,0.001331477037,0.0006652224656,0.000567349497,0.0009188714787,0.001104028495,0.003136479301,0.01069190142,0.01026578652,0,0.01041028824,0.005573081703,0.002353399245,0.005702342547,0.00532656253,0.008882729444,0.008570497833,0.007878890182,0.004207239545,0.003834663391,0.002322896829,0.005449700684,0.00245066996,0.001418568871,0.0006557818821,0.0002774247369,0.001331114269,0.001039491701,0.0004737567861,0.0003502636744,0.0006980596722,0.0002802220408,6.244056335e-05,0.000194033155,0.0001616093742,6.073540655e-05
A:144,8.92094102e-06,7.572553229e-06,2.581671886e-05,2.606347291e-05,3.129084599e-05,7.160839708e-05,7.259102605e-05,0.0001124645011,0.0001847953117,0.0003415825685,0.0001859879574,8.576031169e-05,0.0002526668345,0.0008488380356,0.002473756544,0.001112947017,0.0004670673491,0.0002656606965,0.00099906252,0.0001760341226,0.0004837061961,0.005999105791,0.0001364942205,8.19431939e-05,0.0001481779077,0.0001383480361,0.000148767064,0.0002054991674,0.0001775280089,5.962218056e-05,3.935383411e-05,3.191955639e-05,1.921821257e-05,5.046015692e-05,3.005643311e-05,4.663481327e-05,2.366162377e-05,2.115819836e-05,1.891694466e-05,2.175614649e-05,1.272205075e-05,1.643005696e-05,1.093405322e-05,2.266057485e-06,3.104949467e-06,8.445553501e-05,3.842407547e-06,4.621653022e-06,3.909923865e-06,2.808307475e-06,1.500379474e-06,9.021940321e-06,1.285611925e-05,1.873882739e-05,3.108049414e-05,2.805279335e-05,0.0003548049965,8.719397676e-05,6.289572884e-05,5.344115247e-05,1.835605792e-05,2.665638642e-06,1.571168081e-06,7.050962444e-07,1.074224956e-06,2.195904585e-06,1.470975574e-06,1.353345997e-06,1.981104109e-06,2.689634985e-06,1.392757846e-06,1.614931082e-06,1.994286182e-06,2.704882907e-05,3.290749029e-05,6.916996732e-05,0.0001111195885,0.0002666791676,0.0005884113681,0.0003961325409,0.0009195175043,0.002832191612,0.003307447438,0.006758128823,0.0001921701376,0.0009068442215,0.0003751455352,0.0003571569886,0.001062220673,0.0009511338851,0.000211034308,0.0004857326032,0.0001969837338,0.0001002700043,8.309421588e-05,8.898220874e-05,3.536734224e-05,2.723810854e-05,5.616709656e-06,1.405832413e-05,4.320995775e-06,5.144428341e-06,2.40575362e-06,3.299104724e-06,5.093474652e-06,1.442615996e-06,2.385223874e-06,7.271488174e-06,3.847241861e-05,0.0002109338747,0.00061734954,0.0007981962124,0.002689850855,0.009992891602,0.00556632781,0.005867114514,0.01071420932,0.007186086034,0.00196121968,0.0005715409875,0.0006538107224,0.0003456800579,0.0002016543176,0.0001263630034,0.0002009604458,0.0001918593537,5.839672747e-05,2.480718168e-05,6.670232845e-05,0.0002243432615,0.0002939921658,5.280517481e-05,3.956230897e-05,0.001019669415,0.000426700167,0.0002342087624,0.0001362727635,0.0002152548006,0.0009198792729,0.0004204258054,0.003818690719,0.009824290757,0.01041028824,0,0.01235023445,0.01021931777,0.003447011129,0.004732813477,0.007998385028,0.007646753139,0.005109128815,0.00665537628,0.002104305334,0.001340371116,0.005365708534,0.0005295197814,0.0008469153539,0.000760597477,0.0006698166391,0.000316470976,0.0003304687328,0.0002520478282,0.0001469745199,0.000218109052,0.0001289863473,3.279916998e-05,0.0001104395114,9.063922089e-05,4.897972394e-05
A:145,3.811638054e-06,6.7452234e-06,2.47629159e-05,3.234472757e-05,4.800562234e-05,2.101125954e-05,7.542300529e-05,9.290162218e-05,0.0001338058791,6.999195338e-05,6.750277305e-05,4.100358982e-05,0.0001060814738,0.001009728389,0.002053619699,0.000877324512,0.0003219389374,0.0003942554754,0.001302313496,0.0002806337585,0.0007043627005,0.004200576782,0.0001550855765,9.354914185e-05,0.0002995850098,0.0001777621083,0.0001551373009,0.0009374227756,0.0001587334714,8.723895102e-05,6.840029836e-05,6.828573934e-05,2.408850605e-05,1.691629025e-05,2.075126337e-05,2.671116723e-05,9.610119095e-06,1.326672183e-05,1.618226837e-05,1.199504746e-05,4.312881487e-06,3.21507036e-06,3.15340678e-06,1.707839397e-06,1.564760877e-06,3.296006858e-05,1.834833938e-06,2.335120387e-06,2.177522776e-06,2.444704041e-06,2.69840338e-06,6.729264657e-06,1.117138398e-05,1.668564086e-05,2.27254855e-05,2.15291828e-05,0.000134288374,2.840958746e-05,1.317987461e-05,2.585429483e-05,6.118791164e-06,1.092813297e-06,5.411382078e-07,1.423531481e-07,1.574673005e-07,1.306359313e-06,9.233427401e-07,5.255334395e-07,1.874458824e-06,4.475106387e-06,1.548774997e-06,8.468484827e-07,1.707974078e-06,4.392742411e-05,3.47399282e-05,0.0001010917166,9.453707226e-05,0.00020393441,0.000150010721,0.0003194747833,0.0002997379487,0.0008293970489,0.000959211138,0.002219505296,0.0001885015896,0.000402121559,0.0001431306712,0.0001167396999,0.000152185225,0.0002540058422,7.93197624e-05,0.0001155775111,0.000201442432,5.206906624e-05,4.151214768e-05,0.0001699437437,1.409595858e-05,1.959679017e-05,5.331639421e-06,7.458488128e-06,4.9731935e-06,4.74929016e-06,1.457905955e-06,3.769808344e-06,6.23375208e-06,2.419940404e-06,4.380972149e-06,1.601329502e-05,3.848379767e-05,8.766692112e-05,0.0005820007194,0.0007721422667,0.001830583867,0.001263907628,0.005978284158,0.009667382105,0.006282133641,0.006960621027,0.005633439632,0.001659318968,0.0005094308067,0.0005733917669,0.0002310987902,0.0002041958574,0.000131840474,8.961386557e-05,2.855055653e-05,2.673399125e-05,2.44563155e-05,0.0003471699115,9.023240234e-05,1.714653063e-05,1.539371456e-05,0.0006012905251,0.0003734016087,9.523711501e-05,8.749047772e-05,0.0001893679494,0.0006169465112,0.0006881731103,0.0008966231508,0.005027275544,0.005573081703,0.01235023445,0,0.01036473709,0.006116612065,0.007440243266,0.007182357962,0.008802481776,0.006912443793,0.009104858785,0.001827241104,0.0005814857909,0.00043239307,0.0004742557173,0.0004044412052,0.0002520006187,0.0001152805365,0.0001286411911,0.0001361714669,0.0001535188795,0.000165318151,0.0001329879017,8.601912129e-05,5.702331789e-05,8.027180313e-05,5.746610084e-05,2.999166972e-05
A:146,9.791729676e-06,2.119965054e-05,1.845964954e-05,5.841946262e-05,5.068379964e-05,1.481715125e-05,0.0003015501892,0.0002278358426,0.0002332138206,0.0008679363707,0.0005823119289,9.624511814e-05,0.0004696524758,0.002237320333,0.008237329871,0.00310341972,0.00287552445,0.009068350638,0.00713623611,0.001753310187,0.003548969786,0.0107174065,0.00118581636,0.0006473052155,0.0008338646013,0.0005471031129,0.0006168818793,0.006625092746,0.001526726307,0.000464954274,0.0002821931643,0.0006082237357,9.777962617e-05,0.0001246560916,6.251606444e-05,7.645759602e-05,5.352500601e-05,2.378954149e-05,1.684936682e-05,9.60554682e-05,1.810875328e-05,1.262190819e-05,3.765223199e-06,5.036587563e-06,2.659914461e-06,2.000791905e-05,3.203674586e-07,3.247312079e-07,5.054617027e-07,9.907515147e-07,6.2618598e-06,3.452262416e-06,1.021686364e-05,4.891623251e-05,6.707474513e-05,8.093661336e-05,0.0008746089952,3.631384342e-05,7.063583227e-05,8.756853364e-05,1.700735169e-05,7.919011464e-06,2.797922853e-06,8.160801807e-07,1.486945642e-06,1.988245047e-06,1.179931008e-06,1.246893896e-06,1.707227499e-06,2.918529342e-06,6.723077539e-07,1.866663678e-06,6.677701436e-07,1.43048006e-05,3.806856431e-05,4.758898277e-05,4.145597895e-05,0.0001656893629,0.0002466380178,0.0001262686191,0.0009367300515,0.0004270366203,0.003663353432,0.0007680882998,0.0003696575145,0.0005123877766,0.0002256041245,0.000136767643,0.0007275350526,0.0001678224779,9.571420708e-05,0.000495255852,0.0002363844568,7.016391779e-05,7.593450241e-05,0.0002626182284,1.086015472e-05,1.574902097e-05,4.41406195e-06,1.444011924e-05,3.022666022e-06,1.746994707e-06,6.796482454e-07,1.900946246e-06,3.814040261e-06,4.296154616e-06,3.953788575e-06,1.055953559e-05,2.357802838e-05,5.156306573e-05,9.001220978e-05,0.0001301383369,0.0005453008979,0.001327678605,0.00190420083,0.01161171819,0.009176946678,0.003038941084,0.003279940019,0.0003395078505,0.0005118234047,0.0004128685225,0.000158944144,0.0001745828049,0.0001852424898,1.978356301e-05,1.022642834e-05,1.066198987e-05,1.012502575e-05,5.681400634e-05,3.02226795e-05,6.693788965e-06,6.638294515e-06,6.926184636e-05,6.427045357e-05,5.168320685e-05,3.835974156e-05,5.256815147e-05,7.782792553e-05,0.0002080676713,0.0004490989388,0.0005954629368,0.002353399245,0.01021931777,0.01036473709,0,0.005591793748,0.005095403013,0.006850668725,0.004548217988,0.005252058533,0.008546424927,0.001313439095,0.0004640023964,0.0001965617082,0.0005540029409,0.0002066960613,0.0001882759001,0.0001064658691,0.0001284399869,7.502072018e-05,8.43305975e-05,8.852699807e-05,7.424802948e-05,3.881644496e-05,2.513625545e-05,3.596378416e-05,2.698284055e-05,1.448273412e-05
A:147,3.934158326e-06,8.707017757e-06,1.877097254e-05,4.031818886e-05,3.336863937e-05,3.163425509e-05,3.890592932e-05,3.929122499e-05,6.118891117e-05,7.65865185e-05,4.870202944e-05,3.082593227e-05,0.0001038814236,0.0001332527722,0.0009477481849,0.0002591992559,0.001071222413,0.001600174511,0.001493733406,0.0009869618284,0.000381805263,0.001711584448,0.001446083068,0.0004436844219,0.001643184851,0.001312064108,0.0021245641,0.0201327851,0.003003437877,0.001416478917,0.0005425747933,0.0008114087694,0.0002225310452,8.35782309e-05,6.793762797e-05,7.976513982e-05,1.25866754e-05,1.344301598e-05,2.228216304e-05,2.402769688e-05,1.204940075e-05,2.649699415e-05,2.386709059e-06,4.145784444e-06,2.722944312e-06,1.324854348e-05,5.168540359e-07,6.731707583e-07,3.991060574e-07,6.818231522e-07,3.146599009e-06,1.096741836e-06,8.465952542e-06,1.627432777e-05,1.634400258e-05,1.583317485e-05,0.0001536793909,1.265575475e-05,1.419668138e-05,1.784433163e-05,5.020569098e-06,1.042774208e-06,5.146029847e-07,6.61874058e-08,1.531061538e-07,4.714062278e-07,3.877412497e-07,1.473340779e-07,1.066294499e-06,2.651630257e-06,1.302759913e-06,7.928867706e-07,1.409735696e-06,2.456599533e-05,2.5682521e-05,0.000100493153,8.967239142e-05,8.821858778e-05,0.00016629755,0.0001521538808,0.0001897508913,0.0001834686069,0.0002438814881,0.0001483375423,0.0004971887706,0.0001815494046,0.00013986867,5.96352482e-05,8.300306154e-05,0.0001103929644,3.830967656e-05,6.26941412e-05,6.115299323e-05,2.679231732e-05,1.882444064e-05,3.446031272e-05,9.736563768e-06,1.197838424e-05,3.785591196e-06,1.366273433e-06,3.86142984e-06,1.757395371e-06,6.909695797e-07,2.114690804e-06,3.093996408e-06,4.596338271e-06,4.675465401e-06,1.470205534e-05,4.432213641e-05,8.429910497e-05,0.0002512671166,0.0003260134706,0.0004094916501,0.0008369289817,0.0006142910314,0.001166684588,0.004967945838,0.004999704696,0.0183152211,0.003005708133,0.00182708591,0.001831647136,0.0006873488737,0.0006680284807,9.450626534e-05,0.0001219693776,7.691428248e-05,5.785934193e-05,4.379498504e-05,2.273914131e-05,2.03154335e-05,3.276736431e-05,2.637261376e-05,5.381469353e-05,0.0001165396576,8.534648325e-05,8.500457793e-05,0.0001513993305,0.0002786838808,0.0005361649021,0.000700095097,0.001513238225,0.005702342547,0.003447011129,0.006116612065,0.005591793748,0,0.03759611414,0.009919935601,0.01681550364,0.002625263836,0.002045066703,0.000900779094,0.001112208662,0.0006436279191,0.0003630775546,0.0002882071945,0.0003898003856,0.0001662696257,9.589576059e-05,0.0001325883126,0.0001283519821,0.0001055451411,6.823091243e-05,4.843533512e-05,4.097013861e-05,3.440142321e-05,2.294601467e-05,1.240387625e-05
A:148,2.668421244e-06,4.984968842e-06,2.111432487e-05,2.575851028e-05,7.840227728e-05,5.863338374e-05,0.0001120252257,0.0001530133279,0.0003113125148,0.0002558083483,0.0002057434266,0.000106809879,0.0001562159521,0.0002800601113,0.0005025995931,0.0001733107111,0.0005649164903,0.0002117554511,0.0003913724939,0.0004790598483,0.0003339492423,0.0004437021302,0.000623387656,0.000436982201,0.001330086682,0.0005606901771,0.0005961674955,0.003485503595,0.0003566034924,0.0004090741842,0.0002540275117,0.0003412478618,7.344008038e-05,5.406025426e-05,2.889706717e-05,3.25770149e-05,1.646339626e-05,1.641357217e-05,1.668237487e-05,1.081850605e-05,5.89508498e-06,1.339221387e-05,3.385084069e-06,4.177926057e-06,3.320094134e-06,7.531861857e-05,2.82119888e-06,3.130990175e-06,2.018555326e-06,9.140252987e-07,1.024165735e-06,2.780813865e-06,1.594615979e-05,2.06363935e-05,3.303502817e-05,3.619438632e-05,3.225175597e-05,6.549623488e-05,2.051737538e-05,5.151863499e-05,6.215536618e-06,1.832321742e-06,4.65324421e-07,7.668179518e-08,1.530379822e-07,5.729736976e-07,4.597208385e-07,4.642284155e-07,1.40916275e-06,3.020233168e-06,2.298406274e-06,1.551696853e-06,1.99717697e-06,3.838234372e-05,7.010958654e-05,0.000192486705,0.0002162765566,0.000263297009,0.000297840673,0.0005254178297,0.0004101672923,0.000523074529,0.0005927566666,0.0004595268714,0.0003766326699,0.0003793670889,0.00025219568,0.0004918803739,0.0001518535892,0.0001469710105,0.0002149615224,0.0002083701777,8.842370398e-05,0.0001327431158,0.00010354929,8.879277243e-05,1.608831807e-05,3.371865051e-05,1.102513872e-05,9.137824642e-07,8.264066283e-06,5.631781245e-06,2.229972019e-06,3.318207608e-06,4.439851587e-06,4.662967249e-06,6.945552888e-06,2.919860391e-05,9.46833193e-05,0.000237772356,0.0006989388572,0.0006349087886,0.001111017206,0.001740319507,0.002691397713,0.002286159806,0.003298088503,0.009394774619,0.01485582713,0.003634091632,0.0008905758508,0.001707859806,0.0008718271421,0.001468129206,0.0003513435914,0.0002857446221,0.0001833880905,0.0001046121955,0.0001150212767,6.47705515e-05,2.211793735e-05,4.435302753e-05,3.929178846e-05,0.0001544709089,0.0002060894693,0.0001264166515,0.0001555119648,0.0002692596551,0.0006561533096,0.000902493618,0.00137506507,0.002716668318,0.00532656253,0.004732813477,0.007440243266,0.005095403013,0.03759611414,0,0.01083637651,0.01574000216,0.005879295241,0.00291589588,0.001894885243,0.003149809439,0.0008854072351,0.0006941897826,0.001020207342,0.001158474537,0.0003368602161,0.0002423414077,0.0003711173284,0.0003372885107,0.0002248292951,0.0001319559696,9.734564603e-05,9.964024232e-05,6.284860317e-05,4.04183016e-05,2.311173281e-05
A:149,1.582075152e-06,1.808368266e-06,1.73227529e-05,2.850095712e-05,6.024554058e-05,7.379495317e-05,6.295042971e-05,0.0001011194569,0.0001459398396,0.000133442701,0.0001468180498,8.664975158e-05,0.0001700114068,0.0005088361651,0.001723698673,0.000390264863,0.001022533318,0.0007355965561,0.002976336523,0.0003807721834,0.0007467999148,0.01309389294,0.006184975301,0.0005130011258,0.0003542893761,0.0006216484062,0.0003731207016,0.003476659614,0.0001826931932,0.0002366675498,0.00012970607,0.0002010081288,3.318662904e-05,3.356373959e-05,3.130329837e-05,3.40574273e-05,8.07619147e-06,6.402917112e-06,6.960225262e-06,8.00984358e-06,6.777504132e-06,8.707851559e-06,5.030254203e-06,5.815246086e-06,7.233929377e-06,0.0001128836659,3.87124093e-06,5.192577632e-06,5.069222419e-06,3.209061231e-06,5.033775704e-06,1.797366688e-06,1.329182558e-05,2.272446994e-05,2.036552546e-05,2.378024083e-05,9.141560276e-05,2.59644279e-05,1.353628868e-05,5.621785458e-05,8.257759193e-06,2.608459025e-06,6.874037909e-07,3.949179088e-07,6.015974586e-07,1.507887302e-06,1.192087354e-06,1.54916589e-06,2.337571955e-06,4.42401287e-06,3.504944942e-06,1.818972006e-06,3.069797276e-06,5.313414462e-05,6.352008998e-05,0.0001736635563,0.0001299132707,0.0001353438873,0.0003174727597,0.0003419679926,0.0003103081003,0.0001607214944,0.0006813591827,0.000505742987,0.0004155209842,0.0001736410128,0.0001316839883,0.000133808301,0.0001242300496,8.036508926e-05,7.031225565e-05,0.0001467800516,9.872053962e-05,9.072698399e-05,7.347153556e-05,0.0001300494827,8.438760528e-06,2.495725087e-05,5.87195294e-06,3.012803913e-06,7.483878866e-06,8.115309574e-06,3.169807959e-06,4.702725133e-06,7.61619739e-06,6.795302674e-06,1.39945447e-05,5.958328549e-05,0.0001192312809,0.0001948236213,0.0004663703807,0.0002686864654,0.0006865856492,0.000527765589,0.0006759980971,0.00124885542,0.003541337334,0.002393720881,0.005966566476,0.001556100284,0.000726909794,0.0008919543346,0.0004048567258,0.0002824282834,5.42877147e-05,7.552949759e-05,2.673213523e-05,1.483863115e-05,2.649789546e-05,0.000202375286,8.251471776e-05,3.037691011e-05,2.255946681e-05,0.0002740359935,0.0002282507228,0.000144627998,0.0001417499352,0.0002289567112,0.0005344126825,0.0004511292389,0.001280033109,0.001311838299,0.008882729444,0.007998385028,0.007182357962,0.006850668725,0.009919935601,0.01083637651,0,0.0208120245,0.01018863395,0.01151579288,0.01101182212,0.005840930218,0.003213377261,0.001424036931,0.001007507042,0.002847459321,0.0003830051508,0.000433680191,0.0007350059252,0.0002951218671,0.0001490620581,0.0002288721556,0.0002010196532,0.0001340577916,0.0001375448856,0.0001003989682,6.661837332e-05
A:150,6.175371679e-06,9.175420913e-06,5.391712571e-05,3.82852566e-05,0.000146093311,7.801624435e-05,0.0001653852572,0.0001463606464,0.0004188528887,0.0002643041029,0.0002511821307,0.0001773231893,0.0002194825737,0.0003568685823,0.0004669738882,0.0001782875922,0.0004820552039,0.0001906292319,0.001433251672,0.0003947376301,0.0003656502926,0.00193533218,0.0009383332244,0.0001410206332,0.0003591193593,0.0004441874688,0.0004866168863,0.0007614601335,0.0001997023112,0.0001739542851,0.0001128118076,8.968342163e-05,2.557248842e-05,7.323238412e-05,4.199076382e-05,5.611295179e-05,2.107084571e-05,2.400635934e-05,2.603638641e-05,5.806538134e-06,1.037667739e-05,1.447388718e-05,5.670038425e-06,1.069378692e-05,1.262651899e-05,0.000302354308,1.056000639e-05,1.303508101e-05,1.092668238e-05,5.46362002e-06,1.019881951e-06,7.887913821e-06,3.055213781e-05,3.765555747e-05,3.313019667e-05,4.478080332e-05,5.553270342e-05,0.0001001832426,3.75071122e-05,0.0001119386671,1.645067084e-05,4.113460399e-06,1.088620894e-06,4.528051221e-07,8.58552339e-07,1.831025734e-06,1.465712794e-06,2.040341923e-06,2.778941587e-06,6.189643517e-06,3.906522482e-06,2.266395521e-06,4.002295217e-06,8.454206681e-05,0.000102839978,0.0003006681111,0.0002830367747,0.0002127057803,0.0001990258854,0.0003639018628,0.0003388503065,0.0003602893552,0.000775424159,0.0007777119013,0.0001788734018,0.0003980867917,0.0001636816716,0.0004901083263,0.0002683708787,0.0001760734317,0.0002088036823,0.0003344916438,0.0001247836543,0.0001687779702,0.0001388793558,0.0001707179428,1.104042137e-05,3.846564412e-05,9.14051958e-06,3.636303931e-06,5.6013165e-06,8.849461817e-06,3.211168326e-06,4.697183114e-06,6.972284872e-06,3.825362752e-06,9.136892054e-06,4.438722285e-05,7.445615208e-05,0.0001901728476,0.0006718405096,0.0004202637279,0.00159517737,0.001197761966,0.002031307389,0.00203151364,0.001892513869,0.005744584355,0.0122266207,0.002935132594,0.0022333348,0.001598802696,0.0006265696223,0.0002663782779,0.000136236107,9.902997744e-05,2.928230101e-05,1.039610582e-05,3.390357275e-05,0.0002100259174,3.364169478e-05,2.472599208e-05,1.614117582e-05,0.0003763528868,0.0003004983443,0.0001873303418,0.0002237319743,0.000327230798,0.0008018574343,0.000814837574,0.0007037666091,0.004907491418,0.008570497833,0.007646753139,0.008802481776,0.004548217988,0.01681550364,0.01574000216,0.0208120245,0,0.01740564361,0.006535497611,0.009567789123,0.004128610282,0.001263999087,0.002087644312,0.002883646688,0.001655926188,0.0004907855866,0.0008947583248,0.0009518228497,0.0006281968241,0.0005536520011,0.0004861284552,0.000313045383,0.0002036566835,0.0002185023685,0.0001494208281,8.038124549e-05
A:151,7.593323426e-06,3.913819409e-06,3.372030792e-05,0.0001074597444,0.0001266311119,9.135580464e-05,0.0001712164409,0.0001240524309,0.0002553633147,0.0004487601728,0.000195456336,0.0001703284867,0.0004292735922,0.0006377781714,0.001406093176,0.0006081165034,0.001217738791,0.0003407689949,0.000943047,0.0003329542001,0.0005604765668,0.001562440792,0.002562935857,0.0001865154954,0.0001719039597,0.0003173003998,0.0005063537455,0.0006935683589,0.0001122177783,0.0001233174682,9.403340639e-05,0.000154081108,3.286102335e-05,0.0001364829212,6.052882614e-05,9.505010788e-05,5.136757923e-05,5.545610173e-05,7.807272885e-05,4.089539473e-05,2.906160893e-05,8.470980754e-06,2.297137168e-05,1.566186241e-05,2.185113732e-05,0.0004577855269,1.967636655e-05,2.581720512e-05,2.586161638e-05,7.244761696e-06,1.421995262e-05,7.831320264e-06,2.682334437e-05,4.405083583e-05,6.978679686e-05,8.978009119e-05,0.0002792866678,0.0001715216832,7.284423769e-05,0.0001281337505,2.168928421e-05,3.886729471e-06,1.658637249e-06,1.431464226e-06,2.813427062e-06,2.031860338e-06,1.742474538e-06,4.076044498e-06,3.212696458e-06,9.321967873e-06,7.891423216e-06,4.073403151e-06,8.330518006e-06,0.0001225254385,0.0001081943569,0.0005176341783,0.0002333143054,0.0001602118977,0.0002287110264,0.0007213189147,0.000528530368,0.0007690544478,0.001204638506,0.001122098519,0.0001655701129,0.0004155868151,0.0002234130132,0.0004792750655,0.0006202870846,0.0002701326206,0.0002132442337,0.000427509547,0.000219358717,9.786610535e-05,8.007094249e-05,7.903685883e-05,1.564596052e-05,1.608786627e-05,3.281582338e-06,6.986499675e-06,4.173298921e-06,8.172745425e-06,4.407842328e-06,6.462473729e-06,1.116679012e-05,1.166937032e-05,2.704530118e-05,0.0001521360873,0.0001352319331,0.0004581236006,0.0005180010547,0.0008989906629,0.001626201597,0.004894298123,0.002076769166,0.001578478739,0.0006415485732,0.003434710068,0.004269194434,0.000430430029,0.0009237165144,0.0004325651028,0.0001301570476,0.0001288440731,0.0001531650365,0.0001030367124,3.512276776e-05,2.880896771e-05,8.803413322e-05,0.0008776322518,0.0003119295454,0.0001366990843,9.917256544e-05,0.001181332963,0.0002478208118,0.0002220994934,0.0001712126428,0.0001567398198,0.001000802678,0.0002724930356,0.003248755196,0.01107708275,0.007878890182,0.005109128815,0.006912443793,0.005252058533,0.002625263836,0.005879295241,0.01018863395,0.01740564361,0,0.006353356945,0.009517663056,0.01308282852,0.009136712001,0.007408314349,0.003512060626,0.001696303305,0.0006796935026,0.002056650072,0.001361416972,0.0008307567012,0.0007233797567,0.0007656493229,0.0006927123183,0.000525536736,0.0005345329883,0.0004207186868,0.0002902414256
A:152,8.954535543e-06,9.907187932e-06,1.942126831e-05,6.605166219e-05,4.668249977e-05,0.0001411524383,4.401478741e-05,6.897468568e-05,4.933902074e-05,0.0002940229621,0.0001537452951,5.535899582e-05,0.0002302378318,0.0006388587412,0.003524702416,0.0003289568781,0.002135951256,0.002159625309,0.01213264333,0.002404824541,0.003025098584,0.01314219978,0.00781623473,0.0006650833318,0.0005128552013,0.0005207432654,0.0006089775269,0.0004874064758,0.0002964450562,0.0001846624661,0.0001243412485,0.0002141643433,1.597035018e-05,3.585293452e-05,1.427374208e-05,1.695568759e-05,3.760669456e-05,2.7964255e-05,3.76153976e-05,2.401614968e-05,2.46813611e-05,4.300018941e-05,2.63325795e-05,3.793618203e-05,1.977529006e-05,0.0004008703669,1.088666212e-05,1.361045619e-05,1.330787933e-05,9.440499572e-06,1.072443211e-05,5.605131224e-06,1.21110511e-05,1.899704969e-05,5.040621377e-05,2.626147116e-05,0.0006615185197,8.694623218e-05,4.605241518e-05,3.208614088e-05,2.649140275e-06,2.310702012e-06,5.176509516e-07,4.896906606e-07,5.505663665e-07,1.020800351e-06,8.116712058e-07,1.198856232e-06,2.381983736e-06,2.509864654e-06,6.507532846e-06,4.565283589e-06,6.278926783e-06,3.945712287e-05,0.0001900712152,0.0002642209862,0.0002404104137,0.0005742763936,0.001807232737,0.000198222154,0.0005004694195,0.0001530572572,0.001075001886,0.0006774687566,7.502464639e-05,0.0001067658581,7.126244416e-05,7.807286001e-05,0.0002607183518,6.663526574e-05,4.892646211e-05,0.0001432208234,6.594164504e-05,3.524362548e-05,2.791808744e-05,2.997538059e-05,6.589684811e-06,9.419730939e-06,2.207231975e-06,4.825635313e-06,4.151410388e-06,4.46544708e-06,3.006649e-06,3.948243089e-06,5.899463084e-06,7.676293247e-06,1.600791147e-05,5.623142748e-05,0.0001184004041,0.0002656828941,0.0004207023314,0.0003958492328,0.0007287017165,0.001207801915,0.0006968090858,0.002737289221,0.004049734848,0.0007616388297,0.001378587415,0.0002960825065,0.0002525191496,0.0002113851561,0.0001263578804,3.373833812e-05,3.242265769e-05,1.346268379e-05,1.623668601e-05,9.950078438e-06,2.085290199e-05,0.0002297067674,9.706215594e-05,3.717442408e-05,3.18543637e-05,0.0003507353008,0.0001253634537,0.0001348271147,9.551335995e-05,0.000127966262,0.00032137986,0.0002343365157,0.001301650404,0.002895248956,0.004207239545,0.00665537628,0.009104858785,0.008546424927,0.002045066703,0.00291589588,0.01151579288,0.006535497611,0.006353356945,0,0.008429128365,0.005482432314,0.01036422673,0.008013097088,0.003257484548,0.00184914072,0.00117465838,0.000471857645,0.0009138534163,0.0005306216977,0.0001069677207,0.0001937255216,0.000184176783,8.669836174e-05,0.0001529580574,0.0001302482544,0.0001079745682
A:153,1.294216019e-05,9.801737184e-06,4.97903678e-05,8.79125313e-05,0.0001025729421,0.0001603023848,0.000195021209,0.0001181035569,0.0001429673533,0.0001601787832,0.0003791468768,0.0002501770041,0.0001477634938,0.00037468609,0.000745349459,0.0002585557819,0.001965634336,0.0009840287619,0.003879418243,0.001417605924,0.0003261694954,0.001583644945,0.01627493064,0.001342389684,0.001021322475,0.0006349882582,0.001494552933,0.001224393373,0.0002212762779,0.0003925415553,0.0002406952204,0.0003228154639,2.52173749e-05,6.078173428e-05,3.166561304e-05,3.095529226e-05,1.402281831e-05,1.545263285e-05,2.668962796e-05,0.0001290816605,3.784211477e-05,7.252321932e-05,0.0001044211519,2.070797962e-05,3.316687197e-05,0.0008141798523,3.914905805e-05,4.642687624e-05,4.851863195e-05,1.700586315e-05,2.263659433e-05,2.81777986e-05,2.94027539e-05,3.12061047e-05,5.637489135e-05,6.14114913e-05,6.588840571e-05,3.487865451e-05,3.27470967e-05,8.149606636e-05,6.845341628e-06,2.829797325e-06,1.395452936e-06,1.362936961e-06,2.356214246e-06,1.565011639e-06,1.025153458e-06,1.615898069e-06,2.97305734e-06,1.205080914e-05,9.853030324e-06,5.073264466e-06,8.192550413e-06,9.841537181e-05,0.0001232617115,0.0003434395899,0.0002717839377,0.0004495801589,0.0005525415684,0.0002866928628,0.0003480791471,0.000265520682,0.0004230606965,0.0002008886958,6.566554651e-05,0.0001657826033,7.773230909e-05,0.0003390670721,0.0002515724062,9.628629164e-05,0.0001875551076,0.0001823463297,6.455708961e-05,5.133225296e-05,4.237396223e-05,1.864184811e-05,3.626595874e-06,9.9338381e-06,4.433908146e-06,2.055675648e-06,9.187762415e-06,1.231574773e-05,7.067646669e-06,1.086118656e-05,2.580043212e-05,5.300262077e-05,9.433589013e-05,0.0003394888218,0.0004371301882,0.0005344909526,0.0006927680685,0.000647045611,0.0007834633769,0.0006293102399,0.0009186292244,0.0006623213579,0.000574179032,0.001584886413,0.001234145419,0.000522530595,0.0002642265752,0.0002329628607,0.0001179107503,0.000120259849,6.328589702e-05,2.111986699e-05,2.744642226e-05,2.353345396e-05,6.964427811e-05,0.0002518449555,0.0001329047649,8.356791488e-05,0.0001174958652,0.0003358509015,0.0002526017054,0.0003497225725,0.0002925346475,0.0004117405877,0.001168385994,0.000597040128,0.001582223174,0.003451774894,0.003834663391,0.002104305334,0.001827241104,0.001313439095,0.000900779094,0.001894885243,0.01101182212,0.009567789123,0.009517663056,0.008429128365,0,0.02455434888,0.006525933053,0.01137857561,0.009834010381,0.01711165945,0.001620898779,0.002279359225,0.003699774551,0.002277029546,0.0009241337532,0.001654055137,0.001532583177,0.000647956297,0.001152111058,0.0009863146855,0.0006975840922
A:154,2.424867574e-05,1.236096219e-05,7.217248179e-05,0.0001205286395,0.0002527139015,0.0001316416196,0.0001314074447,0.0001430692606,0.0001818456209,0.0002591407284,0.0001197043373,0.0001201174902,0.0003603601974,0.0002193013372,0.0002690234003,0.0003561528622,0.0004890628691,0.0001289558821,0.0003190513284,0.0001494325418,0.0001052998974,0.0003376204836,0.002525387963,0.0003892476852,0.0003757680473,0.0002638705135,0.000520435627,0.0003520149862,8.193341162e-05,0.0001385758835,4.913644585e-05,7.030141878e-05,2.414454797e-05,8.003271024e-05,2.774315383e-05,5.088044616e-05,5.443009916e-05,9.222128087e-05,0.0002133383004,6.605988634e-05,5.704606518e-05,2.26517216e-05,2.885220193e-05,5.408174246e-05,7.509858539e-05,0.0008781362964,7.37115681e-05,8.984192616e-05,6.398976844e-05,2.222416655e-05,2.927861761e-05,1.832916631e-05,4.240516551e-05,7.184408436e-05,0.0001186480423,7.657800438e-05,7.475901401e-05,0.0001429204979,1.990353529e-05,7.912188136e-05,9.106326531e-06,3.275145191e-06,2.765848704e-06,3.750983009e-06,7.276075908e-06,8.651598471e-06,5.34055093e-06,6.466908752e-06,1.785645139e-05,7.348569119e-05,4.032033642e-05,1.287734333e-05,2.888946745e-05,0.000585135392,0.0003898739035,0.001932259563,0.0008448119455,0.000615538101,0.001288733275,0.0009459493258,0.0001675788081,0.0001449454186,0.0001823619023,0.0001617346637,3.197107173e-05,6.676068652e-05,6.32307207e-05,0.000258663461,0.0001975406396,5.109347113e-05,0.0001358536404,0.0001653990416,9.531186514e-05,2.127184922e-05,1.673510465e-05,0.0001485103057,8.748023851e-06,5.206744933e-06,2.741966993e-06,4.410430021e-06,2.325080993e-05,2.754478429e-05,2.02119752e-05,3.567433021e-05,6.356660558e-05,0.0001018422812,0.0001898217995,0.0006628995821,0.001056101492,0.00086641071,0.00210372341,0.001817258771,0.0004873346359,0.002354540721,0.0002802363268,0.0006466549361,0.0003507341479,0.001130127636,0.002145914999,0.0002391756338,0.0003631669333,0.0001519005033,5.411439004e-05,4.05972883e-05,2.644475853e-05,1.512376175e-05,5.900779186e-06,8.409394276e-06,1.793773566e-05,9.180292816e-05,6.183411267e-05,2.689482572e-05,4.423961193e-05,0.0001305139727,8.294091441e-05,0.0002184187821,0.0001645057333,0.0001638493677,0.0009948413265,0.000465231944,0.000657051257,0.01015004898,0.002322896829,0.001340371116,0.0005814857909,0.0004640023964,0.001112208662,0.003149809439,0.005840930218,0.004128610282,0.01308282852,0.005482432314,0.02455434888,0,0.01392958318,0.01514977759,0.01020526062,0.008658643191,0.00340646444,0.005544961725,0.004238457657,0.001726006924,0.001610538825,0.002482589653,0.00179535433,0.001455167505,0.001675301464,0.001545766122,0.001210765924
A:155,4.538191325e-05,2.053124134e-05,8.504277774e-05,0.0005065671708,9.931572511e-05,0.000246878863,0.0001229906591,0.0004947808805,0.0003978319277,0.0007027095286,6.621918769e-05,3.219453746e-05,0.0001069975384,0.0003989233718,0.0001426273302,0.000183747801,0.0001562223569,5.538560868e-05,0.0006571179996,7.000754559e-05,0.0001604969886,0.0004052066576,0.0006737836056,5.364301044e-05,5.08604397e-05,4.231650987e-05,0.0001245864436,9.934578895e-05,4.739639705e-05,5.454686174e-05,3.054900097e-05,3.227064167e-05,2.481101178e-05,2.907386975e-05,3.958315219e-06,6.355348181e-06,4.410152752e-05,3.17724332e-05,2.013366895e-05,2.400706955e-05,3.497598814e-05,4.650605779e-05,2.94327522e-05,1.102966022e-05,1.634299684e-05,0.0002877836672,2.500516096e-05,2.345181113e-05,1.620137227e-05,9.044181841e-06,2.232462528e-05,2.549898096e-05,6.561407855e-05,4.853148237e-05,8.185116889e-05,3.252259797e-05,0.0001756138402,0.0002857191694,3.454783196e-05,1.955962149e-05,2.592425442e-06,6.514284209e-07,1.179345689e-06,2.696663542e-06,2.620820356e-06,2.938705346e-06,1.075449923e-06,2.231973672e-06,4.010028808e-06,1.480202598e-05,1.712823879e-05,1.812265758e-05,2.243782525e-05,8.874102557e-05,0.0005864001957,0.0004484654748,0.0004689648217,0.004495605101,0.008085576626,0.004077292835,0.0005098755194,0.0002477756039,0.000172751141,0.0003392173117,0.0001079970527,4.13237754e-05,6.082705129e-05,7.514305234e-05,0.0001950211307,3.605553472e-05,3.814194251e-05,0.0004278399257,0.0005099811165,2.520395017e-05,2.839699329e-05,0.0007117121857,3.113275879e-05,1.499631296e-05,1.481731943e-05,2.96586158e-05,2.243698012e-05,1.082987956e-05,8.483861628e-06,9.434945019e-06,1.76844782e-05,2.635057466e-05,3.08264068e-05,0.0001363962033,0.0005066485983,0.001823866369,0.002756545341,0.01197682405,0.006294576038,0.01225600731,0.002207142559,0.0002115354568,0.0007080153595,0.00265602665,0.0005979791551,0.0001393622837,0.0001600229732,6.65334407e-05,2.656113391e-05,2.295033873e-05,6.856131669e-05,6.184984541e-05,2.326396582e-05,1.893288294e-05,6.423338573e-05,0.0009181021746,0.0002100947595,0.0001735767528,0.0001555033629,0.002138918754,0.0006827976015,0.0003301813126,0.0001663073364,0.0005557471763,0.001907001122,0.001661833182,0.001691042502,0.008174613975,0.005449700684,0.005365708534,0.00043239307,0.0001965617082,0.0006436279191,0.0008854072351,0.003213377261,0.001263999087,0.009136712001,0.01036422673,0.006525933053,0.01392958318,0,0.01143323471,0.005932908826,0.008145146789,0.01064964824,0.005428032603,0.001731078954,0.001759520466,0.000644479139,0.001366108908,0.0005594060976,0.0001991665838,0.0007225211386,0.0006418574425,0.0005920158899
A:156,6.23718285e-05,2.361414092e-05,0.0001058706044,0.0007028063237,0.0001469235519,0.0001231364417,0.0001920984071,0.0001484105138,0.0001618771717,0.0001688590926,3.904595547e-05,2.207918314e-05,6.596674173e-05,0.0001222062585,0.0004255177994,9.661866996e-05,7.471949665e-05,9.995760699e-05,0.0004382035184,0.0003224520846,0.0001236600724,0.0002677458098,0.001465872301,9.751829935e-05,0.0001218423089,8.979491679e-05,0.0001588824497,0.0001244915847,4.173059523e-05,5.368869091e-05,1.646071123e-05,9.237821745e-06,8.56416953e-06,7.622408052e-06,2.085606913e-06,3.01657831e-06,1.678160719e-05,1.083808056e-05,2.212815222e-05,3.118768344e-05,3.699741865e-05,5.835705236e-05,9.913222001e-05,0.0001697224121,0.0001182354258,0.002173180903,7.071295648e-05,0.0001003470344,9.202944522e-05,6.911873776e-05,5.278550059e-05,3.355538271e-05,5.576308856e-05,9.061650429e-05,6.728449547e-05,5.122240194e-05,3.279697874e-05,9.830299149e-05,1.063655333e-05,5.601194223e-06,1.083561363e-06,7.339497906e-07,1.328527886e-06,3.947080215e-06,4.015283153e-06,9.961083486e-06,4.75428484e-06,3.540344806e-06,9.166996264e-06,4.709521707e-05,1.316267207e-05,7.137656392e-06,1.079576474e-05,0.0002822194551,0.0002954120447,0.001126454131,0.001226921917,0.0008780300167,0.006271651814,0.001011721973,0.0003286188819,0.0001685467046,0.0001211285673,0.0001069282311,2.64106519e-05,3.747651557e-05,2.531005522e-05,2.350866236e-05,7.772211999e-05,2.546475545e-05,1.456363787e-05,9.749924641e-05,0.0001307473592,1.680998774e-05,2.072579224e-05,0.0001563018847,9.405316499e-06,2.90364687e-06,4.778433627e-06,1.115579691e-05,1.64985534e-05,1.399582709e-05,8.599733959e-06,1.48746624e-05,5.992447305e-05,4.535062838e-05,0.0001031285962,0.0002813323488,0.0003370357832,0.001270581971,0.0007495334718,0.002387694163,0.0003294252139,0.001264525948,0.0003674668314,0.0005100892693,0.0002616236996,0.001075784663,0.000783900881,0.0002573077531,0.0001462373928,9.230180748e-05,5.413111269e-05,2.841425364e-05,1.643225902e-05,1.407088393e-05,1.427340341e-05,2.880933663e-05,7.033140228e-05,0.000121582196,0.0001324872166,8.425111538e-05,0.0001363712155,0.0002802486395,0.0001148921188,0.0002982126011,0.0001360107966,0.0003114034545,0.0003898561187,0.0009468798707,0.0008337145613,0.003756181509,0.00245066996,0.0005295197814,0.0004742557173,0.0005540029409,0.0003630775546,0.0006941897826,0.001424036931,0.002087644312,0.007408314349,0.008013097088,0.01137857561,0.01514977759,0.01143323471,0,0.01754302146,0.01408229575,0.005088237971,0.01175301682,0.01330970084,0.003280560305,0.001087510906,0.001184818987,0.003783019563,0.0007504533517,0.001545283086,0.001514358724,0.00120370557
A:157,0.0003396410133,0.0001231450481,8.992101608e-05,0.0004387157299,0.0001356052082,0.0001798350275,0.000199583707,8.031121748e-05,6.431341848e-05,8.106295895e-05,5.483248128e-05,5.395859014e-05,0.0001545526961,0.0001825651599,0.0001962268207,7.060395099e-05,0.0002346495858,8.904411784e-05,0.0004737473577,0.0001952701314,7.376238792e-05,0.000178988947,0.001084483457,7.127415133e-05,0.0001011692611,6.18083444e-05,0.0001384454264,0.0001205088467,1.953205128e-05,4.987470916e-05,1.679500941e-05,3.3582244e-05,1.535165235e-05,3.947977795e-05,9.219357712e-06,2.317425343e-05,3.753681817e-05,0.0001392046693,0.0002079984133,0.0002202062577,0.0002354514544,0.000161342954,0.001436993329,0.001875560972,0.001337665964,0.02766665653,0.000454309002,0.0006615649503,0.001182594831,0.0006502007018,0.0006454409109,0.0002248145855,0.0001471065647,6.567943802e-05,0.0001067314189,8.70827401e-05,3.769202217e-05,3.024921204e-05,5.853905319e-06,1.038415095e-05,1.954780872e-06,2.623761769e-06,2.50784766e-06,3.690615651e-06,5.845576659e-06,1.139902586e-05,6.0861006e-06,5.296307475e-06,1.970154883e-05,5.343244459e-05,3.845629606e-05,9.548474222e-06,2.484818497e-05,0.0002620281269,0.0002334137049,0.000656152229,0.0005929548868,0.000389568976,0.0009251056633,0.0003694454535,0.0001199233587,9.449856439e-05,0.0001517922907,7.952502552e-05,2.255463366e-05,6.124756578e-05,5.636420738e-05,8.070541697e-05,3.598079907e-05,3.06726466e-05,3.021023659e-05,2.950951417e-05,4.74129374e-05,4.665376754e-06,5.416272837e-06,6.111582245e-05,4.971024282e-06,3.306937889e-06,3.973136093e-06,7.808061921e-06,4.246504211e-05,4.096208794e-05,2.652911272e-05,4.742838246e-05,0.000116739638,0.000193706193,0.0003381001958,0.0007977318381,0.001333089658,0.0008120582852,0.0007694639065,0.001292794197,0.0007101226542,0.0004421821109,0.0003765224356,0.0003259434765,0.0002284942533,0.000825903626,0.00075721351,0.0001876313179,0.0001256044912,6.953772852e-05,3.632691392e-05,3.588916006e-05,2.361823929e-05,1.125018888e-05,1.155908051e-05,2.158786784e-05,5.174204442e-05,4.471328156e-05,6.566153151e-05,5.6250879e-05,0.0001064477208,0.0001446997491,0.0001044484812,0.0002635590572,0.0001358422837,0.0003134735447,0.0004831644968,0.0005595720974,0.0007297417495,0.000946014713,0.001418568871,0.0008469153539,0.0004044412052,0.0002066960613,0.0002882071945,0.001020207342,0.001007507042,0.002883646688,0.003512060626,0.003257484548,0.009834010381,0.01020526062,0.005932908826,0.01754302146,0,0.01657570672,0.004593639413,0.00736674809,0.01221251875,0.005989911856,0.001801440576,0.002870697711,0.002036551567,0.002284506692,0.001825376459,0.001631909439,0.001564742856
A:158,8.123403328e-05,2.278257828e-05,8.489505649e-05,0.0001450646208,0.000392113192,0.0004263308333,0.0004772894263,0.0001683362607,0.0002258414373,0.000142667336,3.617511058e-05,2.00694962e-05,8.476802601e-05,0.0001087484786,0.0001190448495,7.440958391e-05,0.0002606774618,8.12430194e-05,0.000142390328,0.0002403519972,3.554164644e-05,0.0001005230658,0.002098526572,6.452750841e-05,0.000145882773,8.748213733e-05,0.0001557130483,0.000188697281,3.784071244e-05,5.492222562e-05,1.5819246e-05,3.60736213e-05,2.766809179e-05,3.025252771e-05,7.330560495e-06,3.119721524e-05,7.409068951e-05,9.394809523e-05,0.000161620743,0.0001750811109,0.0001925321305,0.0001545751029,5.836957668e-05,0.000150956518,0.0001179745263,0.002081349889,7.212751596e-05,0.0001025422431,9.111939146e-05,6.621313067e-05,2.395619119e-05,3.662469827e-05,5.38858213e-05,3.547102778e-05,0.0003528303625,0.0002361872678,7.606839222e-05,0.0002001754396,1.948801622e-05,2.408621979e-05,4.430062337e-06,3.772451482e-06,6.075936535e-06,1.004147247e-05,1.76032806e-05,2.930060096e-05,1.584713737e-05,1.492435214e-05,5.375164464e-05,0.0001545859908,8.321791189e-05,2.412657975e-05,6.17630777e-05,0.000874265899,0.0007093173324,0.003422220627,0.002585047822,0.00053381455,0.00206517226,0.0002950832445,0.0001680048137,3.268735541e-05,6.311629959e-05,4.124962273e-05,2.053551306e-05,1.175860587e-05,1.871099248e-05,3.595941627e-05,5.461685536e-05,8.969389515e-06,1.802380606e-05,8.503991865e-05,3.560882156e-05,6.060404683e-06,5.467163899e-06,9.351648407e-05,1.335385783e-05,5.984954988e-06,8.640859511e-06,1.034360511e-05,6.426635039e-05,3.206829963e-05,5.156589302e-05,5.592676483e-05,9.827394194e-05,0.0001231084215,0.0002521983739,0.0005744793409,0.001221964079,0.001493398322,0.00313879459,0.007632660818,0.001474889184,0.0007952678917,0.000485369618,0.0001667023793,0.0001841195216,0.0003791614883,0.0006387550919,7.086621096e-05,9.832486282e-05,3.734868659e-05,1.93204689e-05,1.125444312e-05,9.814627405e-06,1.29774232e-05,5.958460462e-06,9.913187535e-06,1.823561143e-05,3.348441642e-05,3.912611808e-05,2.275868148e-05,3.874594779e-05,0.0001461180464,4.12321118e-05,0.0001180434945,6.118630577e-05,0.0001118750765,0.000172201403,0.0003069940249,0.000344642928,0.002161177692,0.0006557818821,0.000760597477,0.0002520006187,0.0001882759001,0.0003898003856,0.001158474537,0.002847459321,0.001655926188,0.001696303305,0.00184914072,0.01711165945,0.008658643191,0.008145146789,0.01408229575,0.01657570672,0,0.006024522758,0.009143665605,0.01167498396,0.008755335194,0.007096440941,0.00599110103,0.002283424699,0.0008603377102,0.003163240931,0.002423869094,0.00236273317
A:159,0.0001408712646,4.096123937e-05,0.0004391099714,0.0008804387816,0.0004058486977,0.002060993224,0.002523130304,0.0004957492121,0.0004926387241,0.0008220840755,8.984786432e-05,3.802987038e-05,5.82503433e-05,0.0004724210462,8.321165712e-05,0.0003871223917,2.60413019e-05,1.920633795e-05,6.542618215e-05,9.083728322e-05,1.448961646e-05,3.762436935e-05,0.0001421774381,9.884971743e-05,1.405407312e-05,2.367539026e-05,2.714588651e-05,3.392932978e-05,9.560790611e-06,1.187205697e-05,9.772010487e-06,4.178175971e-06,1.923996517e-05,2.274357943e-05,8.150113984e-06,2.955856691e-05,7.963175205e-05,8.239426008e-05,0.0001562882397,0.0001021119488,9.097339638e-05,0.0001099027751,7.297018105e-05,1.715580271e-05,8.20205316e-06,0.0001799708452,7.444041638e-06,6.332228221e-06,1.806428419e-05,1.840151179e-05,7.311878386e-05,7.681789395e-05,0.0001466070059,0.0001863621287,0.0004163995209,0.0004282382128,0.000316316004,0.0003293820855,3.70455678e-05,3.82297101e-05,4.21915331e-06,4.412569052e-06,9.994062487e-06,1.529915141e-05,1.781535736e-05,2.634859161e-05,8.927788603e-06,6.393869521e-06,2.485839345e-05,0.0001103913388,3.784576297e-05,2.888322394e-05,3.410683621e-05,0.0005134402099,0.00100231832,0.003568805826,0.006874308706,0.007819811326,0.006800385652,0.005207735179,0.0004291561881,0.000580511352,0.0001255273324,0.0001276525167,3.454688819e-05,6.563878831e-06,5.871353012e-05,5.521976161e-05,0.0003577876528,5.470685487e-05,4.340385727e-05,0.0003643466872,0.0005594926675,1.803231255e-05,2.194797418e-05,0.0005512062891,9.163691444e-05,1.370686121e-05,2.732531884e-05,4.882874633e-05,0.0001588012825,3.0362696e-05,4.374004154e-05,3.851247318e-05,7.940908898e-05,0.0001750282328,0.0001711377472,0.0002742595209,0.002316128568,0.008755251681,0.008157700127,0.007790007822,0.001925760811,0.00244063771,0.0007760984256,0.000105615771,0.0001717208478,0.0001841300854,0.0001331059782,2.266909926e-05,3.448067742e-05,1.71337085e-05,1.084506514e-05,1.201265149e-05,2.487023901e-05,2.992172439e-05,1.492882519e-05,2.477985297e-05,8.670865368e-05,0.0004629247474,0.0003352356023,6.311248124e-05,0.0001205191732,0.001021036685,0.0001878754677,0.0001685772156,8.39606754e-05,0.0002297689851,0.002596602327,0.0005723332519,0.000628944944,0.0008630242933,0.0002774247369,0.0006698166391,0.0001152805365,0.0001064658691,0.0001662696257,0.0003368602161,0.0003830051508,0.0004907855866,0.0006796935026,0.00117465838,0.001620898779,0.00340646444,0.01064964824,0.005088237971,0.004593639413,0.006024522758,0,0.004823340211,0.004505693646,0.004956124652,0.006972381878,0.002967925789,0.001256810263,0.001562641534,0.0009154518005,0.001414165256,0.001370799954
A:160,0.0003990924558,0.0005531199705,0.002727256092,0.0173121243,0.000688623727,0.0008032235903,0.0006623152978,0.0003366883567,0.0003044312113,0.0001958758989,5.718429291e-05,3.569491798e-05,7.320880791e-05,9.002503437e-05,0.0001772168081,0.0001278554142,6.322471578e-05,4.032636328e-05,5.772455938e-05,0.0001387176839,1.451281019e-05,1.314028939e-05,0.0002767868367,0.0001103583857,3.21784573e-05,1.79490974e-05,3.923167047e-05,6.16277247e-05,1.640691936e-05,1.712341793e-05,8.122523787e-06,9.198876536e-06,1.642075993e-05,3.940735862e-05,8.434283916e-06,4.616400165e-05,7.362555733e-05,0.0001654210576,0.0001254017785,0.0001661083973,0.0003070055698,0.000184614508,7.636403987e-05,0.0003054114004,8.579073284e-05,0.0006748292672,3.878703143e-05,5.486844882e-05,7.72632903e-05,0.0001637295694,0.000642222717,0.0005874983275,0.001315722528,0.0009598562977,0.0008408223946,0.0004106537457,0.0001495057989,0.0002273919231,2.507893774e-05,3.134871561e-05,8.153052332e-06,1.128911931e-05,9.092913879e-06,1.016537658e-05,1.509111682e-05,3.600575955e-05,2.180107243e-05,1.471514665e-05,5.898113467e-05,7.914575009e-05,8.940423425e-05,3.745254565e-05,7.256058579e-05,0.0004515612045,0.0004267151651,0.005031004098,0.008057520518,0.001855906829,0.000868346285,0.0008224972222,0.0001048921371,8.747957489e-05,6.554857799e-05,4.190471516e-05,1.779969973e-05,2.2460137e-05,4.57212461e-05,3.475385678e-05,4.580265656e-05,1.203349261e-05,1.909701522e-05,8.479931161e-05,0.0001009209444,1.453613026e-05,1.4061282e-05,0.0001148936187,2.494384208e-05,1.12705374e-05,1.38946959e-05,1.497763089e-05,0.0001257632138,6.82854108e-05,3.288534421e-05,5.81458344e-05,0.000195087645,0.0002542626413,0.0003947918174,0.0009836173175,0.001930237808,0.003552569287,0.001642489568,0.002183050533,0.0005694049231,0.0006090484077,0.0002683642651,0.0002609839042,0.000133353249,0.0007297896844,0.0003255915583,0.0001110415766,5.371419571e-05,3.024585897e-05,2.352238567e-05,2.73903595e-05,1.557518193e-05,1.069007974e-05,1.204864632e-05,3.009717556e-05,6.855465049e-05,0.0001740565098,0.0001380372048,7.116134325e-05,0.0001134788616,0.0002027578457,5.704330731e-05,0.0001622614644,5.558702392e-05,0.0002079443793,0.001102208139,0.0007140307013,0.0006247790556,0.001472953894,0.001331114269,0.000316470976,0.0001286411911,0.0001284399869,9.589576059e-05,0.0002423414077,0.000433680191,0.0008947583248,0.002056650072,0.000471857645,0.002279359225,0.005544961725,0.005428032603,0.01175301682,0.00736674809,0.009143665605,0.004823340211,0,0.01811827277,0.009431477158,0.01116709709,0.01000984843,0.01212401573,0.004267980592,0.001664892434,0.002125632611,0.003777127491
A:161,0.0001002972845,2.979423567e-05,0.0001043302387,0.0008005691764,0.000381616972,0.0005366148593,0.0005139391548,0.0004161083358,0.0002858151895,0.0001195664816,3.477165474e-05,3.944218792e-05,0.0001010963678,0.0001176268095,0.0001487225121,9.310393137e-05,0.0001752796062,3.792443767e-05,3.49315783e-05,0.0001343366926,1.343775172e-05,1.78225182e-05,0.0006001880175,0.0001209520081,2.734768453e-05,1.669798165e-05,2.466358209e-05,3.940731371e-05,8.762743336e-06,1.397380161e-05,4.331929981e-06,1.442550232e-05,1.658344394e-05,3.499827855e-05,1.01324123e-05,4.465620209e-05,0.0001285847378,0.0002245933011,0.0002244759442,0.000185878444,0.0001218397668,4.891504964e-05,5.991953519e-05,6.7638071e-05,5.456903515e-05,0.001313142738,2.801311774e-05,3.686254942e-05,5.153975494e-05,2.944241943e-05,8.338230153e-05,2.195897073e-05,8.875148261e-05,5.417648847e-05,0.0003612127473,0.0001530613927,0.0001166800687,0.0002557719394,2.274161271e-05,3.35686381e-05,8.536765871e-06,7.625097018e-06,5.76746229e-06,7.008476978e-06,1.138420641e-05,2.68868476e-05,1.285709468e-05,9.256328266e-06,4.656912699e-05,0.0001064576499,9.34234497e-05,2.240060964e-05,5.808916056e-05,0.0005536842987,0.0006262059328,0.001455489445,0.00218337946,0.0008786490618,0.0008397924602,0.0003678193342,7.930144332e-05,4.555547924e-05,7.451993685e-05,3.802689098e-05,1.2601915e-05,2.230497912e-05,3.44375653e-05,3.238287476e-05,2.472288835e-05,1.573119576e-05,2.14665596e-05,3.046519686e-05,1.99012168e-05,1.610459451e-05,1.757940129e-05,4.023224902e-05,1.753522385e-05,1.087126896e-05,1.547415501e-05,2.591834089e-05,0.000232651871,9.124153721e-05,0.0001028000315,0.0001333457026,0.0004109115984,0.0008016771078,0.001238435834,0.002175175005,0.004221202778,0.002416388925,0.001058618642,0.000533251193,0.0005967068615,0.0002703672844,0.000203143108,0.0002363936621,0.0001263095785,0.0004808738185,0.0002949695759,7.54569823e-05,4.015230124e-05,2.046789659e-05,1.656851222e-05,1.857297081e-05,1.542339487e-05,1.024271518e-05,1.038443852e-05,2.532023264e-05,4.716584106e-05,4.736018523e-05,7.233255767e-05,5.806550398e-05,9.381992771e-05,0.0001085264297,4.773638516e-05,0.0001621229091,4.498169905e-05,0.0002240715152,0.0004065171293,0.0006583238149,0.0004942942363,0.0007203918881,0.001039491701,0.0003304687328,0.0001361714669,7.502072018e-05,0.0001325883126,0.0003711173284,0.0007350059252,0.0009518228497,0.001361416972,0.0009138534163,0.003699774551,0.004238457657,0.001731078954,0.01330970084,0.01221251875,0.01167498396,0.004505693646,0.01811827277,0,0.01206316135,0.007106233722,0.01414282993,0.01444197664,0.008379036655,0.008845330138,0.006228833804,0.006172997778
A:162,0.0001336159546,2.127282516e-05,0.000362328691,0.0006585125321,0.001156442657,0.0005027109416,0.0004708181757,0.000812447337,0.0007549687814,0.0003896930322,8.872810789e-05,2.993700912e-05,3.629732731e-05,0.0002220938829,3.702543137e-05,0.0004472783621,1.997270448e-05,1.628482689e-05,3.911191485e-05,3.436786686e-05,2.314312746e-05,2.868619715e-05,0.0002083400909,0.0001613985631,2.125460978e-05,1.890905012e-05,3.746058688e-05,5.348956742e-05,1.11261642e-05,9.45349186e-06,5.549797368e-06,2.968761762e-06,1.372465346e-05,1.936563351e-05,9.001858257e-06,4.167611142e-05,8.63256143e-05,0.0001258248462,0.0002090132464,0.0001041123042,6.396792319e-05,7.545610446e-05,0.0001101488433,7.614841864e-05,2.942536261e-05,0.0007992858397,1.027657882e-05,1.194036424e-05,1.718182007e-05,2.943653914e-05,3.146332063e-05,2.489867445e-05,0.0001175129155,0.0001197900869,0.0002741531987,0.0001364806079,0.0001531722148,0.0002542985947,2.189351907e-05,3.331170083e-05,6.587483487e-06,8.232941537e-06,1.007112153e-05,1.24525607e-05,1.99838471e-05,3.528547001e-05,1.347221559e-05,1.12753123e-05,6.716904162e-05,0.0001094272592,6.191303932e-05,2.326824824e-05,5.462154777e-05,0.0006941470219,0.0004999690721,0.007890637913,0.007019074115,0.005670265175,0.0008670543025,0.0009585377052,0.0002473991567,9.14767358e-05,5.220568013e-05,2.287798886e-05,1.452466009e-05,5.708435992e-06,2.417063709e-05,2.664459688e-05,0.0001309287897,1.60338867e-05,2.895239596e-05,8.388190228e-05,3.533390887e-05,1.141550188e-05,1.884341489e-05,0.0001036282188,5.269408112e-05,2.554312596e-05,4.279704469e-05,3.21672768e-05,0.0008099662484,4.581306037e-05,0.000128743223,6.300823919e-05,0.0001964838584,0.0006517283221,0.0005444072228,0.001090900979,0.005908590914,0.007705723382,0.01209184238,0.00726092128,0.0003015522847,0.00119192946,0.0006399677856,4.276879616e-05,7.868116977e-05,0.0002164143098,0.000119025211,2.368153161e-05,2.343980897e-05,9.348625445e-06,6.52343888e-06,1.157591644e-05,6.003306497e-06,6.316929591e-06,9.406596319e-06,2.018527842e-05,5.548372313e-05,0.0003476302842,0.0002504709049,3.532098463e-05,8.149287705e-05,0.0003975747126,0.0002068578634,7.398312715e-05,7.312569851e-05,0.0001384458989,0.003034228518,0.0001897809057,0.001099296177,0.0007331724006,0.0004737567861,0.0002520478282,0.0001535188795,8.43305975e-05,0.0001283519821,0.0003372885107,0.0002951218671,0.0006281968241,0.0008307567012,0.0005306216977,0.002277029546,0.001726006924,0.001759520466,0.003280560305,0.005989911856,0.008755335194,0.004956124652,0.009431477158,0.01206316135,0,0.01419738266,0.007201728694,0.006524684542,0.009111910466,0.005856411697,0.003310782983,0.003734823902
A:163,9.898617817e-05,5.097461306e-05,0.0006780171757,0.003959038045,0.0005849170815,0.0009312861555,0.0004763739305,0.0003559390815,0.0002001492195,0.0002523660248,6.068469665e-05,4.227071149e-05,4.114427803e-05,0.0001369965602,2.450979653e-05,0.0002840266054,1.920654083e-05,7.629323109e-06,3.231141556e-05,1.950645117e-05,2.61319821e-05,2.596655833e-05,4.786050187e-05,8.762895995e-05,3.473732423e-05,2.857563601e-05,3.585014892e-05,4.293082888e-05,8.473674125e-06,5.18481228e-06,4.194114075e-06,1.6075499e-06,1.436202615e-05,2.912693217e-05,9.687405985e-06,6.026393031e-05,0.0001193646653,0.0002122186832,0.0002214755318,0.0001002202189,0.0002039292247,5.532088751e-05,4.603363763e-05,8.078485238e-05,2.936371505e-05,0.0001554371626,5.702120882e-06,1.211987956e-05,2.036959176e-05,5.062386504e-05,0.0001835434882,0.000201653033,0.0005517066055,0.0005542713228,0.0006866454814,0.0002631615413,0.0002324146442,0.0003262328417,4.570183505e-05,2.568584185e-05,9.934899367e-06,1.026877746e-05,1.07549542e-05,1.358654916e-05,2.130288869e-05,7.118750619e-05,4.843600133e-05,4.612605279e-05,0.0001284676671,0.0001062814446,0.0002552551769,0.0002286915244,0.0002019887476,0.0003624658186,0.002912629267,0.01328409991,0.005999902365,0.00528494176,0.0006489747508,0.001524728411,0.0002850680092,5.573394848e-05,2.991625548e-05,8.941480673e-06,8.116810922e-06,4.874140148e-06,2.388005662e-05,2.980700366e-05,0.0001011833801,1.57653682e-05,2.814237193e-05,7.99431168e-05,0.0001258306444,1.76372544e-05,2.456337718e-05,0.0001197763974,3.997432468e-05,3.75067564e-05,3.307830927e-05,4.275445278e-05,0.00106822913,6.172380246e-05,5.553305947e-05,0.0001713753206,0.0003128813687,0.0008423067957,0.000668597199,0.001012623984,0.009603260493,0.0111477725,0.006593563842,0.0005170497964,0.0009982486651,0.0002652325676,0.000122387785,3.970733442e-05,4.32477344e-05,0.0001949306999,9.739266581e-05,2.389309711e-05,1.649532972e-05,7.775050672e-06,7.119675532e-06,1.224951641e-05,7.494333838e-06,6.174246931e-06,5.249848298e-06,1.403286403e-05,2.752366654e-05,8.458166403e-05,6.441485159e-05,2.115360616e-05,2.965278624e-05,0.0002472758985,4.731548449e-05,4.63887667e-05,2.36657799e-05,7.307869425e-05,0.0006568327229,0.0006347640809,0.0001752426543,0.0009033620568,0.0003502636744,0.0001469745199,0.000165318151,8.852699807e-05,0.0001055451411,0.0002248292951,0.0001490620581,0.0005536520011,0.0007233797567,0.0001069677207,0.0009241337532,0.001610538825,0.000644479139,0.001087510906,0.001801440576,0.007096440941,0.006972381878,0.01116709709,0.007106233722,0.01419738266,0,0.01019952694,0.006461747527,0.006485874454,0.006515554893,0.006876707678,0.005002608138
A:164,1.003565174e-05,3.20588534e-05,3.674694906e-05,0.0005075942316,0.0001588588343,0.0003060173208,0.0003490735602,0.0003606981306,0.0002638624556,0.0001753869443,6.062984859e-05,3.718450448e-05,5.206156201e-05,9.468335045e-05,8.791434859e-05,0.0001102740055,4.742421349e-05,2.585814279e-05,1.647801677e-05,7.017903953e-05,1.612916845e-05,4.908415358e-06,0.0001533980895,4.656848371e-05,7.197124691e-06,4.053771988e-06,9.681824377e-06,2.532589947e-05,6.111570945e-06,4.693016584e-06,2.004973278e-06,4.403345566e-06,7.231025221e-06,1.961413006e-05,7.611417661e-06,3.220457815e-05,0.0001030133892,0.0001558475159,0.0001104576851,4.725444169e-05,3.54839291e-05,3.306816129e-05,2.335869747e-05,1.871897527e-05,1.529218623e-05,0.0003836319516,8.745596815e-06,1.420896096e-05,1.372169837e-05,8.176457955e-06,1.415903353e-05,3.765201778e-05,3.07934286e-05,2.947908244e-05,0.0002027524505,8.578033975e-05,0.0001124472265,0.000269483233,2.073809355e-05,3.069752912e-05,7.331964088e-06,6.776994394e-06,4.336107298e-06,5.27698027e-06,9.328428857e-06,2.432602516e-05,1.150852153e-05,1.026215164e-05,5.823404167e-05,7.131402338e-05,8.320438876e-05,2.68497796e-05,6.716124052e-05,0.0002982431156,0.000719231652,0.001920817071,0.001293384545,0.001373602713,0.0005362097864,0.0004926048352,0.0001479065782,4.30692757e-05,3.972983455e-05,1.838991817e-05,1.111563253e-05,7.894503357e-06,2.84926407e-05,2.855353358e-05,4.869180958e-05,1.242059666e-05,2.670774211e-05,5.825589329e-05,5.456487381e-05,1.897112351e-05,1.891987838e-05,8.37614394e-05,4.207686549e-06,1.09410062e-05,1.826911554e-05,2.69618318e-05,0.0001332072166,3.264850869e-05,9.882490752e-05,8.227098488e-05,0.0002346866863,0.0003506286911,0.0006719751656,0.0007041423126,0.001447975947,0.002865916327,0.0009893414767,0.001137042462,0.0006317564265,0.0002572096196,0.0001920141993,0.0001212960881,9.252565151e-05,0.000359326519,0.0001204368634,3.9361459e-05,1.550174718e-05,7.808897967e-06,7.334017754e-06,1.189275777e-05,1.041389194e-05,5.442875468e-06,7.097672382e-06,1.797972591e-05,3.164582642e-05,6.837829529e-05,5.780346769e-05,4.039711556e-05,5.802832622e-05,0.0001080393465,2.433232267e-05,7.613378617e-05,1.458910423e-05,0.0001143814175,0.000462190254,0.0004337921716,0.0003282252358,0.0009317849447,0.0006980596722,0.000218109052,0.0001329879017,7.424802948e-05,6.823091243e-05,0.0001319559696,0.0002288721556,0.0004861284552,0.0007656493229,0.0001937255216,0.001654055137,0.002482589653,0.001366108908,0.001184818987,0.002870697711,0.00599110103,0.002967925789,0.01000984843,0.01414282993,0.007201728694,0.01019952694,0,0.02053566848,0.009309385928,0.01362832946,0.01100723147,0.02213019757
A:165,7.356150409e-05,2.487696125e-05,0.0001903425083,0.001042873221,0.0001951251112,0.0002918001409,0.0001641339255,0.0001647824541,0.0001033821684,6.157615376e-05,2.368102237e-05,1.676994893e-05,2.315599154e-05,3.476070289e-05,3.388488139e-05,4.030325365e-05,2.420485427e-05,1.275967471e-05,1.028661115e-05,4.005745536e-05,1.280740074e-05,3.529848381e-06,0.0001423089185,7.610296998e-05,6.962423835e-06,4.961025695e-06,7.559045119e-06,1.582655849e-05,3.609228238e-06,2.660846731e-06,1.168618164e-06,2.338195121e-06,4.083200099e-06,9.338743114e-06,4.625177087e-06,1.976805559e-05,6.339122239e-05,0.0001024460047,0.0001256051849,7.231184774e-05,4.916075439e-05,2.815700616e-05,4.587431248e-05,3.199648236e-05,7.755947674e-06,0.0002319037441,3.650478209e-06,3.130612029e-06,4.455396353e-06,1.267221547e-05,3.048046369e-05,1.243829136e-05,8.938639647e-05,6.943887304e-05,0.0002597321752,0.0001049965458,5.113865582e-05,0.0001151190417,9.437930677e-06,1.466416314e-05,3.860966434e-06,3.25494261e-06,2.30378929e-06,2.710673748e-06,4.353233234e-06,1.197364921e-05,4.078547169e-06,3.608196377e-06,2.76733612e-05,3.270810456e-05,2.770385558e-05,1.348796362e-05,2.884222379e-05,0.0001376476997,0.0003033024012,0.0004517344676,0.000722778348,0.0006305773622,0.000403213886,0.000153423737,6.789040378e-05,1.85191181e-05,1.215573324e-05,6.203426451e-06,3.998618974e-06,2.820684395e-06,1.121347633e-05,1.353363528e-05,1.999539488e-05,4.910725708e-06,1.422631203e-05,2.317996583e-05,1.689554776e-05,9.549120873e-06,9.71497179e-06,2.623902674e-05,5.031777042e-06,8.456997343e-06,1.385339381e-05,1.884664321e-05,0.0001804006286,3.099373659e-05,7.427084829e-05,5.534978411e-05,0.0002313294129,0.0003467039856,0.0005858375346,0.0008475366849,0.001492796402,0.002293088032,0.0003761248321,0.0004413413712,0.0002189526684,0.0001222931578,5.936851345e-05,4.536147795e-05,3.816718374e-05,0.000145758766,6.345490284e-05,1.690670034e-05,7.723132204e-06,3.534462305e-06,3.258598443e-06,5.106643283e-06,4.183775197e-06,2.595685047e-06,2.640283442e-06,7.060539298e-06,1.143941068e-05,1.827184915e-05,1.563473637e-05,1.393983742e-05,1.910703633e-05,3.515722301e-05,1.191365576e-05,2.925200099e-05,1.006237423e-05,3.639151205e-05,0.000292631906,0.0001272945089,8.332804051e-05,0.0004340581472,0.0002802220408,0.0001289863473,8.601912129e-05,3.881644496e-05,4.843533512e-05,9.734564603e-05,0.0002010196532,0.000313045383,0.0006927123183,0.000184176783,0.001532583177,0.00179535433,0.0005594060976,0.003783019563,0.002036551567,0.002283424699,0.001256810263,0.01212401573,0.01444197664,0.006524684542,0.006461747527,0.02053566848,0,0.01110479875,0.01507694199,0.01338355676,0.01358907041
A:166,7.728393832e-05,2.655961156e-05,0.0003991834859,0.001602633938,0.0002290401778,0.000872036267,0.0004430917857,0.0004433091308,0.0002478175108,0.0002013987236,3.768966891e-05,2.616077277e-05,3.104764999e-05,0.000102849321,1.228193629e-05,0.0002232516853,2.354050587e-05,3.225341779e-06,2.57194537e-05,9.484999938e-06,2.02932929e-05,2.091632518e-05,3.959222161e-05,8.806355497e-05,2.154812282e-05,2.056439117e-05,1.575356919e-05,1.687987581e-05,4.637780188e-06,1.50394938e-06,1.327395325e-06,4.686897344e-07,7.20878795e-06,1.485264783e-05,7.456046764e-06,3.865455722e-05,0.0001161181164,0.0001585503468,0.0002612318209,0.0001049917706,0.0001394370958,3.592116514e-05,4.51498209e-05,5.606727742e-05,2.675685286e-05,0.0002353032853,1.791735472e-06,6.555854495e-06,1.345765296e-05,4.282827686e-05,5.64906066e-05,6.057473624e-05,0.0002944296261,0.0002806825303,0.000664203783,0.000309612629,0.0002506372391,0.0004000889828,3.837086098e-05,2.5039123e-05,7.723781064e-06,9.858447301e-06,1.09289972e-05,1.401811297e-05,1.831496592e-05,5.969895521e-05,2.207961579e-05,2.157934255e-05,0.0001665202683,8.459110491e-05,0.0001027002764,0.000188910318,0.0001769230893,0.0002422966255,0.002281040274,0.004743990874,0.003999381283,0.002122000889,0.0007013787194,0.0005473600749,0.0001192194753,4.707355055e-05,1.140703179e-05,8.547292213e-06,2.067253508e-06,1.901185608e-06,1.455664779e-05,3.177131267e-05,6.283219239e-05,9.540014617e-06,2.282376172e-05,9.903934652e-05,4.627672479e-05,9.894895623e-06,1.741379392e-05,0.000197735272,0.0001384820271,5.060801304e-05,0.0001010425212,7.8545492e-05,0.001858716681,0.0002967824365,0.0004661666897,0.0001615243864,0.001591121353,0.002956413167,0.003128643136,0.01347092742,0.009493644615,0.007757865287,0.006364845561,0.0002460033663,0.0007076262888,0.000338331412,0.0001163964486,1.980402139e-05,1.575652078e-05,3.185605637e-05,1.735873585e-05,3.263415118e-06,3.179010701e-06,1.623089456e-06,1.235732647e-06,4.168344799e-06,3.131127832e-06,1.383042284e-06,2.357701822e-06,8.477413011e-06,1.514757139e-05,5.658159618e-05,4.451173701e-05,1.18077586e-05,1.622643207e-05,0.0001358248242,3.891453014e-05,2.889414564e-05,9.160059188e-06,6.338027546e-05,0.0005001335159,0.0006225061378,0.0002023466376,0.0001788575785,6.244056335e-05,3.279916998e-05,5.702331789e-05,2.513625545e-05,4.097013861e-05,9.964024232e-05,0.0001340577916,0.0002036566835,0.000525536736,8.669836174e-05,0.000647956297,0.001455167505,0.0001991665838,0.0007504533517,0.002284506692,0.0008603377102,0.001562641534,0.004267980592,0.008379036655,0.009111910466,0.006485874454,0.009309385928,0.01110479875,0,0.008983578942,0.008156165217,0.008977444616
A:167,1.519151319e-05,5.216644891e-06,2.964783489e-05,9.821031784e-05,5.748458063e-05,9.463802367e-05,9.098564258e-05,0.0001034112063,8.70928481e-05,3.008081045e-05,1.688039446e-05,9.715165149e-06,1.086060383e-05,1.482416503e-05,1.406631547e-05,2.018434508e-05,5.707860032e-06,6.479234977e-06,1.628595865e-05,1.541832327e-05,9.132493577e-06,7.881705178e-06,6.428708013e-05,1.834500716e-05,7.234157756e-06,5.870985054e-06,5.157107823e-06,1.010299524e-05,2.204913263e-06,1.201460562e-06,4.822203299e-07,8.164391889e-07,1.26857638e-06,4.020939214e-06,1.948352261e-06,7.224622208e-06,2.460737717e-05,4.134908661e-05,3.607576333e-05,1.966936171e-05,1.003989821e-05,8.414614907e-06,1.560179769e-05,1.565251787e-05,1.297764358e-05,0.0001433878313,4.093771992e-06,7.202558334e-06,1.013895616e-05,1.028438185e-05,4.071693069e-06,6.813874022e-06,1.279030545e-05,1.345828301e-05,5.044938132e-05,2.632327319e-05,2.349102895e-05,4.858029845e-05,3.455797772e-06,7.111447739e-06,1.667560355e-06,1.204417528e-06,7.627012168e-07,8.414820211e-07,1.102458437e-06,3.628392593e-06,7.973285868e-07,9.964162107e-07,9.540707184e-06,7.051973278e-06,6.164022854e-06,1.220482157e-05,1.506475794e-05,3.369576752e-05,8.315684935e-05,0.0003461240725,0.0004033897815,0.00023298436,0.0002610248484,9.6619367e-05,3.58634198e-05,1.339097834e-05,6.845458175e-06,3.757089294e-06,2.086938702e-06,1.607332813e-06,5.757241251e-06,7.635534117e-06,8.561179107e-06,2.995412949e-06,7.956480448e-06,1.189338804e-05,6.076154121e-06,6.666887921e-06,6.592073445e-06,1.379016124e-05,5.045964438e-06,5.94319305e-06,1.099987989e-05,1.71389716e-05,6.15001363e-05,3.403047449e-05,5.060059009e-05,4.558127694e-05,0.0002331171004,0.0002652609378,0.0005885056943,0.000907330074,0.0006822540906,0.0008372053597,0.0008811111766,0.0003104219578,0.0001145523676,0.0001362444088,4.184450528e-05,2.694933599e-05,2.231457534e-05,7.976459996e-05,2.879380052e-05,7.302778714e-06,2.998457605e-06,1.36211049e-06,1.451931766e-06,2.524270134e-06,2.499078455e-06,1.855343824e-06,2.341241269e-06,5.127744214e-06,7.475461709e-06,1.084662104e-05,1.338831314e-05,1.004791984e-05,1.409753695e-05,1.815559703e-05,7.821756122e-06,2.18090126e-05,6.168911598e-06,3.553693058e-05,5.842554036e-05,0.0001000134622,0.0001023890642,0.0004593289885,0.000194033155,0.0001104395114,8.027180313e-05,3.596378416e-05,3.440142321e-05,6.284860317e-05,0.0001375448856,0.0002185023685,0.0005345329883,0.0001529580574,0.001152111058,0.001675301464,0.0007225211386,0.001545283086,0.001825376459,0.003163240931,0.0009154518005,0.001664892434,0.008845330138,0.005856411697,0.006515554893,0.01362832946,0.01507694199,0.008983578942,0,0.03190150195,0.02762560503
A:168,3.024591001e-05,1.046130878e-05,8.379729959e-05,0.0001794269602,0.0001762675071,0.0002650948135,0.0002347435347,0.0001918232586,0.0001364594087,5.19891453e-05,2.119579806e-05,1.211924956e-05,1.361802259e-05,2.378174324e-05,1.89329692e-05,3.454919943e-05,1.111478964e-05,7.263074482e-06,1.35883025e-05,1.891140805e-05,8.693396233e-06,5.155101294e-06,4.620087349e-05,3.085027988e-05,4.420750491e-06,3.708061758e-06,3.133308646e-06,6.906961287e-06,1.772640113e-06,8.975387017e-07,3.627338393e-07,8.930917019e-07,1.492833315e-06,4.518984664e-06,2.756989934e-06,1.031668822e-05,4.288372746e-05,6.720352085e-05,8.330678417e-05,4.657475887e-05,3.504494166e-05,2.096246628e-05,2.754893659e-05,1.951459835e-05,9.282521261e-06,0.0001090369182,2.904226259e-06,3.804479784e-06,6.443873656e-06,1.169268054e-05,6.826070697e-06,7.021905973e-06,4.198862716e-05,4.131806479e-05,0.0001546093629,7.382484611e-05,5.35606652e-05,9.944823404e-05,7.78347193e-06,9.264697628e-06,2.716057029e-06,2.60170872e-06,1.569422014e-06,2.424901685e-06,3.906603461e-06,1.14058515e-05,6.58719768e-06,6.330938436e-06,3.487745425e-05,3.713844164e-05,4.127778123e-05,2.871849595e-05,6.05668667e-05,0.0001279991388,0.0003490569062,0.0006681763059,0.0008719296169,0.0005282400959,0.0004045010553,0.0001591939815,5.436024725e-05,1.788209236e-05,9.918097286e-06,4.32697822e-06,2.317030132e-06,2.339052152e-06,6.355767241e-06,7.648331985e-06,1.269439983e-05,4.636990966e-06,7.306637111e-06,1.516514603e-05,1.126328376e-05,6.920809393e-06,6.655538309e-06,2.055830901e-05,6.371939637e-06,3.56295219e-06,7.998209961e-06,1.868272625e-05,3.598168613e-05,1.802791899e-05,4.482404594e-05,4.22092933e-05,0.0001156635971,0.0001565738462,0.0004029706563,0.0006475531856,0.0007925447321,0.001121582793,0.0005450662934,0.0003682020217,0.0001884334875,0.0001299430587,4.902984022e-05,2.972945634e-05,2.242328829e-05,6.225231103e-05,2.091700101e-05,5.697502713e-06,2.123684861e-06,1.039880835e-06,1.160835506e-06,2.23708493e-06,2.530969934e-06,1.438684654e-06,1.904282671e-06,4.03445317e-06,5.714542455e-06,1.009639071e-05,1.191275712e-05,9.971045017e-06,1.373756021e-05,2.424092698e-05,9.682224473e-06,1.988707628e-05,6.3215491e-06,3.786666527e-05,7.78232385e-05,0.0001413756626,0.0001095079015,0.0003869002905,0.0001616093742,9.063922089e-05,5.746610084e-05,2.698284055e-05,2.294601467e-05,4.04183016e-05,0.0001003989682,0.0001494208281,0.0004207186868,0.0001302482544,0.0009863146855,0.001545766122,0.0006418574425,0.001514358724,0.001631909439,0.002423869094,0.001414165256,0.002125632611,0.006228833804,0.003310782983,0.006876707678,0.01100723147,0.01338355676,0.008156165217,0.03190150195,0,0.04369751972
A:169,2.673527112e-05,1.585353557e-05,7.412440413e-05,0.0002244576988,0.0001163208564,0.0001460864558,0.0001155422227,7.942767601e-05,5.742813122e-05,1.407767483e-05,6.740883803e-06,4.255264966e-06,4.354347351e-06,5.479758242e-06,5.759985545e-06,8.364451006e-06,3.158050754e-06,2.897349012e-06,8.736543572e-06,7.739140621e-06,4.738232615e-06,4.531611317e-06,3.029204432e-05,1.70686046e-05,3.723590286e-06,3.278698528e-06,2.119613885e-06,3.755420271e-06,9.512889764e-07,4.356854457e-07,1.753251548e-07,3.290539311e-07,6.164802441e-07,1.682384659e-06,1.202381931e-06,4.333968069e-06,1.655201347e-05,2.807373099e-05,3.890929564e-05,2.469799279e-05,2.034767546e-05,1.42443835e-05,1.917227915e-05,1.794350761e-05,9.636182724e-06,7.030454163e-05,2.08963239e-06,3.815259933e-06,6.937960205e-06,1.314910234e-05,5.569813047e-06,5.612674921e-06,2.676118677e-05,2.752780406e-05,5.991489554e-05,3.114545135e-05,1.745131298e-05,2.917144972e-05,2.428112441e-06,3.215724633e-06,1.200073548e-06,1.237801804e-06,8.40690835e-07,1.324250779e-06,1.845651002e-06,5.663798831e-06,3.076145797e-06,2.750906048e-06,1.59732732e-05,1.616833065e-05,1.593784448e-05,1.6667309e-05,3.015294986e-05,4.821983021e-05,0.0001290462917,0.000437639774,0.0007496471947,0.0003072950706,0.0002782978985,8.084783003e-05,2.027137916e-05,6.279970886e-06,2.733959028e-06,1.639777015e-06,6.707583017e-07,8.384888344e-07,1.941891316e-06,2.805514932e-06,3.280042421e-06,1.573135594e-06,2.617211486e-06,4.361262402e-06,3.934552399e-06,2.685810643e-06,2.620806876e-06,7.480214189e-06,4.049609541e-06,2.371145575e-06,5.199053066e-06,1.031139049e-05,3.801349108e-05,1.510261193e-05,2.643933238e-05,2.282665317e-05,8.933277337e-05,0.0001030488704,0.0002612214666,0.0005832437352,0.0005110571819,0.0008263379203,0.0004399756764,0.0002655887815,8.118280544e-05,6.467484405e-05,1.567608757e-05,1.146773406e-05,7.546271756e-06,1.900761723e-05,8.390917713e-06,1.773725819e-06,7.766327537e-07,3.512294416e-07,4.0074092e-07,7.477665893e-07,7.982858315e-07,5.098658061e-07,6.154350701e-07,1.193247728e-06,1.433102334e-06,1.857542717e-06,2.614865174e-06,2.825958919e-06,3.700432277e-06,8.434835553e-06,4.318790785e-06,5.943782292e-06,3.538259479e-06,1.159761744e-05,4.550704375e-05,5.617087289e-05,3.701955038e-05,0.0001930098718,6.073540655e-05,4.897972394e-05,2.999166972e-05,1.448273412e-05,1.240387625e-05,2.311173281e-05,6.661837332e-05,8.038124549e-05,0.0002902414256,0.0001079745682,0.0006975840922,0.001210765924,0.0005920158899,0.00120370557,0.001564742856,0.00236273317,0.001370799954,0.003777127491,0.006172997778,0.003734823902,0.005002608138,0.02213019757,0.01358907041,0.008977444616,0.02762560503,0.04369751972,0
